{
  "dataset": "citeseer",
  "split_type": "random",
  "component_type": "lcc",
  "k": 20,
  "d_effective": 1571,
  "ortho_error": 1.5564860511574352e-10,
  "analysis": {
    "condition_number_U": 3.4329365272675814,
    "singular_values_U_top20": [
      0.5773502691446962,
      0.5773502691446956,
      0.5773502691446956,
      0.5773502691446951,
      0.5773502691446951,
      0.577350269144695,
      0.577350269144695,
      0.577350269144695,
      0.5773502691446949,
      0.5773502691446949,
      0.5773502691446948,
      0.5773502691446948,
      0.5773502691446948,
      0.5773502691446948,
      0.5773502691446948,
      0.5773502691446948,
      0.5773502691446948,
      0.5773502691446948,
      0.5773502691446948,
      0.5773502691446947
    ],
    "singular_values_U_bottom5": [
      0.25135530212544327,
      0.24544508039341162,
      0.2320194216641533,
      0.22123919946672796,
      0.1681797098661284
    ],
    "explained_variance_U_pct_top20": [
      0.08823825512158108,
      0.17647651024316197,
      0.26471476536474287,
      0.3529530204863236,
      0.4411912756079044,
      0.5294295307294851,
      0.6176677858510659,
      0.7059060409726464,
      0.7941442960942272,
      0.882382551215808,
      0.9706208063373887,
      1.0588590614589692,
      1.14709731658055,
      1.2353355717021306,
      1.3235738268237116,
      1.4118120819452917,
      1.5000503370668725,
      1.5882885921884533,
      1.676526847310034,
      1.7647651024316147
    ],
    "condition_number_X": 548.7443710033822,
    "singular_values_X_top20": [
      11.138671708999865,
      4.781732759053816,
      3.3709102263633017,
      2.952521234614793,
      2.892475791699109,
      2.779075407432353,
      2.6228682443250246,
      2.5880373507005183,
      2.3727300202018737,
      2.309361833598929,
      2.232750334354089,
      2.1953287741512706,
      2.184035532593461,
      2.113013517213804,
      2.02848196343919,
      1.9602710406494583,
      1.9176325154352054,
      1.8563641364330226,
      1.8110647993875686,
      1.7304539914399002
    ],
    "explained_variance_X_pct_top20": [
      43.303347763771896,
      51.28375889685762,
      55.24972536261139,
      58.29229638013308,
      61.21237221440518,
      63.90797146319436,
      66.3090569051182,
      68.64679440851476,
      70.61174355255454,
      72.47313893646073,
      74.21308181422391,
      75.89518953404291,
      77.56003552238188,
      79.11836474583563,
      80.55450536386567,
      81.8956848825532,
      83.17915403329248,
      84.381919647727,
      85.52670125598816,
      86.571841999269
    ],
    "intra_class_mean_dist": 1.4144153200465535,
    "inter_class_centroid_dist": 0.39063107480734793,
    "spectral_separability": 0.276178481151131,
    "variance_analysis": {
      "U_variance_mean": 0.00010848521103717702,
      "U_variance_std": 0.00012961108427502735,
      "U_variance_max": 0.0012916771684342678,
      "U_variance_min": 2.2847266755177245e-13,
      "U_variance_ratio": 1051449659.8515748,
      "X_variance_mean": 0.0005676499694183234,
      "X_variance_std": 0.002354904261970036,
      "X_variance_max": 0.09068137575938913,
      "X_variance_min": 0.0,
      "X_variance_ratio": 90681375759.38913,
      "variance_ratio_reduction": 86.24414389195763
    },
    "eigenvalue_stats": {
      "min": 0.006075956528077959,
      "max": 1.1184859656356207,
      "mean": 0.40806089037906657,
      "std": 0.25653683777557146,
      "d_effective": 1571
    },
    "span_verification_error": 2.7044504423299203e-15,
    "num_edges": 4739,
    "avg_degree": 4.470754716981132
  }
}