{
  "dataset": "citeseer",
  "split_type": "random",
  "component_type": "lcc",
  "k": 4,
  "d_effective": 2033,
  "ortho_error": 2.2394430754246741e-10,
  "analysis": {
    "condition_number_U": 12.791477896052664,
    "singular_values_U_top20": [
      0.7071067811073736,
      0.7071067811073736,
      0.7071067811073736,
      0.7071067811073735,
      0.7071067811073732,
      0.7071067811073729,
      0.7071067811073729,
      0.7071067811073729,
      0.7071067811073728,
      0.7071067811073728,
      0.7071067811073728,
      0.7071067811073728,
      0.7071067811073728,
      0.7071067811073728,
      0.7071067811073726,
      0.7071067811073726,
      0.7071067811073726,
      0.7071067811073726,
      0.7071067811073726,
      0.7071067811073726
    ],
    "singular_values_U_bottom5": [
      0.11624708155345244,
      0.10969578471701276,
      0.0934412951750449,
      0.06393648747540462,
      0.05527952179205035
    ],
    "explained_variance_U_pct_top20": [
      0.1343878173449291,
      0.2687756346898582,
      0.4031634520347873,
      0.5375512693797163,
      0.6719390867246454,
      0.8063269040695742,
      0.940714721414503,
      1.075102538759432,
      1.2094903561043608,
      1.3438781734492895,
      1.4782659907942184,
      1.6126538081391473,
      1.747041625484076,
      1.8814294428290048,
      2.0158172601739337,
      2.150205077518862,
      2.284592894863791,
      2.4189807122087195,
      2.553368529553648,
      2.687756346898577
    ],
    "condition_number_X": Infinity,
    "singular_values_X_top20": [
      42.74011665027129,
      19.099914446718298,
      14.67529976664579,
      13.903689413469612,
      13.094884465739318,
      11.575866321548231,
      10.23093981895752,
      9.321712658960937,
      9.020636655228323,
      8.810504345795785,
      8.664977103215865,
      8.500772523598565,
      8.434009755053179,
      8.170013259441745,
      7.975219022704437,
      7.884422290452789,
      7.798484204562217,
      7.55532095899998,
      7.496980131569829,
      7.473432592538467
    ],
    "explained_variance_X_pct_top20": [
      23.47174801305607,
      28.159200424197444,
      30.926447837134486,
      33.41034804183513,
      35.613666992784154,
      37.33546037216395,
      38.6804071160393,
      39.79692440187496,
      40.84248307264105,
      41.839897319360844,
      42.804634167333894,
      43.73315321525149,
      44.64714486020796,
      45.504813539240814,
      46.322071699210824,
      47.12082705266744,
      47.9022648638202,
      48.63573065737252,
      49.35791280346179,
      50.07556541760616
    ],
    "intra_class_mean_dist": 1.4141099854426984,
    "inter_class_centroid_dist": 0.10692659077007685,
    "spectral_separability": 0.07561405539230573,
    "variance_analysis": {
      "U_variance_mean": 0.00014375890702880456,
      "U_variance_std": 4.786727653856509e-05,
      "U_variance_max": 0.0003327563385853789,
      "U_variance_min": 7.662408313519285e-10,
      "U_variance_ratio": 433705.20048970863,
      "X_variance_mean": 0.001292551950263552,
      "X_variance_std": 0.0035290234253491488,
      "X_variance_max": 0.1066976102473555,
      "X_variance_min": 0.0,
      "X_variance_ratio": 106697610247.3555,
      "variance_ratio_reduction": 246014.13616179896
    },
    "eigenvalue_stats": {
      "min": 0.0011949406827869735,
      "max": 1.501759971500286,
      "mean": 0.6848053668575399,
      "std": 0.4081330584545305,
      "d_effective": 2033
    },
    "span_verification_error": 3.361226179133281e-15,
    "num_edges": 3679,
    "avg_degree": 3.470754716981132
  }
}