{
  "dataset": "citeseer",
  "split_type": "random",
  "component_type": "lcc",
  "k": 20,
  "d_effective": 1246,
  "ortho_error": 1.9887091973203042e-10,
  "analysis": {
    "condition_number_U": 29317458653.811256,
    "singular_values_U_top20": [
      0.7071067811150378,
      0.7071067811104325,
      0.7071067811093564,
      0.7071067811067397,
      0.7071067811035721,
      0.7071067810996672,
      0.7071067810962802,
      0.7071067810940008,
      0.7071067810884943,
      0.7071067810869845,
      0.7071067810828829,
      0.7071067810724951,
      0.7071067810653708,
      0.7071067810630515,
      0.7071067810560961,
      0.707106781042006,
      0.7071067810399633,
      0.707106781016863,
      0.7071067809959349,
      0.7071067809781569
    ],
    "singular_values_U_bottom5": [
      2.693314089882344e-07,
      2.5763069017517856e-07,
      1.7348468935034413e-07,
      3.169868970172811e-11,
      2.4118965748864942e-11
    ],
    "explained_variance_U_pct_top20": [
      0.2083445206382492,
      0.41668904127378453,
      0.6250335619086859,
      0.8333780825420452,
      1.0417226031735376,
      1.250067123802729,
      1.4584116444299247,
      1.6667561650557772,
      1.875100685678385,
      2.083445206300103,
      2.291789726919404,
      2.5001342475325834,
      2.7084787681415645,
      2.9168232887491787,
      3.125167809352694,
      3.333512329947906,
      3.541856850541915,
      3.7502013711223117,
      3.9585458916903744,
      4.1668904122479615
    ],
    "condition_number_X": Infinity,
    "singular_values_X_top20": [
      42.30225624291917,
      17.4182543787794,
      12.685297071969252,
      11.390790378591012,
      11.146972436792149,
      8.781444284325977,
      7.814446487235958,
      7.616772063350176,
      6.960847488408535,
      6.879969296951623,
      6.387295533238922,
      6.181796054076787,
      6.071939310456497,
      5.922338801864017,
      5.799380883687599,
      5.75399664379015,
      5.519904721109919,
      5.4618767005430815,
      5.231988327426754,
      5.190381596989296
    ],
    "explained_variance_X_pct_top20": [
      46.25732938630149,
      54.0999778711544,
      58.25960859102327,
      61.61359433173125,
      64.82553376210575,
      66.81889217233513,
      68.39741161481479,
      69.89708060363947,
      71.14958058892321,
      72.37314403133551,
      73.42774341779636,
      74.41557484401888,
      75.36860871677102,
      76.27525939277837,
      77.14465363125058,
      78.00049386840409,
      78.78811372276557,
      79.55926090538651,
      80.26685960355724,
      80.96324887079933
    ],
    "intra_class_mean_dist": 1.41304833716504,
    "inter_class_centroid_dist": 0.1166612608502426,
    "spectral_separability": 0.08255999301785874,
    "variance_analysis": {
      "U_variance_mean": 0.00015127906185100827,
      "U_variance_std": 5.009130210871401e-05,
      "U_variance_max": 0.00030982101505881135,
      "U_variance_min": 1.4804700913547864e-05,
      "U_variance_ratio": 20.927203861855027,
      "X_variance_mean": 0.0004720123715730308,
      "X_variance_std": 0.002013537451778849,
      "X_variance_max": 0.0814034493178113,
      "X_variance_min": 0.0,
      "X_variance_ratio": 81403449317.8113,
      "variance_ratio_reduction": 3889838788.553363
    },
    "eigenvalue_stats": {
      "min": 0.011209718143137138,
      "max": 1.493742696246871,
      "mean": 0.48959431933379965,
      "std": 0.365937910370724,
      "d_effective": 1246
    },
    "span_verification_error": 0.015612800073653288,
    "num_edges": 3679,
    "avg_degree": 3.470754716981132
  }
}