{
  "dataset": "citeseer",
  "split_type": "random",
  "component_type": "lcc",
  "k": 1,
  "d_effective": 2023,
  "ortho_error": 1.7845069866240237e-10,
  "analysis": {
    "condition_number_U": 5.541751759350738,
    "singular_values_U_top20": [
      0.5773502691381135,
      0.5773502691381133,
      0.577350269138113,
      0.577350269138113,
      0.5773502691381129,
      0.5773502691381129,
      0.5773502691381128,
      0.5773502691381128,
      0.5773502691381128,
      0.5773502691381128,
      0.5773502691381127,
      0.5773502691381127,
      0.5773502691381127,
      0.5773502691381127,
      0.5773502691381126,
      0.5773502691381126,
      0.5773502691381126,
      0.5773502691381124,
      0.5773502691381124,
      0.5773502691381124
    ],
    "singular_values_U_bottom5": [
      0.18584202364435856,
      0.17811294383548748,
      0.17214925233011696,
      0.14199706481112584,
      0.104181907492326
    ],
    "explained_variance_U_pct_top20": [
      0.07293959024133774,
      0.14587918048267542,
      0.21881877072401304,
      0.2917583609653507,
      0.3646979512066883,
      0.4376375414480259,
      0.5105771316893635,
      0.583516721930701,
      0.6564563121720386,
      0.7293959024133762,
      0.8023354926547137,
      0.8752750828960513,
      0.9482146731373888,
      1.0211542633787265,
      1.094093853620064,
      1.1670334438614016,
      1.239973034102739,
      1.3129126243440765,
      1.385852214585414,
      1.4587918048267514
    ],
    "condition_number_X": 7.640260971044341,
    "singular_values_X_top20": [
      11.694116428239468,
      6.5114868446417375,
      6.042168312690126,
      5.556786667103518,
      5.354982079112505,
      5.234921647416266,
      5.166936923241481,
      5.0068488771430655,
      4.9063063028615925,
      4.885190909675737,
      4.819048014558394,
      4.682047533357049,
      4.659873950362996,
      4.600753301227694,
      4.550947767879216,
      4.449852546822403,
      4.346512634825737,
      4.312354099622679,
      4.209094872932981,
      4.175914087136046
    ],
    "explained_variance_X_pct_top20": [
      11.565589687059774,
      15.151449349719329,
      18.239031999704196,
      20.85047410283174,
      23.275682132364903,
      25.593361345246667,
      27.851233114668332,
      29.971360326767115,
      32.00719388894257,
      34.02554182325551,
      35.98960503347326,
      37.843583095317854,
      39.680042329414164,
      41.47019819872074,
      43.22180513384673,
      44.89645567540616,
      46.49422782476624,
      48.06698539222444,
      49.56532542647398,
      51.04013539437149
    ],
    "intra_class_mean_dist": 1.414194199352391,
    "inter_class_centroid_dist": 0.3918511681092707,
    "spectral_separability": 0.2770844119490188,
    "variance_analysis": {
      "U_variance_mean": 0.00010193920508187921,
      "U_variance_std": 7.51211642659539e-05,
      "U_variance_max": 0.0007652443834656473,
      "U_variance_min": 1.659121619154779e-29,
      "U_variance_ratio": 765244383.4656472,
      "X_variance_mean": 0.0035536860502081756,
      "X_variance_std": 0.00848844900081599,
      "X_variance_max": 0.14218298121394268,
      "X_variance_min": 0.0,
      "X_variance_ratio": 142182981213.9427,
      "variance_ratio_reduction": 185.80075108819855
    },
    "eigenvalue_stats": {
      "min": 0.0020040395965511843,
      "max": 1.373921645250617,
      "mean": 0.5343378089383347,
      "std": 0.33059854540693806,
      "d_effective": 2023
    },
    "span_verification_error": 2.5199721188453145e-15,
    "num_edges": 4739,
    "avg_degree": 4.470754716981132
  }
}