{
  "dataset": "citeseer",
  "split_type": "random",
  "component_type": "lcc",
  "k": 10,
  "d_effective": 1782,
  "ortho_error": 2.182025671260135e-10,
  "analysis": {
    "condition_number_U": 55.317911210678844,
    "singular_values_U_top20": [
      0.707106781109403,
      0.7071067811094023,
      0.7071067811094022,
      0.7071067811094022,
      0.7071067811094022,
      0.7071067811094022,
      0.7071067811094022,
      0.7071067811094022,
      0.7071067811094021,
      0.7071067811094021,
      0.7071067811094021,
      0.7071067811094021,
      0.7071067811094021,
      0.7071067811094021,
      0.7071067811094021,
      0.7071067811094021,
      0.7071067811094021,
      0.7071067811094021,
      0.7071067811094021,
      0.7071067811094021
    ],
    "singular_values_U_bottom5": [
      0.023025910515669025,
      0.020816966884538934,
      0.012782600890629789,
      9.275505491470291e-16,
      3.379346615063931e-16
    ],
    "explained_variance_U_pct_top20": [
      0.1530755412491084,
      0.30615108249821654,
      0.4592266237473246,
      0.6123021649964326,
      0.7653777062455408,
      0.9184532474946489,
      1.071528788743757,
      1.224604329992865,
      1.377679871241973,
      1.530755412491081,
      1.683830953740189,
      1.836906494989297,
      1.989982036238405,
      2.143057577487513,
      2.296133118736621,
      2.4492086599857297,
      2.6022842012348377,
      2.7553597424839458,
      2.9084352837330534,
      3.061510824982162
    ],
    "condition_number_X": Infinity,
    "singular_values_X_top20": [
      42.438513051321834,
      18.267368904335633,
      13.627994452492755,
      12.446805876819724,
      12.113902406965384,
      10.051168743511353,
      8.846960942341665,
      8.479393932139178,
      7.85745788653634,
      7.7291214067940945,
      7.406600342057077,
      7.3037994266198325,
      7.119714915852407,
      6.985483389279034,
      6.788554737392051,
      6.631722192408798,
      6.553808711141771,
      6.471295175570553,
      6.3353146421028,
      6.1442337931883575
    ],
    "explained_variance_X_pct_top20": [
      35.09105525589569,
      41.59277296629845,
      45.211368202269746,
      48.229873506613814,
      51.08907164210503,
      53.05745298166339,
      54.58243362349782,
      55.9833291062267,
      57.186258770982555,
      58.350214250353375,
      59.41905728802305,
      60.45843592797099,
      61.446081950845965,
      62.396837873383426,
      63.29474363676321,
      64.15164091010746,
      64.98852176638955,
      65.8044623417759,
      66.58647266951394,
      67.32202161310417
    ],
    "intra_class_mean_dist": 1.413774612407052,
    "inter_class_centroid_dist": 0.10950478854689225,
    "spectral_separability": 0.07745561957747461,
    "variance_analysis": {
      "U_variance_mean": 0.00014397943535736916,
      "U_variance_std": 4.889027688195298e-05,
      "U_variance_max": 0.0003158819674773749,
      "U_variance_min": 2.621696036882732e-06,
      "U_variance_ratio": 120.48759373545582,
      "X_variance_mean": 0.0007368792372179038,
      "X_variance_std": 0.0025511561478076456,
      "X_variance_max": 0.09341905412608721,
      "X_variance_min": 0.0,
      "X_variance_ratio": 93419054126.08722,
      "variance_ratio_reduction": 775341686.474365
    },
    "eigenvalue_stats": {
      "min": 0.006443754919456717,
      "max": 1.4987734099040801,
      "mean": 0.6429668954043353,
      "std": 0.4139043359152292,
      "d_effective": 1782
    },
    "span_verification_error": 0.002570267146711629,
    "num_edges": 3679,
    "avg_degree": 3.470754716981132
  }
}