k,sgc_mlp,restr_std,restr_rn,part_a,part_b,rem_gap,n_runs,fisher_score,mean_fisher_score,fisher_score_X_diffused,log_magnitude,dual_stream,spec_alpha-1.0,spec_alpha-0.5,spec_alpha0.0,spec_alpha0.5,spec_alpha1.0,best_spectral_alpha,part_b6,part_b5_logmag,part_b5_dual,best_nested_spheres_key,part_b6_nested
1,73.0566,58.544,74.0912,14.5126,15.5472,-1.0346,75,0.03597234981898086,0.041431840520304825,0.023819073074134053,,,,,,,,,,,,,
2,73.8365,58.6509,73.8522,15.1855,15.2013,-0.0157,75,0.03898260214086384,0.044786721274309514,0.0348859048107341,,,,,,,,,,,,,
4,73.9308,58.0283,73.8994,15.9025,15.8711,0.0314,75,0.03857665846371603,0.04501713061245528,0.04368040716431686,,,,,,,,,,,,,
6,74.2327,57.6509,73.8396,16.5818,16.1887,0.3931,75,0.038407445296919605,0.044772458698561175,0.045745961465500584,,,,,,,,,,,,,
8,74.0629,57.8899,73.7547,16.173,15.8648,0.3082,75,0.03861945583020209,0.044896278271792815,0.045775152729296165,,,,,,,,,,,,,
10,74.4403,57.8774,73.6918,16.5629,15.8145,0.7484,75,0.03325630948632887,0.03866923061704406,0.0449378005071267,72.7453,72.3805,25.2358,34.5094,72.956,74.3868,75.0597,1.0,1.367924690246582,-0.9465403556823873,-1.3113206227620537,nested_spheres_a1.0_b1.0,1.5408807595570835
12,74.4182,56.9025,73.4528,17.5157,16.5503,0.9654,75,0.03219964932633739,0.03740737314006366,0.043635937171383324,,,,,,,,,,,,,
20,73.8491,56.5755,71.0566,17.2736,14.4811,2.7925,75,0.029938813028788383,0.034772014438944295,0.036767087533509,,,,,,,,,,,,,
30,73.9623,56.9151,69.0818,17.0472,12.1667,4.8805,75,0.02934848985214178,0.033499949049781486,0.02865787216679997,,,,,,,,,,,,,
