k,sgc_mlp,restr_std,restr_rn,part_a,part_b,rem_gap,n_runs,fisher_score,mean_fisher_score,fisher_score_X_diffused,log_magnitude,dual_stream,spec_alpha-1.0,spec_alpha-0.5,spec_alpha0.0,spec_alpha0.5,spec_alpha1.0,best_spectral_alpha,part_b6,part_b5_logmag,part_b5_dual,best_nested_spheres_key,part_b6_nested
1,73.0566,58.4434,64.6321,14.6132,6.1887,8.4245,75,0.002259114618813534,0.002473233976577143,0.023819073074134053,,,,,,,,,,,,,
2,73.8365,58.8711,64.5157,14.9654,5.6447,9.3208,75,0.0022587061406669495,0.002225363192015036,0.0348859048107341,,,,,,,,,,,,,
4,73.9308,58.3302,65.4182,15.6006,7.0881,8.5126,75,0.002262084320689782,0.002215463809430789,0.04368040716431686,,,,,,,,,,,,,
6,74.2327,57.6509,65.6258,16.5818,7.9748,8.6069,75,0.0022724198857092116,0.0022249374003173194,0.045745961465500584,,,,,,,,,,,,,
8,74.0629,58.0472,65.0597,16.0157,7.0126,9.0031,75,0.002248540091449638,0.002229770933483203,0.045775152729296165,,,,,,,,,,,,,
10,74.4403,58.305,63.7107,16.1352,5.4057,10.7296,75,0.0022263286893651245,0.0022050577489956917,0.0449378005071267,37.022,36.0786,74.4057,72.9434,34.5346,25.2327,25.2201,-1.0,10.694969097773225,-26.688679377237953,-27.63207586606344,nested_spheres_a-1.0_b1.0,10.685534715652466
12,74.4182,57.0975,62.7862,17.3208,5.6887,11.6321,75,0.002333993478212229,0.002250676524675237,0.043635937171383324,,,,,,,,,,,,,
20,73.8491,56.4623,58.6447,17.3868,2.1824,15.2044,75,0.0023294631119078917,0.0021727211001096453,0.036767087533509,,,,,,,,,,,,,
30,73.9623,56.8774,57.912,17.0849,1.0346,16.0503,75,0.0024206289039522084,0.00249269465736513,0.02865787216679997,,,,,,,,,,,,,
