{
  "fisher_score": 0.006991880370690766,
  "mean_fisher_score": 0.00858706183718241,
  "std_fisher_score": 0.0013884294318321894,
  "per_split": [
    {
      "split": 0,
      "fisher_score": 0.006991880370690766,
      "fisher_score_U": 0.006991880370690766,
      "between_class_variance": 0.002029794366604177,
      "within_class_variance": 0.2903073649704968,
      "per_feature_U_stats": {
        "mean": 0.0007899009146294522,
        "std": 0.001963245381883337,
        "max": 0.05193432822356338,
        "top5": [
          0.05193432822356338,
          0.023082997272652173,
          0.018819371344950323,
          0.017440219632225428,
          0.015026353155625186
        ]
      },
      "note": "Computed on training set only to prevent data leakage",
      "fisher_score_X_diffused": 0.011537734544630833,
      "between_class_variance_X": 0.004570398747450313,
      "within_class_variance_X": 0.39612618315760967,
      "per_feature_X_stats": {
        "mean": 0.0043760476687907815,
        "std": 0.021183933036395958,
        "max": 0.41146287745950655,
        "top5": [
          0.41146287745950655,
          0.16444654413091114,
          0.09763950942852702,
          0.08767706084190764,
          0.05960814504525213
        ],
        "n_cols_sampled": 500
      }
    },
    {
      "split": 1,
      "fisher_score": 0.009181582706758187,
      "fisher_score_U": 0.009181582706758187,
      "between_class_variance": 0.0026863473176626943,
      "within_class_variance": 0.2925799835888189,
      "per_feature_U_stats": {
        "mean": 0.0008035032808633801,
        "std": 0.0019263813543861134,
        "max": 0.049639494641437014,
        "top5": [
          0.049639494641437014,
          0.019528206165486582,
          0.016036202318634514,
          0.015418611435114494,
          0.013833380666299949
        ]
      },
      "note": "Computed on training set only to prevent data leakage",
      "fisher_score_X_diffused": 0.017344826812577714,
      "between_class_variance_X": 0.006831546008905098,
      "within_class_variance_X": 0.3938664872658837,
      "per_feature_X_stats": {
        "mean": 0.004187516237848496,
        "std": 0.02010462793338635,
        "max": 0.3876227269241018,
        "top5": [
          0.3876227269241018,
          0.1599076678277768,
          0.09294204375199455,
          0.08950808289405554,
          0.062439664825468345
        ],
        "n_cols_sampled": 500
      }
    },
    {
      "split": 2,
      "fisher_score": 0.007648655582781719,
      "fisher_score_U": 0.007648655582781719,
      "between_class_variance": 0.0022471343745170238,
      "within_class_variance": 0.2937946872095618,
      "per_feature_U_stats": {
        "mean": 0.0008054848494356792,
        "std": 0.0021062156588123005,
        "max": 0.057749330345815766,
        "top5": [
          0.057749330345815766,
          0.0218947674586683,
          0.021368698002298507,
          0.017164599779794468,
          0.013316687096455376
        ]
      },
      "note": "Computed on training set only to prevent data leakage",
      "fisher_score_X_diffused": 0.023515411246232205,
      "between_class_variance_X": 0.009124923843988959,
      "within_class_variance_X": 0.38804015581275514,
      "per_feature_X_stats": {
        "mean": 0.004389086678520239,
        "std": 0.0213734800875376,
        "max": 0.41466224228887566,
        "top5": [
          0.41466224228887566,
          0.169752505086012,
          0.08904106673508277,
          0.08722923930411344,
          0.07009171326111245
        ],
        "n_cols_sampled": 500
      }
    },
    {
      "split": 3,
      "fisher_score": 0.010967273474775292,
      "fisher_score_U": 0.010967273474775292,
      "between_class_variance": 0.00320870372991241,
      "within_class_variance": 0.2925707777135696,
      "per_feature_U_stats": {
        "mean": 0.0008074247380877533,
        "std": 0.0019985200807350633,
        "max": 0.05479830489815329,
        "top5": [
          0.05479830489815329,
          0.020389386104154677,
          0.01878114701355629,
          0.01771040865436409,
          0.015607773780725372
        ]
      },
      "note": "Computed on training set only to prevent data leakage",
      "fisher_score_X_diffused": 0.011575842906641149,
      "between_class_variance_X": 0.004531532552889146,
      "within_class_variance_X": 0.39146458615893726,
      "per_feature_X_stats": {
        "mean": 0.004374864801232429,
        "std": 0.021054489883083442,
        "max": 0.40092597143567854,
        "top5": [
          0.40092597143567854,
          0.1800571855546132,
          0.09965484442317145,
          0.08886095892761384,
          0.05934790737507224
        ],
        "n_cols_sampled": 500
      }
    },
    {
      "split": 4,
      "fisher_score": 0.00814591705090608,
      "fisher_score_U": 0.00814591705090608,
      "between_class_variance": 0.0023793815403545552,
      "within_class_variance": 0.2920949876465896,
      "per_feature_U_stats": {
        "mean": 0.0008071575833655767,
        "std": 0.0020155932023816657,
        "max": 0.055082071237874376,
        "top5": [
          0.055082071237874376,
          0.020721624999635854,
          0.01611748985750853,
          0.015440532400987568,
          0.013526169606315098
        ]
      },
      "note": "Computed on training set only to prevent data leakage",
      "fisher_score_X_diffused": 0.015178091863975306,
      "between_class_variance_X": 0.005887660622833315,
      "within_class_variance_X": 0.3879051909553585,
      "per_feature_X_stats": {
        "mean": 0.004174800515422215,
        "std": 0.01984138916747806,
        "max": 0.38319903425303287,
        "top5": [
          0.38319903425303287,
          0.1622755104770788,
          0.08115961725417878,
          0.07901464486110499,
          0.05732612808678636
        ],
        "n_cols_sampled": 500
      }
    }
  ],
  "note": "Fisher score computed on training set only (no leakage)"
}