{
  "fisher_score": 0.012823273444536426,
  "std_fisher_score": 0.0038670999852820505,
  "per_split": [
    {
      "split": 0,
      "fisher_score": 0.013191250476946472,
      "fisher_score_U": 0.013191250476946472,
      "between_class_variance": 0.00016046818893735432,
      "within_class_variance": 0.01216474429151312,
      "per_feature_U_stats": {
        "mean": 0.036087687169246895,
        "std": 0.036718203323383033,
        "max": 0.6819782134115453,
        "top5": [
          0.6819782134115453,
          0.24311282379717822,
          0.2319722682574536,
          0.2263507639723176,
          0.22022804828711112
        ]
      },
      "note": "Computed on training set only to prevent data leakage",
      "fisher_score_X_diffused": 0.026714487581891978,
      "between_class_variance_X": 0.004864696427247231,
      "within_class_variance_X": 0.18209955973644404,
      "per_feature_X_stats": {
        "mean": 0.11215525823351943,
        "std": 0.1610208094594374,
        "max": 2.6188893626962932,
        "top5": [
          2.6188893626962932,
          0.8311944364514785,
          0.8126518132668895,
          0.7486472080609843,
          0.6971613655173986
        ],
        "n_cols_sampled": 500
      }
    },
    {
      "split": 1,
      "fisher_score": 0.013625285808092063,
      "fisher_score_U": 0.013625285808092063,
      "between_class_variance": 0.00016782739389828398,
      "within_class_variance": 0.012317348513791264,
      "per_feature_U_stats": {
        "mean": 0.03573709829256632,
        "std": 0.03491704702844073,
        "max": 0.5457816913308355,
        "top5": [
          0.5457816913308355,
          0.28222298998673545,
          0.24582189969033444,
          0.23907903061644703,
          0.23001995626735255
        ]
      },
      "note": "Computed on training set only to prevent data leakage",
      "fisher_score_X_diffused": 0.03647397860571046,
      "between_class_variance_X": 0.006372702558299237,
      "within_class_variance_X": 0.1747191505261647,
      "per_feature_X_stats": {
        "mean": 0.1094982756190794,
        "std": 0.15979454601189783,
        "max": 2.5203847742490804,
        "top5": [
          2.5203847742490804,
          0.9811524958332029,
          0.856636115422442,
          0.7978025220795033,
          0.7010286886536715
        ],
        "n_cols_sampled": 500
      }
    },
    {
      "split": 2,
      "fisher_score": 0.0072616440632118345,
      "fisher_score_U": 0.0072616440632118345,
      "between_class_variance": 9.026266767143956e-05,
      "within_class_variance": 0.012430059485939093,
      "per_feature_U_stats": {
        "mean": 0.035621000182960896,
        "std": 0.03604616074630202,
        "max": 0.5700176702379796,
        "top5": [
          0.5700176702379796,
          0.29186782144703544,
          0.2735365582880241,
          0.253413908612337,
          0.24501749203048162
        ]
      },
      "note": "Computed on training set only to prevent data leakage",
      "fisher_score_X_diffused": 0.05803423976223862,
      "between_class_variance_X": 0.009869642975337328,
      "within_class_variance_X": 0.1700658613910068,
      "per_feature_X_stats": {
        "mean": 0.11159890432715298,
        "std": 0.19473516369887664,
        "max": 3.5230388993692343,
        "top5": [
          3.5230388993692343,
          0.9906632387171284,
          0.8806058106640852,
          0.7429843850509232,
          0.714857032484019
        ],
        "n_cols_sampled": 500
      }
    },
    {
      "split": 3,
      "fisher_score": 0.019106801125973124,
      "fisher_score_U": 0.019106801125973124,
      "between_class_variance": 0.00026111829872321263,
      "within_class_variance": 0.013666248839961884,
      "per_feature_U_stats": {
        "mean": 0.03613430212885655,
        "std": 0.036204759666363606,
        "max": 0.6406102946421166,
        "top5": [
          0.6406102946421166,
          0.290498063576187,
          0.24601489211927965,
          0.24562564450438087,
          0.24153955955255343
        ]
      },
      "note": "Computed on training set only to prevent data leakage",
      "fisher_score_X_diffused": 0.020510673886783744,
      "between_class_variance_X": 0.003630567798158425,
      "within_class_variance_X": 0.17700870377047034,
      "per_feature_X_stats": {
        "mean": 0.11371121121343555,
        "std": 0.1857985090971116,
        "max": 3.2447609324419933,
        "top5": [
          3.2447609324419933,
          1.1386744281020682,
          0.8127172571468197,
          0.6985727414804428,
          0.6935564601155906
        ],
        "n_cols_sampled": 500
      }
    },
    {
      "split": 4,
      "fisher_score": 0.010931385748458625,
      "fisher_score_U": 0.010931385748458625,
      "between_class_variance": 0.00013133750192926592,
      "within_class_variance": 0.012014716610635126,
      "per_feature_U_stats": {
        "mean": 0.035070117610764596,
        "std": 0.036094872538714566,
        "max": 0.5891203705264005,
        "top5": [
          0.5891203705264005,
          0.3150552945757105,
          0.29183126922125335,
          0.2504283550116135,
          0.2361214689920995
        ]
      },
      "note": "Computed on training set only to prevent data leakage",
      "fisher_score_X_diffused": 0.035096135357111036,
      "between_class_variance_X": 0.005834869411690683,
      "within_class_variance_X": 0.16625390095859788,
      "per_feature_X_stats": {
        "mean": 0.10825947277965668,
        "std": 0.1773989191485267,
        "max": 3.1689352604853327,
        "top5": [
          3.1689352604853327,
          0.8172392647521447,
          0.771653829817575,
          0.6770791688990205,
          0.669687888684603
        ],
        "n_cols_sampled": 500
      }
    }
  ],
  "note": "Fisher score computed on training set only (no leakage)"
}