{
  "fisher_score": 0.004924851376419475,
  "mean_fisher_score": 0.004924851376419475,
  "std_fisher_score": 0.0,
  "per_split": [
    {
      "split": 0,
      "fisher_score": 0.004924851376419475,
      "fisher_score_U": 0.004924851376419475,
      "between_class_variance": 0.0004905679914558867,
      "within_class_variance": 0.09961071999142143,
      "per_feature_U_stats": {
        "mean": 0.0004690710273945811,
        "std": 0.0004850742940805772,
        "max": 0.006792928833844044,
        "top5": [
          0.006792928833844044,
          0.005817575666098417,
          0.005273681358596172,
          0.005170751212761007,
          0.0050554346302402004
        ]
      },
      "note": "Computed on training set only to prevent data leakage",
      "fisher_score_X_diffused": 0.019286488956002375,
      "between_class_variance_X": 0.00852802912535019,
      "within_class_variance_X": 0.4421763414172947,
      "per_feature_X_stats": {
        "mean": 0.00776629974953997,
        "std": 0.024206756308632407,
        "max": 0.4301235969364433,
        "top5": [
          0.4301235969364433,
          0.23620937816721108,
          0.10129025005385114,
          0.09884391398920594,
          0.0830059354837001
        ],
        "n_cols_sampled": 500
      }
    }
  ],
  "note": "Fisher score computed on training set only (no leakage)"
}