{
  "fisher_score": 0.0733203905512601,
  "std_fisher_score": 0.0,
  "per_split": [
    {
      "split": 0,
      "fisher_score": 0.0733203905512601,
      "fisher_score_U": 0.0733203905512601,
      "between_class_variance": 0.0011021960688148242,
      "within_class_variance": 0.01503259953374432,
      "per_feature_U_stats": {
        "mean": 0.10366143606079227,
        "std": 0.07132588582360638,
        "max": 0.6981817208883043,
        "top5": [
          0.6981817208883043,
          0.5669865063844799,
          0.5132260793634673,
          0.5097302696506671,
          0.5068300623173423
        ]
      },
      "note": "Computed on training set only to prevent data leakage",
      "fisher_score_X_diffused": 0.08566107117013748,
      "between_class_variance_X": 0.028545522731446255,
      "within_class_variance_X": 0.33323798478716177,
      "per_feature_X_stats": {
        "mean": 0.050583681222605016,
        "std": 0.0792899217342462,
        "max": 1.2927872646677054,
        "top5": [
          1.2927872646677054,
          0.6081782883381915,
          0.44007321382757864,
          0.28688580717614126,
          0.2586147467397687
        ],
        "n_cols_sampled": 500
      }
    }
  ],
  "note": "Fisher score computed on training set only (no leakage)"
}