{
  "fisher_score": 0.024930530116257527,
  "std_fisher_score": 0.002467301981544316,
  "per_split": [
    {
      "split": 0,
      "fisher_score": 0.023322218193398025,
      "fisher_score_U": 0.023322218193398025,
      "between_class_variance": 0.00036255894849547424,
      "within_class_variance": 0.01554564602255999,
      "per_feature_U_stats": {
        "mean": 0.03802124014585472,
        "std": 0.034223696339157665,
        "max": 0.32635086653498085,
        "top5": [
          0.32635086653498085,
          0.2672430077460477,
          0.2326594766468653,
          0.22034549518284358,
          0.21242559503071914
        ]
      },
      "note": "Computed on training set only to prevent data leakage",
      "fisher_score_X_diffused": 0.056995694590716385,
      "between_class_variance_X": 0.01837817076185359,
      "within_class_variance_X": 0.3224484041088794,
      "per_feature_X_stats": {
        "mean": 0.07577584225875117,
        "std": 0.08050282616111278,
        "max": 0.6491490684812029,
        "top5": [
          0.6491490684812029,
          0.46817169805416664,
          0.46370216124860175,
          0.46209697844986797,
          0.44213042883325426
        ],
        "n_cols_sampled": 500
      }
    },
    {
      "split": 1,
      "fisher_score": 0.02382396345686536,
      "fisher_score_U": 0.02382396345686536,
      "between_class_variance": 0.000373856598568299,
      "within_class_variance": 0.015692460209032286,
      "per_feature_U_stats": {
        "mean": 0.03748506874555659,
        "std": 0.03429933043850022,
        "max": 0.27371804095166624,
        "top5": [
          0.27371804095166624,
          0.26462372635253756,
          0.25788250028037674,
          0.2393910187406769,
          0.23708209643355777
        ]
      },
      "note": "Computed on training set only to prevent data leakage",
      "fisher_score_X_diffused": 0.05923977271027139,
      "between_class_variance_X": 0.018410683294540382,
      "within_class_variance_X": 0.31078247691095906,
      "per_feature_X_stats": {
        "mean": 0.07428951834247123,
        "std": 0.0805720669767317,
        "max": 0.6774307819805779,
        "top5": [
          0.6774307819805779,
          0.4809776248720921,
          0.46452094227852914,
          0.44691043801914315,
          0.41519465007987766
        ],
        "n_cols_sampled": 500
      }
    },
    {
      "split": 2,
      "fisher_score": 0.021996528781544164,
      "fisher_score_U": 0.021996528781544164,
      "between_class_variance": 0.00034482634079289744,
      "within_class_variance": 0.015676398045232413,
      "per_feature_U_stats": {
        "mean": 0.034625046523422624,
        "std": 0.031258271678722575,
        "max": 0.29961059255273803,
        "top5": [
          0.29961059255273803,
          0.22667046343824473,
          0.2210781837356676,
          0.21592654680569948,
          0.2110069732393751
        ]
      },
      "note": "Computed on training set only to prevent data leakage",
      "fisher_score_X_diffused": 0.05225315497253235,
      "between_class_variance_X": 0.017389854644290666,
      "within_class_variance_X": 0.33280008936172184,
      "per_feature_X_stats": {
        "mean": 0.07111819369845349,
        "std": 0.07816571944874608,
        "max": 0.6058911304922335,
        "top5": [
          0.6058911304922335,
          0.4960728696319945,
          0.4820467450482924,
          0.4419342509773454,
          0.43704896638303914
        ],
        "n_cols_sampled": 500
      }
    },
    {
      "split": 3,
      "fisher_score": 0.026739230851925682,
      "fisher_score_U": 0.026739230851925682,
      "between_class_variance": 0.0004166904510299266,
      "within_class_variance": 0.015583486800253933,
      "per_feature_U_stats": {
        "mean": 0.03994136578934261,
        "std": 0.036787470954481746,
        "max": 0.37107622185180067,
        "top5": [
          0.37107622185180067,
          0.30180853111098915,
          0.25967045989551074,
          0.25706990249461903,
          0.23997527414428294
        ]
      },
      "note": "Computed on training set only to prevent data leakage",
      "fisher_score_X_diffused": 0.055411439944685725,
      "between_class_variance_X": 0.018448260002775385,
      "within_class_variance_X": 0.33293233348910073,
      "per_feature_X_stats": {
        "mean": 0.07870781533225436,
        "std": 0.08541567400215941,
        "max": 0.7285292169013597,
        "top5": [
          0.7285292169013597,
          0.5234242154521954,
          0.48034334353107316,
          0.4718654666545465,
          0.4289178225338731
        ],
        "n_cols_sampled": 500
      }
    },
    {
      "split": 4,
      "fisher_score": 0.028770709297554393,
      "fisher_score_U": 0.028770709297554393,
      "between_class_variance": 0.00044051730480945635,
      "within_class_variance": 0.01531131194067926,
      "per_feature_U_stats": {
        "mean": 0.03734769987580807,
        "std": 0.03403625543272287,
        "max": 0.27442522788875695,
        "top5": [
          0.27442522788875695,
          0.2743641666953575,
          0.2612413552757844,
          0.2525307883414792,
          0.22984258201223734
        ]
      },
      "note": "Computed on training set only to prevent data leakage",
      "fisher_score_X_diffused": 0.051450684856600454,
      "between_class_variance_X": 0.016837971599150247,
      "within_class_variance_X": 0.3272642851320599,
      "per_feature_X_stats": {
        "mean": 0.07377715285184872,
        "std": 0.07902487636222544,
        "max": 0.6209254415376824,
        "top5": [
          0.6209254415376824,
          0.4951257879018729,
          0.4612910803658958,
          0.4437497537124098,
          0.42668497934878025
        ],
        "n_cols_sampled": 500
      }
    }
  ],
  "note": "Fisher score computed on training set only (no leakage)"
}