{
  "dataset": "amazon-computers",
  "k": 8,
  "split_type": "fixed",
  "component_type": "lcc",
  "num_seeds": 15,
  "num_splits": 1,
  "total_runs_per_method": 15,
  "metadata": {
    "d_effective": 767,
    "ortho_error": 6.505876948281752e-10,
    "num_components": 0,
    "num_nodes": 13381,
    "num_features": 767,
    "num_classes": 10
  },
  "experiments": {
    "sgc_mlp_baseline": {
      "test_acc_mean": 0.8526407559712728,
      "test_acc_std": 0.007745044369677904,
      "val_acc_mean": 0.8484168807665508,
      "val_acc_std": 0.007640577533747165,
      "per_run_test_acc": [
        0.8643497824668884,
        0.8512705564498901,
        0.8598654866218567,
        0.8355754613876343,
        0.8486546874046326,
        0.8467862606048584,
        0.8520179390907288,
        0.8538864254951477,
        0.8523916006088257,
        0.8441703915596008,
        0.8460388779640198,
        0.8501494526863098,
        0.8591181039810181,
        0.8621076345443726,
        0.8632286787033081
      ],
      "n_runs": 15,
      "train_acc_mean": 0.8462125817934673,
      "train_acc_std": 0.010129886290483435,
      "num_params": 264970,
      "param_to_train_ratio": 32.99340057278047
    },
    "restricted_standard_mlp": {
      "test_acc_mean": 0.8933482845624288,
      "test_acc_std": 0.0026346419006958977,
      "val_acc_mean": 0.8915233373641968,
      "val_acc_std": 0.0016638869684033897,
      "per_run_test_acc": [
        0.8927503824234009,
        0.896487295627594,
        0.8920029997825623,
        0.8908818960189819,
        0.8942451477050781,
        0.8949925303459167,
        0.8927503824234009,
        0.890508234500885,
        0.8949925303459167,
        0.8901345133781433,
        0.8920029997825623,
        0.8998505473136902,
        0.8897608518600464,
        0.8934977650642395,
        0.8953661918640137
      ],
      "n_runs": 15,
      "train_acc_mean": 0.9656580646832784,
      "train_acc_std": 0.007488900491944793,
      "num_params": 264970,
      "param_to_train_ratio": 32.99340057278047
    },
    "restricted_rownorm_mlp": {
      "test_acc_mean": 0.8912556052207947,
      "test_acc_std": 0.003709411151409855,
      "val_acc_mean": 0.8941162109375,
      "val_acc_std": 0.0026824204412065804,
      "per_run_test_acc": [
        0.8961135745048523,
        0.8927503824234009,
        0.8979820609092712,
        0.8867713212966919,
        0.8912556171417236,
        0.8908818960189819,
        0.8938714265823364,
        0.8875187039375305,
        0.890508234500885,
        0.8957399129867554,
        0.8871449828147888,
        0.890508234500885,
        0.8886397480964661,
        0.884902834892273,
        0.8942451477050781
      ],
      "n_runs": 15,
      "train_acc_mean": 0.9862200578053792,
      "train_acc_std": 0.007408345014339545,
      "num_params": 264448,
      "param_to_train_ratio": 32.9284024405429
    }
  },
  "framework_analysis": {
    "sgc_mlp_acc_pct": 85.26407559712727,
    "restricted_std_acc_pct": 89.33482845624287,
    "restricted_rownorm_acc_pct": 89.12556052207947,
    "part_a_pp": -4.070752859115601,
    "part_b_pp": -0.20926793416340672,
    "remaining_gap_pp": -3.861484924952194
  }
}