{
  "fisher_score": 0.004810592440400037,
  "mean_fisher_score": 0.004810592440400037,
  "std_fisher_score": 0.0,
  "per_split": [
    {
      "split": 0,
      "fisher_score": 0.004810592440400037,
      "fisher_score_U": 0.004810592440400037,
      "between_class_variance": 0.00043516947880204804,
      "within_class_variance": 0.09046068320970888,
      "per_feature_U_stats": {
        "mean": 0.0003801978833224144,
        "std": 0.00032004829193634773,
        "max": 0.0033925184886836536,
        "top5": [
          0.0033925184886836536,
          0.003351468961129147,
          0.002980409087952439,
          0.0029315709703319334,
          0.002556401415759144
        ]
      },
      "note": "Computed on training set only to prevent data leakage",
      "fisher_score_X_diffused": 0.018406049191974992,
      "between_class_variance_X": 0.009255033044265159,
      "within_class_variance_X": 0.5028256171509277,
      "per_feature_X_stats": {
        "mean": 0.007582961561093526,
        "std": 0.015388655696261636,
        "max": 0.1948908194645981,
        "top5": [
          0.1948908194645981,
          0.128096551155651,
          0.10312271492157417,
          0.10214550512356267,
          0.10035316047609515
        ],
        "n_cols_sampled": 500
      }
    }
  ],
  "note": "Fisher score computed on training set only (no leakage)"
}