{
  "dataset": "amazon-computers",
  "k": 12,
  "split_type": "fixed",
  "component_type": "lcc",
  "num_seeds": 15,
  "num_splits": 1,
  "total_runs_per_method": 15,
  "metadata": {
    "d_effective": 767,
    "ortho_error": 2.3029578244404547e-09,
    "num_components": 0,
    "num_nodes": 13381,
    "num_features": 767,
    "num_classes": 10
  },
  "experiments": {
    "sgc_mlp_baseline": {
      "test_acc_mean": 0.8330372293790181,
      "test_acc_std": 0.009621428182544195,
      "val_acc_mean": 0.8326591889063517,
      "val_acc_std": 0.008357129978536043,
      "per_run_test_acc": [
        0.8264248371124268,
        0.8282753229141235,
        0.8504810929298401,
        0.825684666633606,
        0.8338267803192139,
        0.8338267803192139,
        0.8386380076408386,
        0.8301258087158203,
        0.8375277519226074,
        0.8419688940048218,
        0.8312360644340515,
        0.8064396381378174,
        0.8304958939552307,
        0.8404884934425354,
        0.840118408203125
      ],
      "n_runs": 15,
      "train_acc_mean": 0.8361676653226217,
      "train_acc_std": 0.008026418694439704,
      "num_params": 264970,
      "param_to_train_ratio": 33.08403046572606
    },
    "restricted_standard_mlp": {
      "test_acc_mean": 0.8985195795694987,
      "test_acc_std": 0.001968596805358159,
      "val_acc_mean": 0.8910861492156983,
      "val_acc_std": 0.00151179031543988,
      "per_run_test_acc": [
        0.8989636898040771,
        0.895632803440094,
        0.8993337750434875,
        0.8974832892417908,
        0.8989636898040771,
        0.9000740051269531,
        0.8985936045646667,
        0.9000740051269531,
        0.8993337750434875,
        0.893782377243042,
        0.8963730335235596,
        0.9022945761680603,
        0.8989636898040771,
        0.8985936045646667,
        0.8993337750434875
      ],
      "n_runs": 15,
      "train_acc_mean": 0.9575977245966594,
      "train_acc_std": 0.005860841021451521,
      "num_params": 264970,
      "param_to_train_ratio": 33.08403046572606
    },
    "restricted_rownorm_mlp": {
      "test_acc_mean": 0.9022698918978374,
      "test_acc_std": 0.0026976180181464814,
      "val_acc_mean": 0.8888639330863952,
      "val_acc_std": 0.0010721998891001176,
      "per_run_test_acc": [
        0.9037749767303467,
        0.9008141756057739,
        0.9063656330108643,
        0.9011842608451843,
        0.9011842608451843,
        0.9015543460845947,
        0.9056254029273987,
        0.9052553176879883,
        0.8963730335235596,
        0.9037749767303467,
        0.9022945761680603,
        0.8993337750434875,
        0.9041450619697571,
        0.8985936045646667,
        0.9037749767303467
      ],
      "n_runs": 15,
      "train_acc_mean": 0.9749698519706727,
      "train_acc_std": 0.005435979661992731,
      "num_params": 264448,
      "param_to_train_ratio": 33.018853789486826
    }
  },
  "framework_analysis": {
    "sgc_mlp_acc_pct": 83.30372293790181,
    "restricted_std_acc_pct": 89.85195795694987,
    "restricted_rownorm_acc_pct": 90.22698918978374,
    "part_a_pp": -6.5482350190480645,
    "part_b_pp": 0.3750312328338623,
    "remaining_gap_pp": -6.923266251881927
  }
}