{
  "dataset": "ogbn-arxiv",
  "split_type": "fixed_splits",
  "dimension": 128,
  "num_random_subspaces": 3,
  "num_seeds_per_subspace": 5,
  "num_data_splits": 1,
  "original_features": {
    "a_X_std": {
      "test_acc_mean": 0.504586148262024,
      "test_acc_std": 0.0
    },
    "b_U_std": {
      "test_acc_mean": 0.5062444865703583,
      "test_acc_std": 0.0
    },
    "c_U_row": {
      "test_acc_mean": 0.5139189004898072,
      "test_acc_std": 0.0
    }
  },
  "random_subspaces": [
    {
      "a_X_std": {
        "test_acc_mean": 0.05862189680337906,
        "test_acc_std": 0.0
      },
      "b_U_std": {
        "test_acc_mean": 0.058630126714706424,
        "test_acc_std": 0.0
      },
      "c_U_row": {
        "test_acc_mean": 0.05862601175904274,
        "test_acc_std": 0.0
      }
    },
    {
      "a_X_std": {
        "test_acc_mean": 0.05865070149302483,
        "test_acc_std": 0.0
      },
      "b_U_std": {
        "test_acc_mean": 0.06023908108472824,
        "test_acc_std": 0.0
      },
      "c_U_row": {
        "test_acc_mean": 0.05864247158169746,
        "test_acc_std": 0.0
      }
    },
    {
      "a_X_std": {
        "test_acc_mean": 0.0586136668920517,
        "test_acc_std": 0.0
      },
      "b_U_std": {
        "test_acc_mean": 0.05861778184771538,
        "test_acc_std": 0.0
      },
      "c_U_row": {
        "test_acc_mean": 0.05996337756514549,
        "test_acc_std": 0.0
      }
    }
  ],
  "aggregated_random": {
    "a_X_std": {
      "mean_across_subspaces": 0.058628755062818526,
      "std_across_subspaces": 1.5878018541662542e-05,
      "min": 0.0586136668920517,
      "max": 0.05865070149302483
    },
    "b_U_std": {
      "mean_across_subspaces": 0.05916232988238335,
      "std_across_subspaces": 0.0007613947564606391,
      "min": 0.05861778184771538,
      "max": 0.06023908108472824
    },
    "c_U_row": {
      "mean_across_subspaces": 0.059077286968628566,
      "std_across_subspaces": 0.0006265967019634717,
      "min": 0.05862601175904274,
      "max": 0.05996337756514549
    }
  },
  "comparisons": {
    "direction_A_original": 1.5159501235145403,
    "direction_A_random": -0.14374503831043967,
    "direction_A_improvement": -1.65969516182498,
    "direction_B_original": 0.32865315745313206,
    "direction_B_random": 0.9100906526040253,
    "baseline_diff": -0.44595739319920547
  }
}