{
  "dataset": "amazon-computers",
  "split_type": "fixed_splits",
  "num_seeds": 5,
  "num_splits": 1,
  "total_runs_per_model": 5,
  "d_raw": 767,
  "d_effective": 767,
  "rank_deficiency": false,
  "orthonormality_error": 4.39029168575189e-09,
  "epochs": 200,
  "hidden_dim": 256,
  "batch_size": 128,
  "learning_rate": 0.01,
  "weight_decay": 0.0005,
  "models": {
    "standard_X_scaled": {
      "name": "(a) Standard MLP on X (scaled)",
      "test_accuracy": {
        "mean": 0.8048709869384766,
        "std": 0.006247189103768128,
        "min": 0.7960742115974426,
        "max": 0.8120683431625366
      },
      "convergence_metrics": {
        "speed_to_90": {
          "mean": 0.6,
          "std": 0.48989794855663565
        },
        "speed_to_95": {
          "mean": 0.8,
          "std": 0.4000000000000001
        },
        "speed_to_99": {
          "mean": 1.6,
          "std": 0.8
        },
        "auc": {
          "mean": 0.9970574512285653,
          "std": 0.01370646056749456
        },
        "convergence_rate": {
          "mean": 0.00437818169593811,
          "std": 0.0011138441934087245
        },
        "final_acc": {
          "mean": 0.8027636170387268,
          "std": 0.009973452954142547
        }
      },
      "checkpoint_accuracies": {
        "10": {
          "mean": 0.8205090641975403,
          "std": 0.01649098109493499
        },
        "20": {
          "mean": 0.8185454249382019,
          "std": 0.00854661923336419
        },
        "40": {
          "mean": 0.815999972820282,
          "std": 0.01900535444797214
        },
        "80": {
          "mean": 0.8063999891281128,
          "std": 0.01785541225354396
        },
        "160": {
          "mean": 0.8057454347610473,
          "std": 0.023881124355711977
        },
        "200": {
          "mean": 0.8027636170387268,
          "std": 0.009973452954142547
        }
      }
    },
    "standard_V_scaled": {
      "name": "(b) Standard MLP on V (scaled)",
      "test_accuracy": {
        "mean": 0.7978190064430237,
        "std": 0.005023203231582623,
        "min": 0.7917121052742004,
        "max": 0.8055253028869629
      },
      "convergence_metrics": {
        "speed_to_90": {
          "mean": 0.0,
          "std": 0.0
        },
        "speed_to_95": {
          "mean": 0.8,
          "std": 0.4
        },
        "speed_to_99": {
          "mean": 2.8,
          "std": 2.638181191654584
        },
        "auc": {
          "mean": 0.9837630163386819,
          "std": 0.008354994219362819
        },
        "convergence_rate": {
          "mean": 0.0018945455551147461,
          "std": 0.0004072722047576567
        },
        "final_acc": {
          "mean": 0.7848726987838746,
          "std": 0.007329225331377155
        }
      },
      "checkpoint_accuracies": {
        "10": {
          "mean": 0.7703272581100464,
          "std": 0.008843454895725715
        },
        "20": {
          "mean": 0.7746181607246398,
          "std": 0.0021253235579090676
        },
        "40": {
          "mean": 0.7746908903121948,
          "std": 0.005282628783109255
        },
        "80": {
          "mean": 0.779418158531189,
          "std": 0.0106380909413746
        },
        "160": {
          "mean": 0.7742545127868652,
          "std": 0.01519704440059575
        },
        "200": {
          "mean": 0.7848726987838746,
          "std": 0.007329225331377155
        }
      }
    },
    "rownorm_V": {
      "name": "(c) RowNorm MLP on V (unscaled)",
      "test_accuracy": {
        "mean": 0.778407883644104,
        "std": 0.008831280157652931,
        "min": 0.7684478759765625,
        "max": 0.7931661605834961
      },
      "convergence_metrics": {
        "speed_to_90": {
          "mean": 0.8,
          "std": 0.4000000000000001
        },
        "speed_to_95": {
          "mean": 1.0,
          "std": 0.0
        },
        "speed_to_99": {
          "mean": 1.8,
          "std": 0.4
        },
        "auc": {
          "mean": 0.9992141163448407,
          "std": 0.008768685586957238
        },
        "convergence_rate": {
          "mean": 0.004596363306045533,
          "std": 0.00020029744196969386
        },
        "final_acc": {
          "mean": 0.7734545230865478,
          "std": 0.007585988717615715
        }
      },
      "checkpoint_accuracies": {
        "10": {
          "mean": 0.7857454299926758,
          "std": 0.005705258094882376
        },
        "20": {
          "mean": 0.7821090698242188,
          "std": 0.005458904809001248
        },
        "40": {
          "mean": 0.7749817967414856,
          "std": 0.008970554032980943
        },
        "80": {
          "mean": 0.77701815366745,
          "std": 0.006134156851468777
        },
        "160": {
          "mean": 0.7800727009773254,
          "std": 0.011926822886908137
        },
        "200": {
          "mean": 0.7734545230865478,
          "std": 0.007585988717615715
        }
      }
    }
  }
}