{
  "dataset": "cora",
  "diffusion_type": "cmg",
  "k": 2,
  "num_seeds": 3,
  "num_splits": 3,
  "avg_diffusion_time": NaN,
  "results": {
    "a_raw_std": {
      "mean": 0.8015142348077561,
      "std": 0.01361021862339174
    },
    "b_restricted_std": {
      "mean": 0.5960712101724411,
      "std": 0.01521119143106829
    },
    "c_restricted_rownorm": {
      "mean": 0.7961939904424878,
      "std": 0.02100367910725426
    }
  }
}