{
  "dataset": "amazon-photo",
  "k": 1,
  "split_type": "fixed",
  "component_type": "lcc",
  "num_seeds": 15,
  "num_splits": 1,
  "total_runs_per_method": 15,
  "metadata": {
    "d_effective": 745,
    "ortho_error": 1.923742276588314e-10,
    "num_components": 0,
    "num_nodes": 7487,
    "num_features": 745,
    "num_classes": 8
  },
  "experiments": {
    "sgc_mlp_baseline": {
      "test_acc_mean": 0.9492763717969258,
      "test_acc_std": 0.0026993247331845403,
      "val_acc_mean": 0.9570855776468913,
      "val_acc_std": 0.0016409891751451916,
      "per_run_test_acc": [
        0.9505678415298462,
        0.9452238082885742,
        0.951235830783844,
        0.9519038200378418,
        0.9472278356552124,
        0.9465598464012146,
        0.9492318630218506,
        0.9432198405265808,
        0.95390784740448,
        0.9505678415298462,
        0.951235830783844,
        0.9505678415298462,
        0.9492318630218506,
        0.9478958249092102,
        0.9505678415298462
      ],
      "n_runs": 15,
      "train_acc_mean": 0.9875537514686584,
      "train_acc_std": 0.006807503335561295,
      "num_params": 258824,
      "param_to_train_ratio": 57.59323542501112
    },
    "restricted_standard_mlp": {
      "test_acc_mean": 0.891293736298879,
      "test_acc_std": 0.0053075326523886,
      "val_acc_mean": 0.8973262270291646,
      "val_acc_std": 0.0021390385926389035,
      "per_run_test_acc": [
        0.8904476165771484,
        0.8891115784645081,
        0.899799644947052,
        0.8797595500946045,
        0.8897795677185059,
        0.8931196331977844,
        0.8957916498184204,
        0.8984636068344116,
        0.8957916498184204,
        0.8977956175804138,
        0.8864395618438721,
        0.8904476165771484,
        0.8891115784645081,
        0.8877755999565125,
        0.8857715725898743
      ],
      "n_runs": 15,
      "train_acc_mean": 1.0,
      "train_acc_std": 0.0,
      "num_params": 258824,
      "param_to_train_ratio": 57.59323542501112
    },
    "restricted_rownorm_mlp": {
      "test_acc_mean": 0.8989089647928874,
      "test_acc_std": 0.0062837967406093485,
      "val_acc_mean": 0.9032977024714152,
      "val_acc_std": 0.0035004195276978002,
      "per_run_test_acc": [
        0.8904476165771484,
        0.8991316556930542,
        0.8964596390724182,
        0.9091516733169556,
        0.9038076400756836,
        0.8931196331977844,
        0.8951236009597778,
        0.89445561170578,
        0.897127628326416,
        0.9044756293296814,
        0.9104876518249512,
        0.8984636068344116,
        0.8977956175804138,
        0.905143678188324,
        0.8884435892105103
      ],
      "n_runs": 15,
      "train_acc_mean": 0.9997329711914062,
      "train_acc_std": 0.0006091337644132776,
      "num_params": 258304,
      "param_to_train_ratio": 57.477525589675125
    }
  },
  "framework_analysis": {
    "sgc_mlp_acc_pct": 94.92763717969258,
    "restricted_std_acc_pct": 89.1293736298879,
    "restricted_rownorm_acc_pct": 89.89089647928874,
    "part_a_pp": 5.7982635498046875,
    "part_b_pp": 0.7615228494008477,
    "remaining_gap_pp": 5.03674070040384
  }
}