{
  "dataset": "amazon-photo",
  "k": 1,
  "split_type": "fixed",
  "component_type": "lcc",
  "num_seeds": 15,
  "num_splits": 1,
  "total_runs_per_method": 15,
  "metadata": {
    "d_effective": 745,
    "ortho_error": 2.2065083093991689e-10,
    "num_components": 0,
    "num_nodes": 7487,
    "num_features": 745,
    "num_classes": 8
  },
  "experiments": {
    "sgc_mlp_baseline": {
      "test_acc_mean": 0.9459893266359966,
      "test_acc_std": 0.002144601798415828,
      "val_acc_mean": 0.9522606134414673,
      "val_acc_std": 0.0018993052034472345,
      "per_run_test_acc": [
        0.9485294222831726,
        0.9425134062767029,
        0.9485294222831726,
        0.9485294222831726,
        0.9471925497055054,
        0.9431818127632141,
        0.9458556175231934,
        0.9471925497055054,
        0.9438502788543701,
        0.9458556175231934,
        0.9445187449455261,
        0.9445187449455261,
        0.9498663544654846,
        0.9445187449455261,
        0.9451872110366821
      ],
      "n_runs": 15,
      "train_acc_mean": 0.9785305778185527,
      "train_acc_std": 0.006950017076097088,
      "num_params": 258824,
      "param_to_train_ratio": 57.68308446623579
    },
    "restricted_standard_mlp": {
      "test_acc_mean": 0.8994652628898621,
      "test_acc_std": 0.0035100480600058167,
      "val_acc_mean": 0.9108599026997884,
      "val_acc_std": 0.0016189608042418767,
      "per_run_test_acc": [
        0.8970588445663452,
        0.903743326663971,
        0.894385039806366,
        0.8990641832351685,
        0.894385039806366,
        0.9070855975151062,
        0.8977273106575012,
        0.8997326493263245,
        0.8977273106575012,
        0.8997326493263245,
        0.9010695219039917,
        0.903743326663971,
        0.9024064540863037,
        0.8983957171440125,
        0.895721971988678
      ],
      "n_runs": 15,
      "train_acc_mean": 0.9999257127443949,
      "train_acc_std": 0.0001050580443881552,
      "num_params": 258824,
      "param_to_train_ratio": 57.68308446623579
    },
    "restricted_rownorm_mlp": {
      "test_acc_mean": 0.9057486812273662,
      "test_acc_std": 0.004149416398746758,
      "val_acc_mean": 0.9218528032302856,
      "val_acc_std": 0.00280903175206464,
      "per_run_test_acc": [
        0.9024064540863037,
        0.8983957171440125,
        0.904411792755127,
        0.905080258846283,
        0.9084224700927734,
        0.9077540040016174,
        0.9084224700927734,
        0.9097594022750854,
        0.9137700796127319,
        0.9010695219039917,
        0.9010695219039917,
        0.9090909361839294,
        0.903743326663971,
        0.9104278087615967,
        0.9024064540863037
      ],
      "n_runs": 15,
      "train_acc_mean": 0.9994057019551595,
      "train_acc_std": 0.0004994402414793956,
      "num_params": 258304,
      "param_to_train_ratio": 57.56719411633608
    }
  },
  "framework_analysis": {
    "sgc_mlp_acc_pct": 94.59893266359965,
    "restricted_std_acc_pct": 89.9465262889862,
    "restricted_rownorm_acc_pct": 90.57486812273662,
    "part_a_pp": 4.652406374613449,
    "part_b_pp": 0.6283418337504116,
    "remaining_gap_pp": 4.024064540863037
  }
}