{
  "dataset": "wikics",
  "split_type": "fixed",
  "component_type": "lcc",
  "k": 4,
  "d_effective": 300,
  "ortho_error": 3.890803235151452e-10,
  "analysis": {
    "condition_number_U": 7.5258359918731115,
    "singular_values_U_top20": [
      0.536967083837765,
      0.5343538051162302,
      0.5318223329013841,
      0.5298641241782508,
      0.5290098267502121,
      0.5254605932978716,
      0.5245011806073742,
      0.5237235931152076,
      0.5225777109675431,
      0.5213508329236427,
      0.5205234486522229,
      0.5192227842730222,
      0.518677720777003,
      0.5179180255017892,
      0.5170393564511789,
      0.516324015623867,
      0.5151545176796902,
      0.5141484147651676,
      0.5136211249999079,
      0.5131203968629388
    ],
    "singular_values_U_bottom5": [
      0.09016192803232982,
      0.08772735027011921,
      0.08673894565130646,
      0.08525898693775653,
      0.07134982537722283
    ],
    "explained_variance_U_pct_top20": [
      0.6233410821591093,
      1.240629651366179,
      1.8520833322861852,
      2.4590424687485406,
      3.064045988293418,
      3.6609585602137056,
      4.25569337538209,
      4.848666076119187,
      5.439046823736886,
      6.026658701205666,
      6.612406977392081,
      7.195231619440367,
      7.776833242378981,
      8.356732396092898,
      8.934665573777568,
      9.511000678886823,
      10.084727889132457,
      10.65621629555752,
      11.226533112387104,
      11.795738469969017
    ],
    "condition_number_X": 14946.001411507155,
    "singular_values_X_top20": [
      49.611064728528156,
      4.915731013474294,
      4.527985530358914,
      3.587404223252719,
      3.2714877920347694,
      2.5079399291959774,
      1.9613904365275123,
      1.6733043168270267,
      1.5377192660679753,
      1.4393260122881397,
      1.2251053162878738,
      1.096987513542708,
      1.0082176389880155,
      0.9394631123776362,
      0.915358525930498,
      0.8275188642836192,
      0.8108688003271952,
      0.7551209793621573,
      0.7014540377889614,
      0.6865709213678258
    ],
    "explained_variance_X_pct_top20": [
      96.04951618909264,
      96.99252186567863,
      97.79262900720192,
      98.29485445684692,
      98.7125200443432,
      98.9579753058924,
      99.10810485937967,
      99.21737159008129,
      99.3096483203733,
      99.39049392896064,
      99.44906523862728,
      99.49602668394681,
      99.535695265236,
      99.57013799394149,
      99.60283594565885,
      99.62955947976705,
      99.65521845260595,
      99.67747056059018,
      99.69667212109498,
      99.71506750675867
    ],
    "intra_class_mean_dist": 1.4001025593395249,
    "inter_class_centroid_dist": 0.32236618997238436,
    "spectral_separability": 0.23024469730592825,
    "variance_analysis": {
      "U_variance_mean": 1.4486565166826902e-05,
      "U_variance_std": 6.2431585370482915e-06,
      "U_variance_max": 4.6871732316709645e-05,
      "U_variance_min": 1.3465708296457014e-06,
      "U_variance_ratio": 34.80819313518696,
      "X_variance_mean": 0.003866022681882691,
      "X_variance_std": 0.024038700227619912,
      "X_variance_max": 0.27625398834528664,
      "X_variance_min": 0.0001444132761759779,
      "X_variance_ratio": 1912.9403732639585,
      "variance_ratio_reduction": 54.95661225029653
    },
    "eigenvalue_stats": {
      "min": 0.09696270913704312,
      "max": 0.8105274582347308,
      "mean": 0.3993249659166078,
      "std": 0.1135569440707923,
      "d_effective": 300
    },
    "span_verification_error": 0.42884996280723187,
    "num_edges": 221209,
    "avg_degree": 39.11404827159402
  }
}