{
  "dataset": "wikics",
  "split_type": "fixed",
  "component_type": "lcc",
  "k": 1,
  "d_effective": 300,
  "ortho_error": 2.914060104330929e-10,
  "analysis": {
    "condition_number_U": 37.662625765855175,
    "singular_values_U_top20": [
      0.22485774372492814,
      0.17421700311698993,
      0.16215266056694042,
      0.15879093736935,
      0.15689302868402624,
      0.15630617478971384,
      0.14988796467225182,
      0.14693308201800415,
      0.13870039376830623,
      0.13314855576762893,
      0.13201028148060875,
      0.12744057327568067,
      0.12703837289365325,
      0.12457286921929864,
      0.12183441796664828,
      0.11830915776160016,
      0.11771446709774086,
      0.11478703190186369,
      0.1126233772194793,
      0.11228622402620836
    ],
    "singular_values_U_bottom5": [
      0.008054840742541439,
      0.007818543004146337,
      0.007329341764611601,
      0.006328850951292251,
      0.005970315110870031
    ],
    "explained_variance_U_pct_top20": [
      4.5885851708809735,
      7.343094056260304,
      9.729318322937438,
      12.017626566053078,
      14.251560852399352,
      16.468814459169913,
      18.507717740948955,
      20.4670237786921,
      22.21292025416263,
      23.82184607086669,
      25.403380367636117,
      26.877316050829126,
      28.341962980551376,
      29.75031115461495,
      31.097421235110755,
      32.36770230302002,
      33.62524512302341,
      34.821018149823715,
      35.97213707169114,
      37.116374251773244
    ],
    "condition_number_X": 2122.0974492516757,
    "singular_values_X_top20": [
      51.66847312111405,
      7.1174101415449424,
      6.268891603404031,
      5.6405555155912035,
      4.775731463457599,
      4.148747106294111,
      3.129130402291202,
      2.685120296243729,
      2.5769446372186096,
      2.360448274389139,
      2.1998336774602354,
      1.939108014982503,
      1.8956101903843903,
      1.7717780936614842,
      1.6903926387087733,
      1.5801929297209805,
      1.5224619275534785,
      1.4710463360264647,
      1.4150577671303242,
      1.3529324865720436
    ],
    "explained_variance_X_pct_top20": [
      91.18898354917087,
      92.91933812215973,
      94.26170936636706,
      95.34847244504198,
      96.12753246343053,
      96.71546168250357,
      97.04991726072461,
      97.29619128895338,
      97.52302170849735,
      97.71333980937125,
      97.87863903240974,
      98.00707750206634,
      98.12981836967576,
      98.23704675712337,
      98.33465046242895,
      98.41994306138065,
      98.499117319268,
      98.5730342328819,
      98.64143161166285,
      98.70395512438614
    ],
    "intra_class_mean_dist": 1.4067279524041632,
    "inter_class_centroid_dist": 0.2896200693259056,
    "spectral_separability": 0.20588207466193553,
    "variance_analysis": {
      "U_variance_mean": 6.531324646947468e-06,
      "U_variance_std": 2.1977448291372804e-06,
      "U_variance_max": 1.1625280402054262e-05,
      "U_variance_min": 1.0669204576689755e-06,
      "U_variance_ratio": 10.896097663508739,
      "X_variance_mean": 0.0065920073855263595,
      "X_variance_std": 0.037554984723167685,
      "X_variance_max": 0.433448142258485,
      "X_variance_min": 0.0004943473459763101,
      "X_variance_ratio": 876.8088772189901,
      "variance_ratio_reduction": 80.46999066054273
    },
    "eigenvalue_stats": {
      "min": 0.12055691862271692,
      "max": 1.039561308176376,
      "mean": 0.6613987339283616,
      "std": 0.17314634650563154,
      "d_effective": 300
    },
    "span_verification_error": 0.3806812408760962,
    "num_edges": 215554,
    "avg_degree": 38.11404827159402
  }
}