{
  "dataset": "wikics",
  "split_type": "fixed",
  "component_type": "lcc",
  "k": 8,
  "d_effective": 300,
  "ortho_error": 4.063908098927982e-10,
  "analysis": {
    "condition_number_U": 7.657609096015604,
    "singular_values_U_top20": [
      0.5554500399421951,
      0.5528869867966562,
      0.5523994382865671,
      0.5520282827648375,
      0.5514089355899445,
      0.5500316959148103,
      0.5490137323779176,
      0.5480623869046704,
      0.5477383830835766,
      0.5469747853155883,
      0.5467522844840889,
      0.5463058223811266,
      0.5459425566959586,
      0.5454422726014969,
      0.54492246221271,
      0.5442426864317274,
      0.54404445612797,
      0.5437110816759948,
      0.5429056317495622,
      0.5428343063197456
    ],
    "singular_values_U_bottom5": [
      0.08928404003188947,
      0.08603461589853778,
      0.08578544414846138,
      0.08372156516907123,
      0.07253570050098353
    ],
    "explained_variance_U_pct_top20": [
      0.5482274019142152,
      1.0914070265089115,
      1.6336290968186309,
      2.1751227771545305,
      2.7154020833133803,
      3.252985876955297,
      3.7885816604336444,
      4.3223228631435,
      4.85543317756173,
      5.3870581182908195,
      5.918250633482646,
      6.448575989976722,
      6.978196301987702,
      7.506846404901458,
      8.034489373285373,
      8.560816722605173,
      9.086760731800926,
      9.612060372422029,
      10.135804815142974,
      10.659411650731396
    ],
    "condition_number_X": 145141.1883456519,
    "singular_values_X_top20": [
      48.85292111800151,
      3.3057175284991502,
      3.0276643952183835,
      2.094756175771761,
      1.9775294439278206,
      1.3451428032010615,
      1.1022382426695274,
      0.8858689439340521,
      0.8269707502996918,
      0.7547597274225541,
      0.6458331382839846,
      0.5689325976376215,
      0.5239033906833958,
      0.4811241002171842,
      0.429754551828193,
      0.3652424929197265,
      0.36302826384732095,
      0.3114768134755996,
      0.2871131165081414,
      0.279382208051642
    ],
    "explained_variance_X_pct_top20": [
      98.50417055516544,
      98.95520013540006,
      99.33354601754067,
      99.51465521378981,
      99.67606113442349,
      99.750742169573,
      99.8008868068574,
      99.8332769224468,
      99.86150321523854,
      99.88501529152518,
      99.90223057565161,
      99.9155902287116,
      99.92691882140792,
      99.9364728770893,
      99.94409567690558,
      99.94960167606718,
      99.95504111896038,
      99.9590454040532,
      99.96244775893683,
      99.96566935462286
    ],
    "intra_class_mean_dist": 1.3872515827997185,
    "inter_class_centroid_dist": 0.37611652103548443,
    "spectral_separability": 0.2711235119129689,
    "variance_analysis": {
      "U_variance_mean": 1.6448549012512636e-05,
      "U_variance_std": 1.0290812961789568e-05,
      "U_variance_max": 0.00010874456714796436,
      "U_variance_min": 5.367551079340787e-07,
      "U_variance_ratio": 202.59586344813377,
      "X_variance_mean": 0.003963395671079433,
      "X_variance_std": 0.027239877109333187,
      "X_variance_max": 0.31267690135703136,
      "X_variance_min": 4.3217927490636095e-05,
      "X_variance_ratio": 7234.888674147771,
      "variance_ratio_reduction": 35.710939754700014
    },
    "eigenvalue_stats": {
      "min": 0.05891303421878228,
      "max": 0.7579617919508449,
      "mean": 0.34144982111863764,
      "std": 0.11224041904063076,
      "d_effective": 300
    },
    "span_verification_error": 0.3970944136746478,
    "num_edges": 221209,
    "avg_degree": 39.11404827159402
  }
}