{
  "dataset": "wikics",
  "split_type": "fixed",
  "component_type": "lcc",
  "k": 20,
  "d_effective": 300,
  "ortho_error": 3.7698200117119995e-10,
  "analysis": {
    "condition_number_U": 7.719151692600012,
    "singular_values_U_top20": [
      0.5669400654268706,
      0.5654124087394853,
      0.5646226869033372,
      0.5638908780892329,
      0.5625226509701465,
      0.5622610172270726,
      0.5620219908309775,
      0.5604980517180718,
      0.5595587746850637,
      0.5592183756372536,
      0.5584873936192134,
      0.558288054726697,
      0.5570286450843006,
      0.5565420508472544,
      0.5559577333957025,
      0.555794156699868,
      0.554357651957195,
      0.5533922036313095,
      0.5532509441462118,
      0.5529336163017394
    ],
    "singular_values_U_bottom5": [
      0.08980470337494073,
      0.08593030933234597,
      0.0850730146697128,
      0.08333346912702486,
      0.07344590286655066
    ],
    "explained_variance_U_pct_top20": [
      0.5045261780446956,
      1.0063370624326826,
      1.5067471489129844,
      2.0058609106044667,
      2.5025555074756047,
      2.998788178607568,
      3.4945990260979602,
      3.987724707672348,
      4.479199023900861,
      4.970075560198378,
      5.459669637192745,
      5.948914278461024,
      6.435954092187876,
      6.922143367054209,
      7.407312270704517,
      7.8921957186583835,
      8.37457594764343,
      8.855277449371318,
      9.335733573663111,
      9.815638706098158
    ],
    "condition_number_X": 15058331.548625823,
    "singular_values_X_top20": [
      48.572067007649565,
      1.164568717969575,
      1.0454971416548302,
      0.6009099325975658,
      0.47591472421919917,
      0.3069787455628029,
      0.25048008644558883,
      0.1909676570634757,
      0.14441114710410868,
      0.1371812980276953,
      0.1256947530468298,
      0.0970626972609822,
      0.09244779569798652,
      0.08568245521160996,
      0.06421575223381665,
      0.053722869337782135,
      0.044326550255932747,
      0.03217297643334793,
      0.030023629995023667,
      0.02708916248754989
    ],
    "explained_variance_X_pct_top20": [
      99.85920681836464,
      99.91661121829449,
      99.9628770784504,
      99.97816096152103,
      99.9877477517435,
      99.99173645341615,
      99.99439204540701,
      99.99593564473535,
      99.99681835134113,
      99.99761488614558,
      99.99828361373221,
      99.9986823811376,
      99.99904413073962,
      99.99935487187372,
      99.99952941312688,
      99.9996515743414,
      99.99973473976574,
      99.99977855220395,
      99.99981670631503,
      99.99984776664732
    ],
    "intra_class_mean_dist": 1.3532226771825124,
    "inter_class_centroid_dist": 0.4927213290375443,
    "spectral_separability": 0.36410957142945494,
    "variance_analysis": {
      "U_variance_mean": 1.773381899591219e-05,
      "U_variance_std": 2.4009895398713772e-05,
      "U_variance_max": 0.00028180336143631535,
      "U_variance_min": 1.1425062877441077e-08,
      "U_variance_ratio": 24663.207655953895,
      "X_variance_mean": 0.004245061330791083,
      "X_variance_std": 0.030697021652251157,
      "X_variance_max": 0.3481194608429324,
      "X_variance_min": 2.4360812040307073e-06,
      "X_variance_ratio": 142901.36033461386,
      "variance_ratio_reduction": 5.794110901065877
    },
    "eigenvalue_stats": {
      "min": 0.04064437381928557,
      "max": 0.7596168224482104,
      "mean": 0.3112032847595806,
      "std": 0.11192500634675627,
      "d_effective": 300
    },
    "span_verification_error": 0.32037921816803194,
    "num_edges": 221209,
    "avg_degree": 39.11404827159402
  }
}