{
  "dataset": "wikics",
  "split_type": "fixed",
  "component_type": "lcc",
  "k": 30,
  "d_effective": 300,
  "ortho_error": 9.19268106081006e-10,
  "analysis": {
    "condition_number_U": 2369987.6340633887,
    "singular_values_U_top20": [
      0.45929343858108596,
      0.4543162595292993,
      0.44518331881554607,
      0.3829962156368945,
      0.323453354241423,
      0.2743349079777356,
      0.22116339949026168,
      0.2034291661233275,
      0.19265572412251047,
      0.18200403968234188,
      0.18109672793417034,
      0.1693335167782909,
      0.1634052487735296,
      0.15675135360490036,
      0.15216544219706385,
      0.13892070464202258,
      0.13603765522193545,
      0.13493535525024689,
      0.12966330937211362,
      0.12857287322169125
    ],
    "singular_values_U_bottom5": [
      0.0001078315835780428,
      8.305265315539917e-05,
      2.1118232013756616e-05,
      3.007456659341629e-07,
      1.9379571099011122e-07
    ],
    "explained_variance_U_pct_top20": [
      12.480811218208778,
      24.69258897617432,
      36.41832458290377,
      45.09695706219417,
      51.28688581441858,
      55.73959650639287,
      58.63353199426553,
      61.08196806867642,
      63.2779368723608,
      65.2377938833211,
      67.17815935968041,
      68.87463718735928,
      70.45440891355376,
      71.90814285870596,
      73.27806030533378,
      74.41987673248936,
      75.51479224120843,
      76.59203564976323,
      77.58674576770956,
      78.56479570655586
    ],
    "condition_number_X": 442067118945.32153,
    "singular_values_X_top20": [
      47.24689488884985,
      0.3923918294902447,
      0.2186782461517579,
      0.16714350414207488,
      0.11263049429111746,
      0.06673682773245351,
      0.05291314613739145,
      0.035752318874284754,
      0.024121664071974275,
      0.018796480485373853,
      0.01653004979313922,
      0.013809801474020571,
      0.012756621333279608,
      0.009791806009089883,
      0.004768032495635012,
      0.004213622577637742,
      0.002904508897753103,
      0.002452654546775234,
      0.0020431809967962665,
      0.0016906919879749343
    ],
    "explained_variance_X_pct_top20": [
      99.98868230285744,
      99.99557904857016,
      99.99772102884027,
      99.99897239183453,
      99.99954061152883,
      99.99974010809285,
      99.99986551789179,
      99.9999227728013,
      99.9999488354669,
      99.99996466096465,
      99.9999769001532,
      99.99998544253882,
      99.99999273166772,
      99.99999702633875,
      99.9999980446551,
      99.99999883992687,
      99.99999921780322,
      99.99999948725254,
      99.99999967424236,
      99.99999980227872
    ],
    "intra_class_mean_dist": 1.3839203592092846,
    "inter_class_centroid_dist": 0.39608142397191914,
    "spectral_separability": 0.28620246919282544,
    "variance_analysis": {
      "U_variance_mean": 1.0019334465323576e-05,
      "U_variance_std": 2.1095684718711072e-05,
      "U_variance_max": 0.0002030278340110245,
      "U_variance_min": 4.451490500820947e-15,
      "U_variance_ratio": 202128062.85925716,
      "X_variance_mean": 0.004645530463667988,
      "X_variance_std": 0.03374725318302069,
      "X_variance_max": 0.3811614854559142,
      "X_variance_min": 1.5332738514280904e-07,
      "X_variance_ratio": 2485915.997229756,
      "variance_ratio_reduction": 0.01229871776370168
    },
    "eigenvalue_stats": {
      "min": 0.060813022173198436,
      "max": 0.86690312555442,
      "mean": 0.4092868050573025,
      "std": 0.1431082105208394,
      "d_effective": 300
    },
    "span_verification_error": 0.327378868444964,
    "num_edges": 215554,
    "avg_degree": 38.11404827159402
  }
}