{
  "dataset": "wikics",
  "split_type": "fixed",
  "component_type": "lcc",
  "k": 6,
  "d_effective": 300,
  "ortho_error": 4.2384917797733124e-10,
  "analysis": {
    "condition_number_U": 7.61567990789276,
    "singular_values_U_top20": [
      0.5487399781517337,
      0.5456467251178188,
      0.5452471517528796,
      0.5448699426319501,
      0.543501949851992,
      0.5429604117625065,
      0.542121372610245,
      0.5413276900028265,
      0.5406620933730198,
      0.5394886120668462,
      0.5390064585866293,
      0.5379894996345804,
      0.5371782066845533,
      0.5366175039560841,
      0.5359091592355816,
      0.5357969860158199,
      0.5348870242556855,
      0.534595126197356,
      0.5339472902822682,
      0.5337809680531772
    ],
    "singular_values_U_bottom5": [
      0.0894707477271183,
      0.0864952074325749,
      0.08607036777934955,
      0.08420458596492367,
      0.07205397085860042
    ],
    "explained_variance_U_pct_top20": [
      0.5746923094953093,
      1.1429237871510585,
      1.7103233454732816,
      2.276938106464107,
      2.8407112650940647,
      3.4033615113275655,
      3.9642741692676404,
      4.523545642189706,
      5.081442641341363,
      5.636920490974023,
      6.1914058974246355,
      6.743800950647698,
      7.294531226761373,
      7.844112406336406,
      8.392243629518472,
      8.940145413780906,
      9.486187738896314,
      10.031634255190365,
      10.575759600674939,
      11.119546013658812
    ],
    "condition_number_X": 51612.99109942235,
    "singular_values_X_top20": [
      49.097207181357405,
      3.992327127052194,
      3.668051766752167,
      2.6894565379426436,
      2.53446715425756,
      1.8067056919470244,
      1.4539043958767175,
      1.2075732417963356,
      1.1145301531592853,
      1.0257409436558924,
      0.8664984808055805,
      0.7739465421309465,
      0.713869032169522,
      0.6596662984797359,
      0.6045042194281987,
      0.5494376328871936,
      0.5293379176465903,
      0.4726251596529575,
      0.43632058697313636,
      0.4289730537109804
    ],
    "explained_variance_X_pct_top20": [
      97.63574807639937,
      98.28132428984733,
      98.82628625603604,
      99.11925705918007,
      99.37943388768042,
      99.51164565371091,
      99.59726402856293,
      99.65632794527095,
      99.70664079610671,
      99.74925659784371,
      99.77966761120786,
      99.80392908668729,
      99.8245701642569,
      99.84219576284039,
      99.8569968615158,
      99.86922420424949,
      99.88057330078092,
      99.88962080834722,
      99.89733173710272,
      99.90478515214953
    ],
    "intra_class_mean_dist": 1.394042575018101,
    "inter_class_centroid_dist": 0.3489366198675341,
    "spectral_separability": 0.2503055689407501,
    "variance_analysis": {
      "U_variance_mean": 1.5765386483531558e-05,
      "U_variance_std": 7.677831082526275e-06,
      "U_variance_max": 5.659967279776835e-05,
      "U_variance_min": 8.008333378256145e-07,
      "U_variance_ratio": 70.67588154554531,
      "X_variance_mean": 0.003900750699587501,
      "X_variance_std": 0.025922601638287815,
      "X_variance_max": 0.29792452683580783,
      "X_variance_min": 7.248797010730117e-05,
      "X_variance_ratio": 4109.985729836493,
      "variance_ratio_reduction": 58.15259236898032
    },
    "eigenvalue_stats": {
      "min": 0.07880566528683958,
      "max": 0.7804401249997861,
      "mean": 0.3621168739733829,
      "std": 0.11247130617380321,
      "d_effective": 300
    },
    "span_verification_error": 0.41484196235536064,
    "num_edges": 221209,
    "avg_degree": 39.11404827159402
  }
}