{
  "dataset": "wikics",
  "split_type": "fixed",
  "component_type": "lcc",
  "k": 12,
  "d_effective": 300,
  "ortho_error": 3.9590009048851016e-10,
  "analysis": {
    "condition_number_U": 7.70369050620673,
    "singular_values_U_top20": [
      0.5626646309355353,
      0.5603241679014338,
      0.5602375791402406,
      0.5594930761055105,
      0.5587383042585133,
      0.5570223259663385,
      0.5563697901086292,
      0.5558594892184042,
      0.5551794065735347,
      0.554704891642873,
      0.5542989812235126,
      0.5538181925716106,
      0.5524371512005993,
      0.5518003051125014,
      0.5512843676821321,
      0.5503423740200629,
      0.5499321344694373,
      0.5495102163393939,
      0.5491950439575989,
      0.5486346632180433
    ],
    "singular_values_U_bottom5": [
      0.08937334684482,
      0.08590778349487314,
      0.08535450210577133,
      0.08340047648715553,
      0.07303832240952647
    ],
    "explained_variance_U_pct_top20": [
      0.5232665786188683,
      1.0421890456252212,
      1.5609511433869996,
      2.078335385233842,
      2.5943246369583552,
      3.1071493778469637,
      3.618773303227983,
      4.129459138808666,
      4.638896111617206,
      5.1474626193449105,
      5.655285102932531,
      6.162227016980343,
      6.6666437888586145,
      7.169898254082067,
      7.6722120658594255,
      8.172810711415995,
      8.672663316577566,
      9.171749223591288,
      9.670262791892887,
      10.167759545197493
    ],
    "condition_number_X": 922957.4871506185,
    "singular_values_X_top20": [
      48.65493549193638,
      2.3133268857770424,
      2.1082196831207773,
      1.349036935892478,
      1.2124005858173692,
      0.7920486630630225,
      0.6557052460392472,
      0.5067881522857822,
      0.45358280194221456,
      0.42725544751419064,
      0.374261410311969,
      0.31829903631451456,
      0.2866065396413113,
      0.2693124737859717,
      0.22907933453007445,
      0.18606018287188575,
      0.17170152017322082,
      0.1455737362387706,
      0.1324860343500671,
      0.12239354080360132
    ],
    "explained_variance_X_pct_top20": [
      99.35056359611285,
      99.57515366250747,
      99.76168347790899,
      99.83806076251173,
      99.89974991560403,
      99.92607806074214,
      99.94412210358242,
      99.9549008794085,
      99.96353523025837,
      99.97119634117968,
      99.97707484266832,
      99.98132678318676,
      99.9847741597462,
      99.9878180533725,
      99.99002041361557,
      99.99147327245441,
      99.99271054339644,
      99.9935999136304,
      99.99433655606744,
      99.9949652416933
    ],
    "intra_class_mean_dist": 1.3738901172633249,
    "inter_class_centroid_dist": 0.42642262459462954,
    "spectral_separability": 0.3103760768321327,
    "variance_analysis": {
      "U_variance_mean": 1.718879258767132e-05,
      "U_variance_std": 1.562223056309923e-05,
      "U_variance_max": 0.0001861155069131939,
      "U_variance_min": 1.4243395819360515e-07,
      "U_variance_ratio": 1306.6701410493329,
      "X_variance_mean": 0.004085465794807712,
      "X_variance_std": 0.028975502484631443,
      "X_variance_max": 0.3312584539378587,
      "X_variance_min": 1.778377199260248e-05,
      "X_variance_ratio": 18627.006433092254,
      "variance_ratio_reduction": 14.255324161715107
    },
    "eigenvalue_stats": {
      "min": 0.04329378600482157,
      "max": 0.7557977450073234,
      "mean": 0.3223266246269684,
      "std": 0.11214059050088782,
      "d_effective": 300
    },
    "span_verification_error": 0.3785630211711705,
    "num_edges": 221209,
    "avg_degree": 39.11404827159402
  }
}