k,sgc_mlp,restr_std,restr_rn,part_a,part_b,rem_gap,n_runs,fisher_score,mean_fisher_score,fisher_score_X_diffused,log_magnitude,dual_stream,spec_alpha-1.0,spec_alpha-0.5,spec_alpha0.0,spec_alpha0.5,spec_alpha1.0,best_spectral_alpha,part_b6,part_b5_logmag,part_b5_dual,best_nested_spheres_key,part_b6_nested
1,77.9116,54.8338,53.0571,23.0777,-1.7768,24.8545,15,0.00507098599964386,0.00507098599964386,0.03084820069883749,,,,,,,,,,,,,
2,79.0024,56.1998,55.1738,22.8027,-1.0259,23.8286,15,0.006703495922741612,0.006703495922741612,0.030846092980317156,,,,,,,,,,,,,
4,78.5904,60.0956,56.9034,18.4948,-3.1923,21.687,15,0.007127104523568184,0.007127104523568184,0.053557584641268884,,,,,,,,,,,,,
6,77.9741,64.9962,60.6741,12.978,-4.3221,17.3,15,0.006574838834941752,0.006574838834941752,0.07743610368843722,,,,,,,,,,,,,
8,77.2977,67.6666,63.6952,9.6311,-3.9714,13.6025,15,0.00597398706801564,0.00597398706801564,0.0990232329879981,,,,,,,,,,,,,
10,76.5563,68.6406,65.2665,7.9157,-3.3741,11.2898,15,0.005547466478740803,0.005547466478740803,0.11772370502560384,66.8107,65.989,66.4365,66.8131,66.5037,65.9749,65.3067,-0.5,1.5465426445007324,1.544181903203338,0.7225052515665737,nested_spheres_a-0.5_b-0.5,1.836962699890151
12,75.9943,69.6535,66.7505,6.3408,-2.903,9.2438,15,0.005284383164804762,0.005284383164804762,0.1336113859632343,,,,,,,,,,,,,
20,73.3499,72.3464,69.3773,1.0035,-2.9691,3.9726,15,0.005060199841161003,0.005060199841161003,0.1745838505038728,,,,,,,,,,,,,
30,70.9273,72.8044,71.023,-1.8771,-1.7815,-0.0956,15,0.005247171940548408,0.005247171940548408,0.1955096388672713,,,,,,,,,,,,,
