{
  "dataset": "cora",
  "split_type": "fixed",
  "component_type": "lcc",
  "num_components": 1,
  "k_diffusion": 2,
  "num_splits": 1,
  "num_seeds": 5,
  "total_runs": 5,
  "precompute_time": 0.08459138870239258,
  "metadata": {
    "d_restricted_std": 1426,
    "ortho_error_std": 3.644318291584625e-09,
    "d_full": 1426,
    "ortho_error": 3.644318291584625e-09
  },
  "results": {
    "sgc_baseline": {
      "val_acc_mean": 0.7677559614181518,
      "val_acc_std": 0.0026143868764845497,
      "test_acc_mean": 0.7718032956123352,
      "test_acc_std": 0.0108719846893764,
      "train_time_mean": 0.2612003803253174,
      "train_time_std": 0.17238434951337653
    },
    "sgc_mlp_baseline": {
      "val_acc_mean": 0.656209135055542,
      "val_acc_std": 0.0016303665733499659,
      "test_acc_mean": 0.65071040391922,
      "test_acc_std": 0.002899792097950166,
      "train_time_mean": 0.37993545532226564,
      "train_time_std": 0.09030824037346805
    },
    "restricted_standard_mlp": {
      "val_acc_mean": 0.34161219000816345,
      "val_acc_std": 0.009284217325774632,
      "test_acc_mean": 0.36306012272834776,
      "test_acc_std": 0.007328110654309975,
      "train_time_mean": 0.4407618522644043,
      "train_time_std": 0.06764691424756822
    },
    "full_rownorm_mlp": {
      "val_acc_mean": 0.6474945306777954,
      "val_acc_std": 0.01061963882567409,
      "test_acc_mean": 0.6629508376121521,
      "test_acc_std": 0.006722877697396558,
      "train_time_mean": 0.36776018142700195,
      "train_time_std": 0.12991058011848036
    },
    "jl_binary_nc": {
      "val_acc_mean": 0.2230936735868454,
      "val_acc_std": 0.011577631779407975,
      "test_acc_mean": 0.1881967306137085,
      "test_acc_std": 0.01718872455547885,
      "train_time_mean": 0.32632007598876955,
      "train_time_std": 0.035536695743425
    },
    "jl_binary_2nc": {
      "val_acc_mean": 0.22265794575214387,
      "val_acc_std": 0.011478814509578033,
      "test_acc_mean": 0.2118032842874527,
      "test_acc_std": 0.00872676420877351,
      "train_time_mean": 0.37532896995544435,
      "train_time_std": 0.03494056241804525
    },
    "jl_binary_4nc": {
      "val_acc_mean": 0.2575163424015045,
      "val_acc_std": 0.0008714556694030762,
      "test_acc_mean": 0.23912569284439086,
      "test_acc_std": 0.009154272364517609,
      "train_time_mean": 0.3545822620391846,
      "train_time_std": 0.08676276226343271
    },
    "jl_ortho_nc": {
      "val_acc_mean": 0.2117646962404251,
      "val_acc_std": 0.015244323648416493,
      "test_acc_mean": 0.2006557434797287,
      "test_acc_std": 0.017549068672752514,
      "train_time_mean": 0.21415600776672364,
      "train_time_std": 0.026444317001011016
    },
    "jl_ortho_2nc": {
      "val_acc_mean": 0.23006535470485687,
      "val_acc_std": 0.016104324093837892,
      "test_acc_mean": 0.23781422078609465,
      "test_acc_std": 0.029958911952688006,
      "train_time_mean": 0.5252275943756104,
      "train_time_std": 0.15774139862006498
    },
    "jl_ortho_4nc": {
      "val_acc_mean": 0.2348583847284317,
      "val_acc_std": 0.0016303506433424707,
      "test_acc_mean": 0.2378142148256302,
      "test_acc_std": 0.008340449672880536,
      "train_time_mean": 0.39185366630554197,
      "train_time_std": 0.12622763309073512
    }
  },
  "improvements": {
    "restricted_standard_mlp": {
      "vs_sgc": -40.87431728839874,
      "vs_sgc_mlp": -28.765028119087223
    },
    "full_rownorm_mlp": {
      "vs_sgc": -10.885245800018307,
      "vs_sgc_mlp": 1.2240433692932151
    },
    "jl_binary_nc": {
      "vs_sgc": -58.360656499862664,
      "vs_sgc_mlp": -46.25136733055115
    },
    "jl_binary_2nc": {
      "vs_sgc": -56.000001132488244,
      "vs_sgc_mlp": -43.89071196317673
    },
    "jl_binary_4nc": {
      "vs_sgc": -53.26776027679443,
      "vs_sgc_mlp": -41.15847110748291
    },
    "jl_ortho_nc": {
      "vs_sgc": -57.11475521326065,
      "vs_sgc_mlp": -45.00546604394913
    },
    "jl_ortho_2nc": {
      "vs_sgc": -53.39890748262406,
      "vs_sgc_mlp": -41.28961831331253
    },
    "jl_ortho_4nc": {
      "vs_sgc": -53.398908078670495,
      "vs_sgc_mlp": -41.28961890935898
    }
  },
  "parameter_counts": {
    "sgc_baseline": 10031,
    "sgc_mlp_baseline": 434176,
    "restricted_standard_mlp": 432384,
    "full_rownorm_mlp": 432384,
    "jl_binary_nc": 69120,
    "jl_ortho_nc": 69120,
    "jl_binary_2nc": 70912,
    "jl_ortho_2nc": 70912,
    "jl_binary_4nc": 74496,
    "jl_ortho_4nc": 74496
  }
}