{
  "dataset": "cora",
  "k": 12,
  "split_type": "fixed",
  "component_type": "lcc",
  "num_seeds": 15,
  "num_splits": 1,
  "total_runs_per_method": 15,
  "metadata": {
    "d_effective": 1427,
    "ortho_error": 1.6703638472392868e-10,
    "num_components": 0,
    "num_nodes": 2485,
    "num_features": 1433,
    "num_classes": 7
  },
  "experiments": {
    "sgc_mlp_baseline": {
      "test_acc_mean": 0.7645173271497091,
      "test_acc_std": 0.012260361079787563,
      "val_acc_mean": 0.7693536321322123,
      "val_acc_std": 0.010787183085344087,
      "per_run_test_acc": [
        0.7726776003837585,
        0.7595628499984741,
        0.77704918384552,
        0.7639344334602356,
        0.7661202549934387,
        0.785792350769043,
        0.7693989276885986,
        0.7551912665367126,
        0.7398907542228699,
        0.7628415822982788,
        0.7661202549934387,
        0.7715847492218018,
        0.77704918384552,
        0.7606557607650757,
        0.7398907542228699
      ],
      "n_runs": 15,
      "train_acc_mean": 0.9814207116762798,
      "train_acc_std": 0.020181621720930094,
      "num_params": 434695,
      "param_to_train_ratio": 3563.0737704918033
    },
    "restricted_standard_mlp": {
      "test_acc_mean": 0.3846994658311208,
      "test_acc_std": 0.0099287301061106,
      "val_acc_mean": 0.39462598562240603,
      "val_acc_std": 0.013637404916442579,
      "per_run_test_acc": [
        0.3890710473060608,
        0.3781420886516571,
        0.37595629692077637,
        0.3825136721134186,
        0.39672133326530457,
        0.37595629692077637,
        0.3890710473060608,
        0.3890710473060608,
        0.3683060109615326,
        0.3814207911491394,
        0.3683060109615326,
        0.38360658288002014,
        0.39344263076782227,
        0.39672133326530457,
        0.4021857976913452
      ],
      "n_runs": 15,
      "train_acc_mean": 0.9999999403953552,
      "train_acc_std": 0.0,
      "num_params": 433159,
      "param_to_train_ratio": 3550.4836065573772
    },
    "restricted_rownorm_mlp": {
      "test_acc_mean": 0.31438981294631957,
      "test_acc_std": 0.020386409545779728,
      "val_acc_mean": 0.33609294493993125,
      "val_acc_std": 0.01625427780963532,
      "per_run_test_acc": [
        0.3081967234611511,
        0.31038251519203186,
        0.29617488384246826,
        0.32459017634391785,
        0.3169398903846741,
        0.28961750864982605,
        0.31366121768951416,
        0.33442625403404236,
        0.30054646730422974,
        0.3267759680747986,
        0.3431694209575653,
        0.298360675573349,
        0.28961750864982605,
        0.3639344274997711,
        0.2994535565376282
      ],
      "n_runs": 15,
      "train_acc_mean": 0.9836064974466959,
      "train_acc_std": 0.05140679596465838,
      "num_params": 432640,
      "param_to_train_ratio": 3546.2295081967213
    }
  },
  "framework_analysis": {
    "sgc_mlp_acc_pct": 76.45173271497092,
    "restricted_std_acc_pct": 38.46994658311208,
    "restricted_rownorm_acc_pct": 31.438981294631958,
    "part_a_pp": 37.98178613185883,
    "part_b_pp": -7.030965288480125,
    "remaining_gap_pp": 45.01275142033896
  }
}