{
  "dataset": "cora",
  "k": 12,
  "split_type": "fixed",
  "component_type": "lcc",
  "num_seeds": 15,
  "num_splits": 1,
  "total_runs_per_method": 15,
  "metadata": {
    "d_effective": 1427,
    "ortho_error": 3.1165220404361094e-09,
    "num_components": 0,
    "num_nodes": 2485,
    "num_features": 1433,
    "num_classes": 7
  },
  "experiments": {
    "sgc_mlp_baseline": {
      "test_acc_mean": 0.7645173271497091,
      "test_acc_std": 0.012260361079787563,
      "val_acc_mean": 0.7693536321322123,
      "val_acc_std": 0.010787183085344087,
      "per_run_test_acc": [
        0.7726776003837585,
        0.7595628499984741,
        0.77704918384552,
        0.7639344334602356,
        0.7661202549934387,
        0.785792350769043,
        0.7693989276885986,
        0.7551912665367126,
        0.7398907542228699,
        0.7628415822982788,
        0.7661202549934387,
        0.7715847492218018,
        0.77704918384552,
        0.7606557607650757,
        0.7398907542228699
      ],
      "n_runs": 15,
      "train_acc_mean": 0.9814207116762798,
      "train_acc_std": 0.020181621720930094,
      "num_params": 434695,
      "param_to_train_ratio": 3563.0737704918033
    },
    "restricted_standard_mlp": {
      "test_acc_mean": 0.38520948886871337,
      "test_acc_std": 0.009983645589937334,
      "val_acc_mean": 0.39055917263031004,
      "val_acc_std": 0.007566606152753306,
      "per_run_test_acc": [
        0.38032788038253784,
        0.3846994638442993,
        0.36939892172813416,
        0.39125683903694153,
        0.3846994638442993,
        0.3781420886516571,
        0.3748634159564972,
        0.40109291672706604,
        0.39672133326530457,
        0.3715847134590149,
        0.37923499941825867,
        0.3814207911491394,
        0.3989071249961853,
        0.3857923746109009,
        0.4000000059604645
      ],
      "n_runs": 15,
      "train_acc_mean": 0.9999999403953552,
      "train_acc_std": 0.0,
      "num_params": 433159,
      "param_to_train_ratio": 3550.4836065573772
    },
    "restricted_rownorm_mlp": {
      "test_acc_mean": 0.5903096755345663,
      "test_acc_std": 0.00941724045610418,
      "val_acc_mean": 0.5972403605779012,
      "val_acc_std": 0.009408356014523155,
      "per_run_test_acc": [
        0.6010929346084595,
        0.605464518070221,
        0.5836066007614136,
        0.587978184223175,
        0.596721351146698,
        0.5978142023086548,
        0.5814207792282104,
        0.5748634338378906,
        0.582513689994812,
        0.5978142023086548,
        0.5901639461517334,
        0.5759562849998474,
        0.5836066007614136,
        0.5934426188468933,
        0.6021857857704163
      ],
      "n_runs": 15,
      "train_acc_mean": 0.9994534929593404,
      "train_acc_std": 0.0020446190854484995,
      "num_params": 432640,
      "param_to_train_ratio": 3546.2295081967213
    }
  },
  "framework_analysis": {
    "sgc_mlp_acc_pct": 76.45173271497092,
    "restricted_std_acc_pct": 38.52094888687134,
    "restricted_rownorm_acc_pct": 59.03096755345663,
    "part_a_pp": 37.93078382809958,
    "part_b_pp": 20.51001866658529,
    "remaining_gap_pp": 17.42076516151429
  }
}