{
  "dataset": "coauthor-cs",
  "split_type": "fixed",
  "component_type": "lcc",
  "num_components": 1,
  "k_diffusion": 8,
  "num_splits": 1,
  "num_seeds": 5,
  "total_runs": 5,
  "precompute_time": 9.110697031021118,
  "metadata": {
    "d_full": 6802,
    "ortho_error": 9.668464695522516e-09
  },
  "results": {
    "sgc_baseline": {
      "val_acc_mean": 0.9061102151870728,
      "val_acc_std": 0.00010910034179687499,
      "test_acc_mean": 0.912431788444519,
      "test_acc_std": 0.00031794040163782126,
      "train_time_mean": 0.25177726745605467,
      "train_time_std": 0.0010828901901254286
    },
    "sgc_mlp_baseline": {
      "val_acc_mean": 0.9145663022994995,
      "val_acc_std": 0.0013951782063436095,
      "test_acc_mean": 0.9215920925140381,
      "test_acc_std": 0.00040803768365631123,
      "train_time_mean": 1.1584874153137208,
      "train_time_std": 0.3280290807377022
    },
    "full_rownorm_mlp": {
      "val_acc_mean": 0.8046372175216675,
      "val_acc_std": 0.004722733710650641,
      "test_acc_mean": 0.8080697536468506,
      "test_acc_std": 0.008881157831006166,
      "train_time_mean": 1.135792350769043,
      "train_time_std": 0.0011569536887306787
    },
    "jl_binary_nc": {
      "val_acc_mean": 0.2512275010347366,
      "val_acc_std": 0.0037520424369181953,
      "test_acc_mean": 0.24432932138442992,
      "test_acc_std": 0.007184975939757487,
      "train_time_mean": 0.49686145782470703,
      "train_time_std": 0.005227136020138557
    },
    "jl_binary_2nc": {
      "val_acc_mean": 0.28663393259048464,
      "val_acc_std": 0.004021586549043073,
      "test_acc_mean": 0.27857142090797427,
      "test_acc_std": 0.0033363261488512405,
      "train_time_mean": 0.425294017791748,
      "train_time_std": 0.09747266059893003
    },
    "jl_binary_4nc": {
      "val_acc_mean": 0.3652482330799103,
      "val_acc_std": 0.005140956524876593,
      "test_acc_mean": 0.35856050848960874,
      "test_acc_std": 0.009809148475267697,
      "train_time_mean": 0.28798732757568357,
      "train_time_std": 0.07877468354027164
    },
    "jl_ortho_nc": {
      "val_acc_mean": 0.2525913864374161,
      "val_acc_std": 0.003309494821409638,
      "test_acc_mean": 0.23794982731342315,
      "test_acc_std": 0.0017016910630426342,
      "train_time_mean": 0.32750520706176756,
      "train_time_std": 0.010576752074279105
    },
    "jl_ortho_2nc": {
      "val_acc_mean": 0.28592472076416015,
      "val_acc_std": 0.0024845197407194278,
      "test_acc_mean": 0.2758996605873108,
      "test_acc_std": 0.004759690683882971,
      "train_time_mean": 0.2356560707092285,
      "train_time_std": 0.01077508229335933
    },
    "jl_ortho_4nc": {
      "val_acc_mean": 0.3646481156349182,
      "val_acc_std": 0.00299508484382319,
      "test_acc_mean": 0.3660850465297699,
      "test_acc_std": 0.005472701988720649,
      "train_time_mean": 0.243294095993042,
      "train_time_std": 0.01657446155039907
    }
  },
  "improvements": {
    "full_rownorm_mlp": {
      "vs_sgc": -10.436203479766837,
      "vs_sgc_mlp": -11.352233886718743
    },
    "jl_binary_nc": {
      "vs_sgc": -66.8102467060089,
      "vs_sgc_mlp": -67.72627711296082
    },
    "jl_binary_2nc": {
      "vs_sgc": -63.38603675365447,
      "vs_sgc_mlp": -64.30206716060638
    },
    "jl_binary_4nc": {
      "vs_sgc": -55.38712799549103,
      "vs_sgc_mlp": -56.30315840244293
    },
    "jl_ortho_nc": {
      "vs_sgc": -67.44819611310959,
      "vs_sgc_mlp": -68.3642265200615
    },
    "jl_ortho_2nc": {
      "vs_sgc": -63.653212785720825,
      "vs_sgc_mlp": -64.56924319267272
    },
    "jl_ortho_4nc": {
      "vs_sgc": -54.63467419147491,
      "vs_sgc_mlp": -55.55070459842681
    }
  },
  "parameter_counts": {
    "sgc_baseline": 102075,
    "sgc_mlp_baseline": 1811456,
    "full_rownorm_mlp": 1810688,
    "jl_binary_nc": 73216,
    "jl_ortho_nc": 73216,
    "jl_binary_2nc": 77056,
    "jl_ortho_2nc": 77056,
    "jl_binary_4nc": 84736,
    "jl_ortho_4nc": 84736
  }
}