{
  "fisher_score": 0.0008804701848306675,
  "mean_fisher_score": 0.0008315746593375699,
  "std_fisher_score": 0.000345470085625463,
  "per_split": [
    {
      "split": 0,
      "fisher_score": 0.0008804701848306675,
      "fisher_score_U": 0.0008804701848306675,
      "between_class_variance": 9.834854706983158e-05,
      "within_class_variance": 0.1117000311472739,
      "per_feature_U_stats": {
        "mean": 0.00036145037387441356,
        "std": 0.00042540225771847565,
        "max": 0.0085328757129719,
        "top5": [
          0.0085328757129719,
          0.003718423243364012,
          0.0030651466974522946,
          0.0029626103901670003,
          0.0028691453835535357
        ]
      },
      "note": "Computed on training set only to prevent data leakage",
      "fisher_score_X_diffused": 0.011266753115277308,
      "between_class_variance_X": 0.004001523916849798,
      "within_class_variance_X": 0.35516211954834415,
      "per_feature_X_stats": {
        "mean": 0.004501331376493906,
        "std": 0.019940990940082066,
        "max": 0.38307129509485965,
        "top5": [
          0.38307129509485965,
          0.1523013708852859,
          0.09499674839006673,
          0.08372666995432032,
          0.0654179703108979
        ],
        "n_cols_sampled": 500
      }
    },
    {
      "split": 1,
      "fisher_score": 0.0007822596113848024,
      "fisher_score_U": 0.0007822596113848024,
      "between_class_variance": 8.702409495152429e-05,
      "within_class_variance": 0.11124707665460201,
      "per_feature_U_stats": {
        "mean": 0.00036497302146120645,
        "std": 0.00043616091043118395,
        "max": 0.008108283436771732,
        "top5": [
          0.008108283436771732,
          0.004188575567350454,
          0.0033013394920842765,
          0.0030299389805054306,
          0.0028481166508348816
        ]
      },
      "note": "Computed on training set only to prevent data leakage",
      "fisher_score_X_diffused": 0.015694347632413598,
      "between_class_variance_X": 0.00548614780229624,
      "within_class_variance_X": 0.34956201626155375,
      "per_feature_X_stats": {
        "mean": 0.004316965154638417,
        "std": 0.018937089043550473,
        "max": 0.36128757087448354,
        "top5": [
          0.36128757087448354,
          0.14919281510441024,
          0.08970244187948499,
          0.08399730335255472,
          0.06721462727449214
        ],
        "n_cols_sampled": 500
      }
    },
    {
      "split": 2,
      "fisher_score": 0.0004354743254588643,
      "fisher_score_U": 0.0004354743254588643,
      "between_class_variance": 4.900635017185618e-05,
      "within_class_variance": 0.1125355670973659,
      "per_feature_U_stats": {
        "mean": 0.00036286652608683473,
        "std": 0.00044981948676355997,
        "max": 0.009305258302845046,
        "top5": [
          0.009305258302845046,
          0.004757863834682696,
          0.003914283993272143,
          0.002927985172266351,
          0.002423535033078213
        ]
      },
      "note": "Computed on training set only to prevent data leakage",
      "fisher_score_X_diffused": 0.02358870288300003,
      "between_class_variance_X": 0.008063903538935966,
      "within_class_variance_X": 0.34185447071561875,
      "per_feature_X_stats": {
        "mean": 0.004507937355083277,
        "std": 0.020162890035410164,
        "max": 0.3876081657814039,
        "top5": [
          0.3876081657814039,
          0.15863820665562087,
          0.08383091988164024,
          0.08261077053086263,
          0.07434394515954443
        ],
        "n_cols_sampled": 500
      }
    },
    {
      "split": 3,
      "fisher_score": 0.0014519812925799873,
      "fisher_score_U": 0.0014519812925799873,
      "between_class_variance": 0.0001671192378020637,
      "within_class_variance": 0.11509737670594497,
      "per_feature_U_stats": {
        "mean": 0.0003676348230943958,
        "std": 0.0004407909048248715,
        "max": 0.009021051152013631,
        "top5": [
          0.009021051152013631,
          0.004575426874523534,
          0.0034310818879005776,
          0.0024426510964487046,
          0.002279553504434886
        ]
      },
      "note": "Computed on training set only to prevent data leakage",
      "fisher_score_X_diffused": 0.009797553485007944,
      "between_class_variance_X": 0.00339864598251455,
      "within_class_variance_X": 0.3468872089052744,
      "per_feature_X_stats": {
        "mean": 0.0044983669573749555,
        "std": 0.019843373782331582,
        "max": 0.375443319679963,
        "top5": [
          0.375443319679963,
          0.16581719981128637,
          0.09451537288270628,
          0.0840968687080625,
          0.06255969373591574
        ],
        "n_cols_sampled": 500
      }
    },
    {
      "split": 4,
      "fisher_score": 0.0006076878824335278,
      "fisher_score_U": 0.0006076878824335278,
      "between_class_variance": 6.772775883978888e-05,
      "within_class_variance": 0.11145155399276423,
      "per_feature_U_stats": {
        "mean": 0.0003646973801629984,
        "std": 0.0004413830071410483,
        "max": 0.008969579639426758,
        "top5": [
          0.008969579639426758,
          0.004490445435001143,
          0.0031555363457348514,
          0.002826974903598287,
          0.002781391605381673
        ]
      },
      "note": "Computed on training set only to prevent data leakage",
      "fisher_score_X_diffused": 0.014175552426772885,
      "between_class_variance_X": 0.004807986654960975,
      "within_class_variance_X": 0.3391745527941679,
      "per_feature_X_stats": {
        "mean": 0.0043324680259323395,
        "std": 0.019048838216174507,
        "max": 0.36647895964798305,
        "top5": [
          0.36647895964798305,
          0.14994112215233074,
          0.07914420449156397,
          0.07527245316279269,
          0.06279031241073924
        ],
        "n_cols_sampled": 500
      }
    }
  ],
  "note": "Fisher score computed on training set only (no leakage)"
}