{
  "dataset": "amazon-computers",
  "k": 8,
  "split_type": "random",
  "component_type": "lcc",
  "num_seeds": 15,
  "num_splits": 5,
  "total_runs_per_method": 75,
  "metadata": {
    "d_effective": 767,
    "ortho_error": 6.505876948281752e-10,
    "num_components": 0,
    "num_nodes": 13381,
    "num_features": 767,
    "num_classes": 10
  },
  "experiments": {
    "sgc_mlp_baseline": {
      "test_acc_mean": 0.8413996052742004,
      "test_acc_std": 0.009285400443300087,
      "val_acc_mean": 0.851479819615682,
      "val_acc_std": 0.011012739544381107,
      "per_run_test_acc": [
        0.8244303464889526,
        0.8457228541374207,
        0.8319014310836792,
        0.8363840579986572,
        0.8382517695426941,
        0.8307807445526123,
        0.8386253714561462,
        0.8304072022438049,
        0.8446021676063538,
        0.8389989137649536,
        0.853941023349762,
        0.8427344560623169,
        0.8378782272338867,
        0.8307807445526123,
        0.8307807445526123,
        0.8479641675949097,
        0.850579023361206,
        0.8319014310836792,
        0.8681359887123108,
        0.8333956003189087,
        0.8375046849250793,
        0.8434815406799316,
        0.8408666849136353,
        0.8386253714561462,
        0.8427344560623169,
        0.850579023361206,
        0.8404931426048279,
        0.8352633714675903,
        0.8401195406913757,
        0.8546881079673767,
        0.8468434810638428,
        0.8442286252975464,
        0.8528203368186951,
        0.853941023349762,
        0.860664963722229,
        0.8580501079559326,
        0.851699709892273,
        0.853941023349762,
        0.8550616502761841,
        0.843855082988739,
        0.8472170829772949,
        0.8546881079673767,
        0.8472170829772949,
        0.851699709892273,
        0.8423608541488647,
        0.832648515701294,
        0.8319014310836792,
        0.8397459983825684,
        0.8333956003189087,
        0.8453493118286133,
        0.8296601176261902,
        0.8274188041687012,
        0.848337709903717,
        0.834889829158783,
        0.8490847945213318,
        0.8494583964347839,
        0.8352633714675903,
        0.8319014310836792,
        0.8468434810638428,
        0.831527829170227,
        0.8423608541488647,
        0.8274188041687012,
        0.8266716599464417,
        0.8401195406913757,
        0.8274188041687012,
        0.8386253714561462,
        0.8423608541488647,
        0.8307807445526123,
        0.8397459983825684,
        0.8472170829772949,
        0.8296601176261902,
        0.8352633714675903,
        0.8319014310836792,
        0.8535674810409546,
        0.8475906252861023
      ],
      "n_runs": 75,
      "train_acc_mean": 0.84929416735967,
      "train_acc_std": 0.007782514515877738,
      "num_params": 264970,
      "param_to_train_ratio": 33.00572994519183
    },
    "restricted_standard_mlp": {
      "test_acc_mean": 0.8942796881993612,
      "test_acc_std": 0.006601773998721726,
      "val_acc_mean": 0.8983507704734802,
      "val_acc_std": 0.005263802131897592,
      "per_run_test_acc": [
        0.8905491232872009,
        0.8883078098297119,
        0.8916698098182678,
        0.8939111232757568,
        0.8890549540519714,
        0.8905491232872009,
        0.8894284963607788,
        0.8968995213508606,
        0.8834516406059265,
        0.8886814117431641,
        0.8939111232757568,
        0.8920433521270752,
        0.8935375809669495,
        0.8909227252006531,
        0.8883078098297119,
        0.8871871829032898,
        0.8849458694458008,
        0.8905491232872009,
        0.8916698098182678,
        0.8868136405944824,
        0.8860664963722229,
        0.8946582078933716,
        0.8961524367332458,
        0.8898020386695862,
        0.8905491232872009,
        0.8924168944358826,
        0.8939111232757568,
        0.8924168944358826,
        0.8912962675094604,
        0.8942846655845642,
        0.9054912328720093,
        0.9062383770942688,
        0.9021292924880981,
        0.9010086059570312,
        0.9051176905632019,
        0.9058647751808167,
        0.9066119194030762,
        0.9047441482543945,
        0.9036234617233276,
        0.9010086059570312,
        0.9077325463294983,
        0.9062383770942688,
        0.9036234617233276,
        0.9036234617233276,
        0.9047441482543945,
        0.8894284963607788,
        0.8879342675209045,
        0.8744863867759705,
        0.8898020386695862,
        0.884198784828186,
        0.8916698098182678,
        0.8901755809783936,
        0.8898020386695862,
        0.8894284963607788,
        0.8883078098297119,
        0.8924168944358826,
        0.8883078098297119,
        0.8901755809783936,
        0.8916698098182678,
        0.8890549540519714,
        0.8998879790306091,
        0.9028763771057129,
        0.8946582078933716,
        0.8987672924995422,
        0.8942846655845642,
        0.8954053521156311,
        0.897273063659668,
        0.8976466655731201,
        0.8939111232757568,
        0.8942846655845642,
        0.895031750202179,
        0.9006350636482239,
        0.8935375809669495,
        0.8968995213508606,
        0.897273063659668
      ],
      "n_runs": 75,
      "train_acc_mean": 0.9683408427238465,
      "train_acc_std": 0.010549430083764182,
      "num_params": 264970,
      "param_to_train_ratio": 33.00572994519183
    },
    "restricted_rownorm_mlp": {
      "test_acc_mean": 0.8930096101760864,
      "test_acc_std": 0.004725931501811271,
      "val_acc_mean": 0.9015794674555461,
      "val_acc_std": 0.00484543909260569,
      "per_run_test_acc": [
        0.8927904367446899,
        0.8916698098182678,
        0.8976466655731201,
        0.8931640386581421,
        0.8939111232757568,
        0.8927904367446899,
        0.8909227252006531,
        0.8946582078933716,
        0.8894284963607788,
        0.8920433521270752,
        0.8920433521270752,
        0.8871871829032898,
        0.8898020386695862,
        0.8931640386581421,
        0.8957788944244385,
        0.8920433521270752,
        0.8871871829032898,
        0.8860664963722229,
        0.8853194117546082,
        0.8898020386695862,
        0.8946582078933716,
        0.8912962675094604,
        0.8875607252120972,
        0.8935375809669495,
        0.8905491232872009,
        0.8871871829032898,
        0.8905491232872009,
        0.8894284963607788,
        0.8920433521270752,
        0.8920433521270752,
        0.9051176905632019,
        0.9043706059455872,
        0.9021292924880981,
        0.9047441482543945,
        0.8968995213508606,
        0.8939111232757568,
        0.8924168944358826,
        0.9025028347969055,
        0.9002615213394165,
        0.9013821482658386,
        0.8980202078819275,
        0.895031750202179,
        0.897273063659668,
        0.8995144367218018,
        0.8980202078819275,
        0.8968995213508606,
        0.8905491232872009,
        0.8927904367446899,
        0.8909227252006531,
        0.8875607252120972,
        0.8883078098297119,
        0.8800897002220154,
        0.8898020386695862,
        0.8894284963607788,
        0.8890549540519714,
        0.8946582078933716,
        0.895031750202179,
        0.8853194117546082,
        0.8901755809783936,
        0.8890549540519714,
        0.8905491232872009,
        0.8924168944358826,
        0.8905491232872009,
        0.8927904367446899,
        0.8898020386695862,
        0.8942846655845642,
        0.9006350636482239,
        0.8957788944244385,
        0.8968995213508606,
        0.8916698098182678,
        0.8924168944358826,
        0.8924168944358826,
        0.8924168944358826,
        0.8909227252006531,
        0.8946582078933716
      ],
      "n_runs": 75,
      "train_acc_mean": 0.9900847403208415,
      "train_acc_std": 0.003594355087821891,
      "num_params": 264448,
      "param_to_train_ratio": 32.940707523667164
    }
  },