{
  "dataset": "amazon-computers",
  "k": 8,
  "split_type": "random",
  "component_type": "lcc",
  "num_seeds": 15,
  "num_splits": 5,
  "total_runs_per_method": 75,
  "metadata": {
    "d_effective": 767,
    "ortho_error": 2.419135336495515e-09,
    "num_components": 0,
    "num_nodes": 13381,
    "num_features": 767,
    "num_classes": 10
  },
  "experiments": {
    "sgc_mlp_baseline": {
      "test_acc_mean": 0.8629012823104858,
      "test_acc_std": 0.009455625044426508,
      "val_acc_mean": 0.8693572513262431,
      "val_acc_std": 0.010512375265807668,
      "per_run_test_acc": [
        0.8614120483398438,
        0.8464699387550354,
        0.8509525656700134,
        0.8565558791160583,
        0.8714979887008667,
        0.8546881079673767,
        0.8401195406913757,
        0.8573029637336731,
        0.8636533617973328,
        0.860664963722229,
        0.8595442771911621,
        0.8632798194885254,
        0.8509525656700134,
        0.8587971925735474,
        0.846096396446228,
        0.8520732522010803,
        0.8632798194885254,
        0.8640269041061401,
        0.8490847945213318,
        0.8487112522125244,
        0.8763541579246521,
        0.8729921579360962,
        0.85842365026474,
        0.8685095310211182,
        0.8681359887123108,
        0.8647740483283997,
        0.8737393021583557,
        0.8815838694572449,
        0.8812103271484375,
        0.8502054810523987,
        0.8700037598609924,
        0.8692566752433777,
        0.8617855906486511,
        0.8640269041061401,
        0.8658946752548218,
        0.8610385060310364,
        0.8688831329345703,
        0.8558087944984436,
        0.8707508444786072,
        0.8722450733184814,
        0.8815838694572449,
        0.8677624464035034,
        0.8625327348709106,
        0.8681359887123108,
        0.8711244463920593,
        0.8733657598495483,
        0.8576765060424805,
        0.8808367848396301,
        0.8408666849136353,
        0.8655211329460144,
        0.8685095310211182,
        0.8644004464149475,
        0.8621591329574585,
        0.8543145656585693,
        0.8636533617973328,
        0.8711244463920593,
        0.8681359887123108,
        0.860664963722229,
        0.8662682175636292,
        0.8614120483398438,
        0.8475906252861023,
        0.8666417598724365,
        0.8662682175636292,
        0.8759806156158447,
        0.8498319387435913,
        0.8696302175521851,
        0.865147590637207,
        0.8632798194885254,
        0.865147590637207,
        0.851699709892273,
        0.8685095310211182,
        0.8636533617973328,
        0.8431079983711243,
        0.8711244463920593,
        0.865147590637207
      ],
      "n_runs": 75,
      "train_acc_mean": 0.8715329996744792,
      "train_acc_std": 0.009226359901787846,
      "num_params": 264970,
      "param_to_train_ratio": 33.00572994519183
    },
    "restricted_standard_mlp": {
      "test_acc_mean": 0.8844527721405029,
      "test_acc_std": 0.005378863330230916,
      "val_acc_mean": 0.8898953612645467,
      "val_acc_std": 0.00511239748071244,
      "per_run_test_acc": [
        0.8905491232872009,
        0.8834516406059265,
        0.8856929540634155,
        0.8838251829147339,
        0.8834516406059265,
        0.8856929540634155,
        0.8830780982971191,
        0.8830780982971191,
        0.8785954713821411,
        0.8752334713935852,
        0.8771012425422668,
        0.8849458694458008,
        0.8800897002220154,
        0.8812103271484375,
        0.8800897002220154,
        0.8785954713821411,
        0.8830780982971191,
        0.8759806156158447,
        0.8834516406059265,
        0.8793425559997559,
        0.8827045559883118,
        0.8804632425308228,
        0.8868136405944824,
        0.8800897002220154,
        0.8804632425308228,
        0.8800897002220154,
        0.8767277002334595,
        0.8797160983085632,
        0.8853194117546082,
        0.8815838694572449,
        0.8920433521270752,
        0.8980202078819275,
        0.8927904367446899,
        0.8946582078933716,
        0.8875607252120972,
        0.8920433521270752,
        0.8939111232757568,
        0.8968995213508606,
        0.8886814117431641,
        0.8957788944244385,
        0.8909227252006531,
        0.8905491232872009,
        0.8935375809669495,
        0.8924168944358826,
        0.8939111232757568,
        0.8812103271484375,
        0.8845723271369934,
        0.8778483867645264,
        0.8819574117660522,
        0.8808367848396301,
        0.8812103271484375,
        0.8827045559883118,
        0.8830780982971191,
        0.8856929540634155,
        0.8778483867645264,
        0.8714979887008667,
        0.8823310136795044,
        0.8800897002220154,
        0.8886814117431641,
        0.8815838694572449,
        0.886440098285675,
        0.8838251829147339,
        0.8789690136909485,
        0.8845723271369934,
        0.8853194117546082,
        0.884198784828186,
        0.884198784828186,
        0.8845723271369934,
        0.8856929540634155,
        0.8853194117546082,
        0.8830780982971191,
        0.8860664963722229,
        0.8860664963722229,
        0.8875607252120972,
        0.8827045559883118
      ],
      "n_runs": 75,
      "train_acc_mean": 0.963833285967509,
      "train_acc_std": 0.007421493116649549,
      "num_params": 264970,
      "param_to_train_ratio": 33.00572994519183
    },
    "restricted_rownorm_mlp": {
      "test_acc_mean": 0.8887859813372294,
      "test_acc_std": 0.005820565800608694,
      "val_acc_mean": 0.8943099149068197,
      "val_acc_std": 0.005149678411185762,
      "per_run_test_acc": [
        0.8860664963722229,
        0.8879342675209045,
        0.8849458694458008,
        0.8898020386695862,
        0.8942846655845642,
        0.8812103271484375,
        0.8890549540519714,
        0.8827045559883118,
        0.886440098285675,
        0.8849458694458008,
        0.8890549540519714,
        0.8898020386695862,
        0.8845723271369934,
        0.8853194117546082,
        0.884198784828186,
        0.8890549540519714,
        0.8849458694458008,
        0.8800897002220154,
        0.8808367848396301,
        0.8849458694458008,
        0.8875607252120972,
        0.8860664963722229,
        0.8886814117431641,
        0.8860664963722229,
        0.8823310136795044,
        0.8860664963722229,
        0.8849458694458008,
        0.8856929540634155,
        0.8883078098297119,
        0.8830780982971191,
        0.897273063659668,
        0.8991408348083496,
        0.8965259790420532,
        0.8901755809783936,
        0.9032499194145203,
        0.9025028347969055,
        0.8916698098182678,
        0.895031750202179,
        0.8939111232757568,
        0.8954053521156311,
        0.8920433521270752,
        0.8976466655731201,
        0.8942846655845642,
        0.8939111232757568,
        0.8976466655731201,
        0.8830780982971191,
        0.8845723271369934,
        0.8827045559883118,
        0.8860664963722229,
        0.8804632425308228,
        0.8830780982971191,
        0.8812103271484375,
        0.8789690136909485,
        0.884198784828186,
        0.8883078098297119,
        0.8778483867645264,
        0.8868136405944824,
        0.8830780982971191,
        0.884198784828186,
        0.8856929540634155,
        0.8935375809669495,
        0.8991408348083496,
        0.8920433521270752,
        0.8916698098182678,
        0.8939111232757568,
        0.8898020386695862,
        0.8916698098182678,
        0.897273063659668,
        0.8942846655845642,
        0.8815838694572449,
        0.8868136405944824,
        0.8946582078933716,
        0.8912962675094604,
        0.8935375809669495,
        0.8980202078819275
      ],
      "n_runs": 75,
      "train_acc_mean": 0.9800664710998536,
      "train_acc_std": 0.0044076127177404825,
      "num_params": 264448,
      "param_to_train_ratio": 32.940707523667164
    }
  },