{
  "dataset": "pubmed",
  "num_components": 1,
  "k_diffusion": 10,
  "num_splits": 5,
  "num_seeds": 5,
  "total_runs": 25,
  "precompute_time": 1.5245835781097412,
  "metadata": {
    "k_full": 499,
    "k_nclasses": 3,
    "k_2nclasses": 6
  },
  "results": {
    "sgc_baseline": {
      "test_acc_mean": 0.7216226959228516,
      "test_acc_std": 0.005819916011887575,
      "val_acc_mean": 0.7274359941482544,
      "val_acc_std": 0.008217256069999969,
      "train_time_mean": 0.10571756362915039,
      "train_time_std": 0.018153808583732528
    },
    "full_logistic": {
      "test_acc_mean": 0.8274949097633362,
      "test_acc_std": 0.006417117212522181,
      "val_acc_mean": 0.8281004691123962,
      "val_acc_std": 0.005843916819326264,
      "train_time_mean": 0.1270743179321289,
      "train_time_std": 0.021611189576313094
    },
    "full_mlp": {
      "test_acc_mean": 0.8114198589324951,
      "test_acc_std": 0.0031929404939214667,
      "val_acc_mean": 0.8334770822525024,
      "val_acc_std": 0.006571686047889299,
      "train_time_mean": 0.3854928970336914,
      "train_time_std": 0.056795886406850404
    },
    "nclasses_logistic": {
      "test_acc_mean": 0.345253541469574,
      "test_acc_std": 0.00967104207205396,
      "val_acc_mean": 0.36611718535423277,
      "val_acc_std": 0.017813162879500292,
      "train_time_mean": 0.13918569564819336,
      "train_time_std": 0.02177715855502114
    },
    "nclasses_mlp": {
      "test_acc_mean": 0.46890465259552,
      "test_acc_std": 0.007077581306679289,
      "val_acc_mean": 0.471630756855011,
      "val_acc_std": 0.0053081770681474945,
      "train_time_mean": 0.31915831565856934,
      "train_time_std": 0.028937991569952307
    },
    "2nclasses_logistic": {
      "test_acc_mean": 0.3477991795539856,
      "test_acc_std": 0.009420732037003254,
      "val_acc_mean": 0.36554908990859986,
      "val_acc_std": 0.006260057192745729,
      "train_time_mean": 0.12150208473205566,
      "train_time_std": 0.02274549779705703
    },
    "2nclasses_mlp": {
      "test_acc_mean": 0.5839857769012451,
      "test_acc_std": 0.010131147115877166,
      "val_acc_mean": 0.5846107268333435,
      "val_acc_std": 0.007653369250790943,
      "train_time_mean": 0.32672225952148437,
      "train_time_std": 0.02520503992445366
    }
  },
  "improvements": {
    "full_logistic": 10.587221384048462,
    "full_mlp": 8.979716300964357,
    "nclasses_logistic": -37.63691544532776,
    "nclasses_mlp": -25.271804332733154,
    "2nclasses_logistic": -37.3823516368866,
    "2nclasses_mlp": -13.763691902160646
  }
}