{
  "dataset": "citeseer",
  "split_type": "fixed",
  "component_type": "lcc",
  "num_components": 1,
  "k_diffusion": 2,
  "num_splits": 1,
  "num_seeds": 5,
  "total_runs": 5,
  "precompute_time": 0.27150464057922363,
  "metadata": {
    "d_restricted_std": 2022,
    "ortho_error_std": 2.555553857419568e-08,
    "d_full": 2022,
    "ortho_error": 2.555553857419568e-08
  },
  "results": {
    "sgc_baseline": {
      "val_acc_mean": 0.7329267859458923,
      "val_acc_std": 0.0031091552748712414,
      "test_acc_mean": 0.7004525065422058,
      "test_acc_std": 0.0038866057190868773,
      "train_time_mean": 0.22036256790161132,
      "train_time_std": 0.1681323418196722
    },
    "sgc_mlp_baseline": {
      "val_acc_mean": 0.5554877758026123,
      "val_acc_std": 0.0203516137420965,
      "test_acc_mean": 0.5076923251152039,
      "test_acc_std": 0.017656734989041172,
      "train_time_mean": 0.27397804260253905,
      "train_time_std": 0.06613760471183772
    },
    "restricted_standard_mlp": {
      "val_acc_mean": 0.26402437686920166,
      "val_acc_std": 0.005654640031392637,
      "test_acc_mean": 0.28265461325645447,
      "test_acc_std": 0.008348930122635271,
      "train_time_mean": 0.30115199089050293,
      "train_time_std": 0.06970367150384096
    },
    "full_rownorm_mlp": {
      "val_acc_mean": 0.7304877638816833,
      "val_acc_std": 0.0024390220642089844,
      "test_acc_mean": 0.7016591429710388,
      "test_acc_std": 0.007655249945189359,
      "train_time_mean": 0.4464262008666992,
      "train_time_std": 0.15573769254206285
    },
    "jl_binary_nc": {
      "val_acc_mean": 0.308536571264267,
      "val_acc_std": 0.008043240321912736,
      "test_acc_mean": 0.2950226366519928,
      "test_acc_std": 0.006983913250568072,
      "train_time_mean": 0.38820838928222656,
      "train_time_std": 0.03396983754759484
    },
    "jl_binary_2nc": {
      "val_acc_mean": 0.31158535480499266,
      "val_acc_std": 0.00849292527569709,
      "test_acc_mean": 0.3001508414745331,
      "test_acc_std": 0.007571583499233049,
      "train_time_mean": 0.19586606025695802,
      "train_time_std": 0.009947117856890023
    },
    "jl_binary_4nc": {
      "val_acc_mean": 0.357317054271698,
      "val_acc_std": 0.009717915405631996,
      "test_acc_mean": 0.35384616255760193,
      "test_acc_std": 0.004223227500915527,
      "train_time_mean": 0.31265902519226074,
      "train_time_std": 0.095828115678364
    },
    "jl_ortho_nc": {
      "val_acc_mean": 0.23048779666423796,
      "val_acc_std": 0.015497883704695412,
      "test_acc_mean": 0.19306184351444244,
      "test_acc_std": 0.015052759223297976,
      "train_time_mean": 0.44446630477905275,
      "train_time_std": 0.13909499180744614
    },
    "jl_ortho_2nc": {
      "val_acc_mean": 0.282317054271698,
      "val_acc_std": 0.012436633957862714,
      "test_acc_mean": 0.25248869359493253,
      "test_acc_std": 0.004826552420855431,
      "train_time_mean": 0.24010248184204103,
      "train_time_std": 0.0507712187482396
    },
    "jl_ortho_4nc": {
      "val_acc_mean": 0.3170731604099274,
      "val_acc_std": 0.009247408119527237,
      "test_acc_mean": 0.35565611720085144,
      "test_acc_std": 0.011620729493931635,
      "train_time_mean": 0.48820037841796876,
      "train_time_std": 0.11245624946954594
    }
  },
  "improvements": {
    "restricted_standard_mlp": {
      "vs_sgc": -41.779789328575134,
      "vs_sgc_mlp": -22.503771185874943
    },
    "full_rownorm_mlp": {
      "vs_sgc": 0.12066364288330078,
      "vs_sgc_mlp": 19.396681785583493
    },
    "jl_binary_nc": {
      "vs_sgc": -40.5429869890213,
      "vs_sgc_mlp": -21.26696884632111
    },
    "jl_binary_2nc": {
      "vs_sgc": -40.03016650676727,
      "vs_sgc_mlp": -20.75414836406708
    },
    "jl_binary_4nc": {
      "vs_sgc": -34.66063439846039,
      "vs_sgc_mlp": -15.384616255760196
    },
    "jl_ortho_nc": {
      "vs_sgc": -50.73906630277634,
      "vs_sgc_mlp": -31.463048160076145
    },
    "jl_ortho_2nc": {
      "vs_sgc": -44.796381294727325,
      "vs_sgc_mlp": -25.520363152027137
    },
    "jl_ortho_4nc": {
      "vs_sgc": -34.47963893413544,
      "vs_sgc_mlp": -15.203620791435245
    }
  },
  "parameter_counts": {
    "sgc_baseline": 22218,
    "sgc_mlp_baseline": 1015040,
    "restricted_standard_mlp": 584704,
    "full_rownorm_mlp": 584704,
    "jl_binary_nc": 68608,
    "jl_ortho_nc": 68608,
    "jl_binary_2nc": 70144,
    "jl_ortho_2nc": 70144,
    "jl_binary_4nc": 73216,
    "jl_ortho_4nc": 73216
  }
}