{
  "dataset": "amazon-computers",
  "k": 4,
  "split_type": "fixed",
  "component_type": "lcc",
  "num_seeds": 15,
  "num_splits": 1,
  "total_runs_per_method": 15,
  "metadata": {
    "d_effective": 767,
    "ortho_error": 2.1263099059254387e-09,
    "num_components": 0,
    "num_nodes": 13381,
    "num_features": 767,
    "num_classes": 10
  },
  "experiments": {
    "sgc_mlp_baseline": {
      "test_acc_mean": 0.920478618144989,
      "test_acc_std": 0.003695694058694063,
      "val_acc_mean": 0.9115355849266052,
      "val_acc_std": 0.0034386238219796614,
      "per_run_test_acc": [
        0.9222797751426697,
        0.9237601161003113,
        0.9211694598197937,
        0.9148778319358826,
        0.9174684882164001,
        0.9293115735054016,
        0.9215395450592041,
        0.915247917175293,
        0.9178386330604553,
        0.9174684882164001,
        0.9207993745803833,
        0.9245003461837769,
        0.9230199456214905,
        0.9189488887786865,
        0.9189488887786865
      ],
      "n_runs": 15,
      "train_acc_mean": 0.9292296369870504,
      "train_acc_std": 0.004528618530497827,
      "num_params": 264970,
      "param_to_train_ratio": 33.08403046572606
    },
    "restricted_standard_mlp": {
      "test_acc_mean": 0.8819886128107707,
      "test_acc_std": 0.002626966127217201,
      "val_acc_mean": 0.8763795256614685,
      "val_acc_std": 0.0020352170758812095,
      "per_run_test_acc": [
        0.8837897777557373,
        0.881199061870575,
        0.8804588913917542,
        0.8860103487968445,
        0.8815691471099854,
        0.8793485760688782,
        0.8852701187133789,
        0.881199061870575,
        0.877128005027771,
        0.881199061870575,
        0.878238320350647,
        0.881199061870575,
        0.8863804340362549,
        0.8830495476722717,
        0.8837897777557373
      ],
      "n_runs": 15,
      "train_acc_mean": 0.9722395896911621,
      "train_acc_std": 0.006107949757330964,
      "num_params": 264970,
      "param_to_train_ratio": 33.08403046572606
    },
    "restricted_rownorm_mlp": {
      "test_acc_mean": 0.8842338720957438,
      "test_acc_std": 0.003621649888739395,
      "val_acc_mean": 0.8809737881024678,
      "val_acc_std": 0.001006832233947852,
      "per_run_test_acc": [
        0.8826794624328613,
        0.8823093771934509,
        0.8845299482345581,
        0.8911916613578796,
        0.8830495476722717,
        0.8830495476722717,
        0.8841598629951477,
        0.8830495476722717,
        0.8841598629951477,
        0.8886010050773621,
        0.8856402635574341,
        0.8837897777557373,
        0.8889710903167725,
        0.8837897777557373,
        0.8745373487472534
      ],
      "n_runs": 15,
      "train_acc_mean": 0.9899280230204265,
      "train_acc_std": 0.004170555392256651,
      "num_params": 264448,
      "param_to_train_ratio": 33.018853789486826
    }
  },
  "framework_analysis": {
    "sgc_mlp_acc_pct": 92.0478618144989,
    "restricted_std_acc_pct": 88.19886128107707,
    "restricted_rownorm_acc_pct": 88.42338720957437,
    "part_a_pp": 3.8490005334218296,
    "part_b_pp": 0.22452592849730024,
    "remaining_gap_pp": 3.6244746049245293
  }
}