{
  "metadata": {
    "dataset": "ogbn-arxiv",
    "split_type": "random",
    "component_type": "lcc",
    "k_diffusion": 2,
    "num_nodes": 169343,
    "num_features": 128,
    "num_classes": 40,
    "num_random_splits": 5,
    "num_seeds": 5,
    "epochs": 200,
    "whitening_eps": 1e-06,
    "wadia_regime": "n > d (structure retained)",
    "timestamp": "2026-01-02T00:00:49.983388"
  },
  "final_results": {
    "original_Linear": {
      "val_acc_mean": 0.5870591616630554,
      "val_acc_std": 0.0019234218560816878,
      "test_acc_mean": 0.5864978051185608,
      "test_acc_std": 0.0021936424380953564,
      "train_time_mean": 0.11994728088378906
    },
    "original_Linear+RowNorm": {
      "val_acc_mean": 0.4559206259250641,
      "val_acc_std": 0.0026878216732683768,
      "test_acc_mean": 0.45342427730560303,
      "test_acc_std": 0.0009711113341666622,
      "train_time_mean": 0.1500009059906006
    },
    "original_MLP": {
      "val_acc_mean": 0.72260657787323,
      "val_acc_std": 0.0020434692019697135,
      "test_acc_mean": 0.7209306287765503,
      "test_acc_std": 0.002229859621731482,
      "train_time_mean": 1.1377985095977783
    },
    "original_MLP+RowNorm": {
      "val_acc_mean": 0.6944832801818848,
      "val_acc_std": 0.0027776471912293417,
      "test_acc_mean": 0.6937384176254272,
      "test_acc_std": 0.0035167122183974325,
      "train_time_mean": 2.6708668994903566
    },
    "full_zca_whiten_Linear": {
      "val_acc_mean": 0.6965418624877929,
      "val_acc_std": 0.0013585526821053824,
      "test_acc_mean": 0.6957307457923889,
      "test_acc_std": 0.0019372277125777055,
      "train_time_mean": 0.11323089599609375
    },
    "full_zca_whiten_Linear+RowNorm": {
      "val_acc_mean": 0.6595984268188476,
      "val_acc_std": 0.0015648584035021695,
      "test_acc_mean": 0.659013888835907,
      "test_acc_std": 0.0028188853202225656,
      "train_time_mean": 0.14891274452209471
    },
    "full_zca_whiten_MLP": {
      "val_acc_mean": 0.7227116918563843,
      "val_acc_std": 0.0017246898167063405,
      "test_acc_mean": 0.7203176927566528,
      "test_acc_std": 0.002132940232403302,
      "train_time_mean": 1.138413429260254
    },
    "full_zca_whiten_MLP+RowNorm": {
      "val_acc_mean": 0.7139151906967163,
      "val_acc_std": 0.0012869563134833826,
      "test_acc_mean": 0.7122149467468262,
      "test_acc_std": 0.0026753654674962243,
      "train_time_mean": 2.6799380874633787
    },
    "rayleigh_ritz_Linear": {
      "val_acc_mean": 0.160440531373024,
      "val_acc_std": 0.00134316146525164,
      "test_acc_mean": 0.15891939997673035,
      "test_acc_std": 0.0021348266203229317,
      "train_time_mean": 0.11607988357543945
    },
    "rayleigh_ritz_Linear+RowNorm": {
      "val_acc_mean": 0.5523869109153747,
      "val_acc_std": 0.0018433566089127039,
      "test_acc_mean": 0.5498860478401184,
      "test_acc_std": 0.003267897178546905,
      "train_time_mean": 0.15097293853759766
    },
    "rayleigh_ritz_MLP": {
      "val_acc_mean": 0.160440531373024,
      "val_acc_std": 0.00134316146525164,
      "test_acc_mean": 0.15891939997673035,
      "test_acc_std": 0.0021348266203229317,
      "train_time_mean": 1.1370885848999024
    },
    "rayleigh_ritz_MLP+RowNorm": {
      "val_acc_mean": 0.706321005821228,
      "val_acc_std": 0.0011891996619444155,
      "test_acc_mean": 0.7040578842163085,
      "test_acc_std": 0.0030206048448418155,
      "train_time_mean": 2.682372560501099
    },
    "pca_whiten_Linear": {
      "val_acc_mean": 0.6900188899040223,
      "val_acc_std": 0.0010320921270521048,
      "test_acc_mean": 0.6896073317527771,
      "test_acc_std": 0.002250593661467931,
      "train_time_mean": 0.11325349807739257
    },
    "pca_whiten_Linear+RowNorm": {
      "val_acc_mean": 0.6183252549171447,
      "val_acc_std": 0.0017567788077221193,
      "test_acc_mean": 0.618161211013794,
      "test_acc_std": 0.0029581970700361263,
      "train_time_mean": 0.14890493392944337
    },
    "pca_whiten_MLP": {
      "val_acc_mean": 0.720375566482544,
      "val_acc_std": 0.001621973999382669,
      "test_acc_mean": 0.7186702251434326,
      "test_acc_std": 0.002602578418382998,
      "train_time_mean": 1.1391804122924805
    },
    "pca_whiten_MLP+RowNorm": {
      "val_acc_mean": 0.7141195225715637,
      "val_acc_std": 0.0016814829468668724,
      "test_acc_mean": 0.7119775772094726,
      "test_acc_std": 0.0025195025793218417,
      "train_time_mean": 2.679869155883789
    },
    "zca_whiten_Linear": {
      "val_acc_mean": 0.6965489506721496,
      "val_acc_std": 0.0013615059539492972,
      "test_acc_mean": 0.6956079268455505,
      "test_acc_std": 0.0018942683062153438,
      "train_time_mean": 0.11331988334655761
    },
    "zca_whiten_Linear+RowNorm": {
      "val_acc_mean": 0.6597791266441345,
      "val_acc_std": 0.001419875084988539,
      "test_acc_mean": 0.6590032601356506,
      "test_acc_std": 0.0028694486907444453,
      "train_time_mean": 0.1489235782623291
    },
    "zca_whiten_MLP": {
      "val_acc_mean": 0.7227471256256104,
      "val_acc_std": 0.002019710906732296,
      "test_acc_mean": 0.7206212091445923,
      "test_acc_std": 0.002407679265954992,
      "train_time_mean": 1.1386525630950928
    },
    "zca_whiten_MLP+RowNorm": {
      "val_acc_mean": 0.713605751991272,
      "val_acc_std": 0.0009699758840030904,
      "test_acc_mean": 0.711541793346405,
      "test_acc_std": 0.0024255860175048673,
      "train_time_mean": 2.6800105285644533
    }
  },
  "whitening_analysis": {
    "full_zca_whiten": {
      "name": "full_zca_whiten",
      "dim_original": 128,
      "dim_whitened": 128,
      "dist_from_I_original": 117.08834311309994,
      "dist_from_I_whitened": 0.00017537154391531785,
      "condition_original": 41891.41015625,
      "condition_whitened": 1.000144362449646,
      "entropy_original": 0.5775967836380005,
      "entropy_whitened": 4.852030277252197,
      "max_entropy_original": 4.852030263919617,
      "max_entropy_whitened": 4.852030263919617,
      "uniformity_original": 0.11904228791256556,
      "uniformity_whitened": 1.0000000027478353,
      "whitening_indicators": 3
    },
    "rayleigh_ritz": {
      "name": "rayleigh_ritz",
      "dim_original": 128,
      "dim_whitened": 127,
      "dist_from_I_original": 117.08834311309994,
      "dist_from_I_whitened": 4.674937673712633,
      "condition_original": 41891.41015625,
      "condition_whitened": 88.8875961303711,
      "entropy_original": 0.5775967836380005,
      "entropy_whitened": 4.743872165679932,
      "max_entropy_original": 4.852030263919617,
      "max_entropy_whitened": 4.844187086458591,
      "uniformity_original": 0.11904228791256556,
      "uniformity_whitened": 0.9792916914668554,
      "whitening_indicators": 3
    }
  },
  "gram_matrix_analysis": {
    "original": {
      "name": "original",
      "n_samples": 169343,
      "n_features": 128,
      "wadia_regime": "n > d (structure retained)",
      "F_shape": "128x128",
      "F_n_nonzero_eig": 128,
      "F_eig_mean": 0.0065406556241214275,
      "F_eig_std": 0.03933746740221977,
      "F_dist_from_1_mean": 0.9934594035148621,
      "K_shape": "169343x169343",
      "K_n_nonzero_eig": 128,
      "K_eig_min": 0.00010740739526227117,
      "K_eig_max": 0.4400745928287506,
      "K_eig_mean": 0.0065406556241214275,
      "K_eig_std": 0.03933746740221977,
      "K_dist_from_1_mean": 0.9934594035148621,
      "K_dist_from_1_max": 0.9998925924301147,
      "K_condition_number": 4097.24658203125,
      "K_is_approximately_identity": false,
      "K_eig_first_10": [
        0.4400745928287506,
        0.06292793899774551,
        0.052140720188617706,
        0.04091983288526535,
        0.01943705603480339,
        0.01637042872607708,
        0.014116587117314339,
        0.01086064800620079,
        0.008764752186834812,
        0.007909978739917278
      ],