{
  "metadata": {
    "dataset": "ogbn-arxiv",
    "split_type": "random",
    "component_type": "lcc",
    "k_diffusion": 2,
    "num_nodes": 169343,
    "num_features": 128,
    "num_classes": 40,
    "num_random_splits": 5,
    "num_seeds": 5,
    "epochs": 200,
    "timestamp": "2025-12-30T20:51:43.945754"
  },
  "final_results": {
    "original_Linear": {
      "val_acc_mean": 0.5870591616630554,
      "val_acc_std": 0.0019234218560816878,
      "test_acc_mean": 0.5864978051185608,
      "test_acc_std": 0.0021936424380953564,
      "train_time_mean": 0.4408854103088379
    },
    "original_Linear+RowNorm": {
      "val_acc_mean": 0.4559206259250641,
      "val_acc_std": 0.0026878216732683768,
      "test_acc_mean": 0.45342427730560303,
      "test_acc_std": 0.0009711113341666622,
      "train_time_mean": 0.5318735790252686
    },
    "original_MLP": {
      "val_acc_mean": 0.72260657787323,
      "val_acc_std": 0.0020434692019697135,
      "test_acc_mean": 0.7209306287765503,
      "test_acc_std": 0.002229859621731482,
      "train_time_mean": 3.5092051792144776
    },
    "original_MLP+RowNorm": {
      "val_acc_mean": 0.6944832801818848,
      "val_acc_std": 0.0027776471912293417,
      "test_acc_mean": 0.6937384176254272,
      "test_acc_std": 0.0035167122183974325,
      "train_time_mean": 8.35998116493225
    },
    "full_zca_whiten_Linear": {
      "val_acc_mean": 0.6965324139595032,
      "val_acc_std": 0.0013039179173396555,
      "test_acc_mean": 0.6956268191337586,
      "test_acc_std": 0.0019041973378954504,
      "train_time_mean": 0.4564906978607178
    },
    "full_zca_whiten_Linear+RowNorm": {
      "val_acc_mean": 0.6619995212554932,
      "val_acc_std": 0.0013004748487279194,
      "test_acc_mean": 0.6602716445922852,
      "test_acc_std": 0.002876823001727319,
      "train_time_mean": 0.579645938873291
    },
    "full_zca_whiten_MLP": {
      "val_acc_mean": 0.7237781906127929,
      "val_acc_std": 0.0017733936047343974,
      "test_acc_mean": 0.7213664126396179,
      "test_acc_std": 0.002208788328115764,
      "train_time_mean": 3.5346622467041016
    },
    "full_zca_whiten_MLP+RowNorm": {
      "val_acc_mean": 0.7140958905220032,
      "val_acc_std": 0.0012168959290912646,
      "test_acc_mean": 0.7123436784744263,
      "test_acc_std": 0.0020207201426937884,
      "train_time_mean": 8.39874545097351
    },
    "rayleigh_ritz_Linear": {
      "val_acc_mean": 0.160440531373024,
      "val_acc_std": 0.00134316146525164,
      "test_acc_mean": 0.15891939997673035,
      "test_acc_std": 0.0021348266203229317,
      "train_time_mean": 0.4604100227355957
    },
    "rayleigh_ritz_Linear+RowNorm": {
      "val_acc_mean": 0.5523869109153747,
      "val_acc_std": 0.0018433566089127039,
      "test_acc_mean": 0.5498860478401184,
      "test_acc_std": 0.003267897178546905,
      "train_time_mean": 0.5833939266204834
    },
    "rayleigh_ritz_MLP": {
      "val_acc_mean": 0.160440531373024,
      "val_acc_std": 0.00134316146525164,
      "test_acc_mean": 0.15891939997673035,
      "test_acc_std": 0.0021348266203229317,
      "train_time_mean": 3.545277166366577
    },
    "rayleigh_ritz_MLP+RowNorm": {
      "val_acc_mean": 0.706321005821228,
      "val_acc_std": 0.0011891996619444155,
      "test_acc_mean": 0.7040578842163085,
      "test_acc_std": 0.0030206048448418155,
      "train_time_mean": 8.40233772277832
    },
    "pca_whiten_Linear": {
      "val_acc_mean": 0.6900295233726501,
      "val_acc_std": 0.0010628119242093103,
      "test_acc_mean": 0.6896592974662781,
      "test_acc_std": 0.002237921245038737,
      "train_time_mean": 0.4577662658691406
    },
    "pca_whiten_Linear+RowNorm": {
      "val_acc_mean": 0.6233754396438599,
      "val_acc_std": 0.0014362133472018161,
      "test_acc_mean": 0.6228875207901001,
      "test_acc_std": 0.0029302219357816074,
      "train_time_mean": 0.5808738708496094
    },
    "pca_whiten_MLP": {
      "val_acc_mean": 0.7218778705596924,
      "val_acc_std": 0.0017995322321777494,
      "test_acc_mean": 0.7192465448379517,
      "test_acc_std": 0.0027258427288678585,
      "train_time_mean": 3.537020215988159
    },
    "pca_whiten_MLP+RowNorm": {
      "val_acc_mean": 0.7145376086235047,
      "val_acc_std": 0.0011360416854120762,
      "test_acc_mean": 0.7123141551017761,
      "test_acc_std": 0.00231694490305771,
      "train_time_mean": 8.393162488937378
    },
    "zca_whiten_Linear": {
      "val_acc_mean": 0.6965631198883057,
      "val_acc_std": 0.0013198053911628927,
      "test_acc_mean": 0.6956681561470032,
      "test_acc_std": 0.0018785149931837648,
      "train_time_mean": 0.45764326095581054
    },
    "zca_whiten_Linear+RowNorm": {
      "val_acc_mean": 0.6621188068389893,
      "val_acc_std": 0.0013082253077488389,
      "test_acc_mean": 0.6602645587921142,
      "test_acc_std": 0.0027534049270445987,
      "train_time_mean": 0.5808072280883789
    },
    "zca_whiten_MLP": {
      "val_acc_mean": 0.7234226870536804,
      "val_acc_std": 0.0018428658492450195,
      "test_acc_mean": 0.7215872597694397,
      "test_acc_std": 0.002197582982826998,
      "train_time_mean": 3.535506582260132
    },
    "zca_whiten_MLP+RowNorm": {
      "val_acc_mean": 0.7141691207885742,
      "val_acc_std": 0.001261306883420653,
      "test_acc_mean": 0.7118240427970887,
      "test_acc_std": 0.0025793393295738417,
      "train_time_mean": 8.22483229637146
    }
  },
  "whitening_analysis": {
    "full_zca_whiten": {
      "name": "full_zca_whiten",
      "dim_original": 128,
      "dim_whitened": 128,
      "dist_from_I_original": 117.08834311309994,
      "dist_from_I_whitened": 3.59501711859458,
      "condition_original": 41891.41015625,
      "condition_whitened": 9.310641288757324,
      "entropy_original": 0.5775967836380005,
      "entropy_whitened": 4.792806148529053,
      "max_entropy_original": 4.852030263919617,
      "max_entropy_whitened": 4.852030263919617,
      "uniformity_original": 0.11904228791256556,
      "uniformity_whitened": 0.9877939517749996,
      "whitening_indicators": 3
    },
    "rayleigh_ritz": {
      "name": "rayleigh_ritz",
      "dim_original": 128,
      "dim_whitened": 127,
      "dist_from_I_original": 117.08834311309994,
      "dist_from_I_whitened": 4.674937673712633,
      "condition_original": 41891.41015625,
      "condition_whitened": 88.8875961303711,
      "entropy_original": 0.5775967836380005,
      "entropy_whitened": 4.743872165679932,
      "max_entropy_original": 4.852030263919617,
      "max_entropy_whitened": 4.844187086458591,
      "uniformity_original": 0.11904228791256556,
      "uniformity_whitened": 0.9792916914668554,
      "whitening_indicators": 3
    }
  },
  "feature_diagnostics": {
    "full_zca_whiten": {
      "method": "Full-ZCA",