{
  "dataset": "amazon-photo",
  "k": 12,
  "split_type": "random",
  "component_type": "lcc",
  "num_seeds": 15,
  "num_splits": 5,
  "total_runs_per_method": 75,
  "metadata": {
    "d_effective": 745,
    "ortho_error": 3.70248165459941e-10,
    "num_components": 0,
    "num_nodes": 7487,
    "num_features": 745,
    "num_classes": 8
  },
  "experiments": {
    "sgc_mlp_baseline": {
      "test_acc_mean": 0.9076368896166483,
      "test_acc_std": 0.009113161053985857,
      "val_acc_mean": 0.9199109721183777,
      "val_acc_std": 0.008237551609525053,
      "per_run_test_acc": [
        0.915220320224762,
        0.9092123508453369,
        0.9145527482032776,
        0.9085447788238525,
        0.9065421223640442,
        0.9025367498397827,
        0.913885235786438,
        0.9112150073051453,
        0.8958612084388733,
        0.9105474352836609,
        0.9112150073051453,
        0.9078772068023682,
        0.9092123508453369,
        0.9132176637649536,
        0.9165554642677307,
        0.9225634336471558,
        0.9238985776901245,
        0.9078772068023682,
        0.9252336621284485,
        0.92923903465271,
        0.9212283492088318,
        0.9205607771873474,
        0.9192256927490234,
        0.9245661497116089,
        0.9232310056686401,
        0.9212283492088318,
        0.9232310056686401,
        0.9192256927490234,
        0.9178905487060547,
        0.9218959212303162,
        0.9012016654014587,
        0.9025367498397827,
        0.8965287208557129,
        0.8865153789520264,
        0.8885180354118347,
        0.8991989493370056,
        0.9025367498397827,
        0.9038718938827515,
        0.8971962928771973,
        0.8978638648986816,
        0.9012016654014587,
        0.8918558359146118,
        0.9058745503425598,
        0.8938584923744202,
        0.9045394062995911,
        0.9058745503425598,
        0.8965287208557129,
        0.9045394062995911,
        0.9018691778182983,
        0.9045394062995911,
        0.9005340933799744,
        0.89986652135849,
        0.9032043218612671,
        0.9018691778182983,
        0.89986652135849,
        0.9092123508453369,
        0.898531436920166,
        0.9025367498397827,
        0.9005340933799744,
        0.9005340933799744,
        0.9078772068023682,
        0.9078772068023682,
        0.9072096347808838,
        0.9078772068023682,
        0.9052069783210754,
        0.9045394062995911,
        0.9132176637649536,
        0.89986652135849,
        0.9065421223640442,
        0.9125500917434692,
        0.9092123508453369,
        0.9038718938827515,
        0.9018691778182983,
        0.9092123508453369,
        0.9052069783210754
      ],
      "n_runs": 75,
      "train_acc_mean": 0.9179133478800455,
      "train_acc_std": 0.005980913345324517,
      "num_params": 258824,
      "param_to_train_ratio": 57.61887800534283
    },
    "restricted_standard_mlp": {
      "test_acc_mean": 0.8839341735839844,
      "test_acc_std": 0.007525220380108101,
      "val_acc_mean": 0.8904208819071452,
      "val_acc_std": 0.007599542261778144,
      "per_run_test_acc": [
        0.8751669526100159,
        0.8818424940109253,
        0.8771696090698242,
        0.8765020370483398,
        0.8811749219894409,
        0.8791722655296326,
        0.8805074095726013,
        0.8838451504707336,
        0.8684913516044617,
        0.8771696090698242,
        0.8785046935081482,
        0.8785046935081482,
        0.8851802945137024,
        0.8851802945137024,
        0.8825100660324097,
        0.8898531794548035,
        0.8931909799575806,
        0.8911882638931274,
        0.898531436920166,
        0.8951936364173889,
        0.8905207514762878,
        0.8831775784492493,
        0.8885180354118347,
        0.8878505229949951,
        0.9018691778182983,
        0.8905207514762878,
        0.8911882638931274,
        0.8898531794548035,
        0.8938584923744202,
        0.8978638648986816,
        0.869158923625946,
        0.8751669526100159,
        0.8878505229949951,
        0.8898531794548035,
        0.884512722492218,
        0.8818424940109253,
        0.8878505229949951,
        0.8731642365455627,
        0.87049400806427,
        0.8925234079360962,
        0.8765020370483398,
        0.8805074095726013,
        0.8851802945137024,
        0.8825100660324097,
        0.8851802945137024,
        0.8785046935081482,
        0.8825100660324097,
        0.869158923625946,
        0.8778371810913086,
        0.8811749219894409,
        0.8891856074333191,
        0.8758344650268555,
        0.8731642365455627,
        0.8805074095726013,
        0.8724967241287231,
        0.8771696090698242,
        0.8758344650268555,
        0.8831775784492493,
        0.8738318085670471,
        0.8744993805885315,
        0.8878505229949951,
        0.8878505229949951,
        0.8871829509735107,
        0.884512722492218,
        0.8865153789520264,
        0.8911882638931274,
        0.8865153789520264,
        0.884512722492218,
        0.8878505229949951,
        0.8918558359146118,
        0.8951936364173889,
        0.8951936364173889,
        0.8931909799575806,
        0.8911882638931274,
        0.8831775784492493
      ],
      "n_runs": 75,
      "train_acc_mean": 0.9919204799334208,
      "train_acc_std": 0.009451091446238584,
      "num_params": 258824,
      "param_to_train_ratio": 57.61887800534283
    },
    "restricted_rownorm_mlp": {
      "test_acc_mean": 0.8960481015841166,
      "test_acc_std": 0.005680708845339511,
      "val_acc_mean": 0.9027922852834066,
      "val_acc_std": 0.008448484972699854,
      "per_run_test_acc": [
        0.8911882638931274,
        0.8898531794548035,
        0.8838451504707336,
        0.8898531794548035,
        0.8878505229949951,
        0.8898531794548035,
        0.8925234079360962,
        0.8945260643959045,
        0.8905207514762878,
        0.8811749219894409,
        0.8951936364173889,
        0.885847806930542,
        0.8885180354118347,
        0.8938584923744202,
        0.8958612084388733,
        0.9038718938827515,
        0.89986652135849,
        0.9005340933799744,
        0.9005340933799744,
        0.9018691778182983,
        0.8971962928771973,
        0.9065421223640442,
        0.9045394062995911,
        0.9032043218612671,
        0.89986652135849,
        0.8965287208557129,
        0.89986652135849,
        0.8951936364173889,
        0.9052069783210754,
        0.9038718938827515,
        0.8925234079360962,
        0.8978638648986816,
        0.8938584923744202,
        0.8891856074333191,
        0.8965287208557129,
        0.8905207514762878,
        0.8951936364173889,
        0.8945260643959045,
        0.8938584923744202,
        0.8918558359146118,
        0.8951936364173889,
        0.8931909799575806,
        0.8951936364173889,
        0.8925234079360962,
        0.8891856074333191,
        0.8965287208557129,
        0.8958612084388733,
        0.8838451504707336,
        0.89986652135849,
        0.8958612084388733,
        0.8965287208557129,
        0.8918558359146118,
        0.8925234079360962,
        0.8978638648986816,
        0.8898531794548035,
        0.8958612084388733,
        0.8991989493370056,
        0.8905207514762878,
        0.8938584923744202,
        0.8898531794548035,
        0.9038718938827515,
        0.89986652135849,
        0.9045394062995911,
        0.8978638648986816,
        0.8991989493370056,
        0.9032043218612671,
        0.9045394062995911,
        0.8971962928771973,
        0.9012016654014587,
        0.89986652135849,
        0.9052069783210754,
        0.9038718938827515,
        0.8978638648986816,
        0.9032043218612671,
        0.9018691778182983
      ],
      "n_runs": 75,
      "train_acc_mean": 0.992873280843099,
      "train_acc_std": 0.002625381771851985,
      "num_params": 258304,
      "param_to_train_ratio": 57.503116651825465
    }
  },
  "framework_analysis": {
    "sgc_mlp_acc_pct": 90.76368896166484,