{
  "dataset": "cora",
  "split_type": "random",
  "component_type": "lcc",
  "k": 2,
  "d_effective": 1427,
  "ortho_error": 1.9516677163267104e-10,
  "analysis": {
    "condition_number_U": 316.12590371617864,
    "singular_values_U_top20": [
      0.7014614110353403,
      0.6998302417239779,
      0.6981561079645703,
      0.6979490424184757,
      0.6977201057986222,
      0.6966999647723263,
      0.6959093110517618,
      0.6942261815777258,
      0.6937798306180547,
      0.6936835532553626,
      0.6922697833290034,
      0.6908776960526295,
      0.6898823872049753,
      0.688846053894909,
      0.6879495173715846,
      0.686575384790801,
      0.685076555730057,
      0.684054884880302,
      0.6830040304151961,
      0.6810192639127882
    ],
    "singular_values_U_bottom5": [
      0.00388064439098248,
      0.0033916046410534554,
      0.0032146884578877232,
      0.0030682957881501705,
      0.0022189305045534017
    ],
    "explained_variance_U_pct_top20": [
      0.2227089853730644,
      0.4443834058281916,
      0.6649985158362921,
      0.8854827811426204,
      1.10582242659618,
      1.3255182230740217,
      1.5447156565732731,
      1.7628540684502005,
      1.980712067426085,
      2.1985096053239794,
      2.415420278217919,
      2.6314594556619113,
      2.846876610370981,
      3.0616470568878418,
      3.2758588176250485,
      3.489215686034431,
      3.7016420334034095,
      3.913435260359277,
      4.124578267836209,
      4.334495921859878
    ],
    "condition_number_X": Infinity,
    "singular_values_X_top20": [
      40.06511411168609,
      14.384056078264754,
      13.302424071337942,
      12.876509167543063,
      11.869592800749137,
      9.77543743157259,
      8.906347400712882,
      8.431523027503495,
      8.227141674325852,
      8.00051658941352,
      7.607379307484308,
      7.402224178905856,
      7.271791946606382,
      7.120622348747913,
      6.913613173233552,
      6.683827468131517,
      6.344848617560005,
      6.237110924129095,
      6.098469411096572,
      5.971628440305899
    ],
    "explained_variance_X_pct_top20": [
      26.75425601782459,
      30.20269738086515,
      33.152015969075684,
      35.91549639869995,
      38.263678379655076,
      39.85637299300548,
      41.178457978135725,
      42.363331982947656,
      43.49145916273996,
      44.55829149857223,
      45.52285372960223,
      46.436092999175685,
      47.31743202292826,
      48.16250850672573,
      48.95916346511242,
      49.70374210313197,
      50.37471138818561,
      51.023087560555844,
      51.64295926190681,
      52.237313913600545
    ],
    "intra_class_mean_dist": 1.4124058890605429,
    "inter_class_centroid_dist": 0.1258018133864113,
    "spectral_separability": 0.08906916514635037,
    "variance_analysis": {
      "U_variance_mean": 0.00010375106481756225,
      "U_variance_std": 1.7827851626229844e-05,
      "U_variance_max": 0.000167076887967539,
      "U_variance_min": 2.4060138643266457e-05,
      "U_variance_ratio": 6.9441362537684865,
      "X_variance_mean": 0.002130257028590021,
      "X_variance_std": 0.004927341584312783,
      "X_variance_max": 0.09064583717384048,
      "X_variance_min": 0.0,
      "X_variance_ratio": 90645837173.84048,
      "variance_ratio_reduction": 13053579863.821823
    },
    "eigenvalue_stats": {
      "min": 0.017907678556553147,
      "max": 1.4651200093949792,
      "mean": 0.5740459718309405,
      "std": 0.36608676195000434,
      "d_effective": 1427
    },
    "span_verification_error": 0.01771501069426248,
    "num_edges": 5069,
    "avg_degree": 4.0796780684104625
  }
}