{
  "dataset": "cora",
  "split_type": "random",
  "component_type": "lcc",
  "k": 12,
  "d_effective": 1427,
  "ortho_error": 2.4091018069327674e-10,
  "analysis": {
    "condition_number_U": 57841.379039445375,
    "singular_values_U_top20": [
      0.707106754928826,
      0.707106744869949,
      0.7071067395087314,
      0.7071067252175292,
      0.7071067157598858,
      0.7071067102669931,
      0.7071067014982961,
      0.7071066978065219,
      0.7071066889144582,
      0.7071066616167359,
      0.707106658941468,
      0.7071066455111968,
      0.7071066354747493,
      0.7071065956126178,
      0.7071065656334694,
      0.7071065528989784,
      0.7071064903282313,
      0.707106452236484,
      0.7071063844055903,
      0.7071063524953738
    ],
    "singular_values_U_bottom5": [
      2.02977676298817e-05,
      1.6648997995479027e-05,
      1.624387833312592e-05,
      1.4511509955842145e-05,
      1.2224929050301673e-05
    ],
    "explained_variance_U_pct_top20": [
      0.2210076647354755,
      0.4420153231831058,
      0.663022978279417,
      0.8840306244422397,
      1.1050382646930506,
      1.3260459015102324,
      1.547053532846066,
      1.7680611618741566,
      1.9890687853437825,
      2.210076391749492,
      2.4310839964828808,
      2.6520915928209536,
      2.873099182885203,
      3.094106748031475,
      3.3151142944376635,
      3.536121832883471,
      3.7571293322160617,
      3.978136807737355,
      4.199144240857298,
      4.420151654030045
    ],
    "condition_number_X": Infinity,
    "singular_values_X_top20": [
      39.504538525604424,
      10.853479289629222,
      10.040767519077589,
      9.137587074867698,
      8.419426633264775,
      6.3719245270932365,
      6.135334311209355,
      5.807889610564077,
      5.5829753121952,
      5.428775065161805,
      4.939446616438595,
      4.825623489805906,
      4.317172219131081,
      4.109565153007758,
      3.9301093706662464,
      3.4830230553110346,
      3.454925054775386,
      3.2871290357927427,
      3.195830797269131,
      3.1506773006005755
    ],
    "explained_variance_X_pct_top20": [
      61.376409458534866,
      66.00922977396145,
      69.97421264923193,
      73.25796615631836,
      76.04583620655042,
      77.64262964312822,
      79.12304627982365,
      80.44965912781764,
      81.67551357639155,
      82.83458763973697,
      83.79412985159475,
      84.70995878601002,
      85.44296260957618,
      86.10716316262865,
      86.71462187547739,
      87.19173371205736,
      87.66117875177544,
      88.08613184790374,
      88.48780707491849,
      88.87821204755087
    ],
    "intra_class_mean_dist": 1.4121205458067874,
    "inter_class_centroid_dist": 0.1266642392354416,
    "spectral_separability": 0.08969789414336045,
    "variance_analysis": {
      "U_variance_mean": 0.00010624147059235399,
      "U_variance_std": 2.7008241815126208e-05,
      "U_variance_max": 0.00027913579250339967,
      "U_variance_min": 4.30264247865766e-05,
      "U_variance_ratio": 6.487543117989702,
      "X_variance_mean": 0.0005375366444383185,
      "X_variance_std": 0.0021176594678680516,
      "X_variance_max": 0.0494605951582233,
      "X_variance_min": 0.0,
      "X_variance_ratio": 49460595158.2233,
      "variance_ratio_reduction": 7623933168.330456
    },
    "eigenvalue_stats": {
      "min": 0.019564238277742108,
      "max": 1.4779225975620722,
      "mean": 0.5498156506072833,
      "std": 0.36692571359235004,
      "d_effective": 1427
    },
    "span_verification_error": 0.025131750452493672,
    "num_edges": 5069,
    "avg_degree": 4.0796780684104625
  }
}