{
  "dataset": "cora",
  "split_type": "random",
  "component_type": "lcc",
  "k": 20,
  "d_effective": 1262,
  "ortho_error": 2.367255280688596e-10,
  "analysis": {
    "condition_number_U": 101292.78566023253,
    "singular_values_U_top20": [
      0.7071067804585084,
      0.7071067803362556,
      0.7071067802109732,
      0.7071067800649145,
      0.7071067795699398,
      0.7071067794207059,
      0.7071067792314836,
      0.7071067788483584,
      0.707106778177007,
      0.7071067774042518,
      0.7071067769537158,
      0.7071067765965219,
      0.7071067760306866,
      0.7071067756469503,
      0.7071067748636236,
      0.7071067729438449,
      0.7071067726957422,
      0.7071067718818268,
      0.7071067713340174,
      0.70710676710387
    ],
    "singular_values_U_bottom5": [
      1.1445374178942559e-05,
      9.51290301914777e-06,
      8.873391898969466e-06,
      8.032081217959394e-06,
      6.980820754899211e-06
    ],
    "explained_variance_U_pct_top20": [
      0.24931843324329725,
      0.49863686640038446,
      0.7479552994691251,
      0.997273732434868,
      1.2465921650515657,
      1.4959105975630265,
      1.7452290299410516,
      1.9945474620489048,
      2.243865893683335,
      2.4931843247728347,
      2.7425027555446255,
      2.9918211860645307,
      3.2411396161854213,
      3.490458046035709,
      3.7397764753336107,
      3.9890949032777248,
      4.238413331046883,
      4.487731758242084,
      4.737050185050982,
      4.986368608876869
    ],
    "condition_number_X": Infinity,
    "singular_values_X_top20": [
      39.414254761912204,
      9.591445018655106,
      8.590947941507942,
      7.9497980392261125,
      6.990325697614677,
      5.876431916552729,
      5.489466809272167,
      4.884666754351725,
      4.7375733740966375,
      4.104762450607687,
      3.9954225046481815,
      3.796009033585427,
      3.4363632258230314,
      3.3226720589153893,
      3.096123762780238,
      2.7218067412121782,
      2.5355315519490063,
      2.435861757664129,
      2.3380008026655945,
      2.1845610602341305
    ],
    "explained_variance_X_pct_top20": [
      72.32170195797435,
      76.604524524345,
      80.04045346737566,
      82.9826670130337,
      85.25753825919963,
      86.86518052971076,
      88.26806635202549,
      89.37885614314357,
      90.42375414236147,
      91.20815499446303,
      91.95132371476575,
      92.62215988920207,
      93.1719034165179,
      93.68587245502263,
      94.13214341215614,
      94.47703020984952,
      94.77632560677712,
      95.05255333611528,
      95.30703196194389,
      95.5292044994502
    ],
    "intra_class_mean_dist": 1.4113696859024123,
    "inter_class_centroid_dist": 0.13188013337647467,
    "spectral_separability": 0.09344123987766688,
    "variance_analysis": {
      "U_variance_mean": 0.0001064840512429108,
      "U_variance_std": 2.7412142318739314e-05,
      "U_variance_max": 0.00024323153635629708,
      "U_variance_min": 2.2283120258308188e-05,
      "U_variance_ratio": 10.915505666227482,
      "X_variance_mean": 0.0003552859326270183,
      "X_variance_std": 0.0016092319926920059,
      "X_variance_max": 0.03942914082710333,
      "X_variance_min": 0.0,
      "X_variance_ratio": 39429140827.10333,
      "variance_ratio_reduction": 3612213857.3106403
    },
    "eigenvalue_stats": {
      "min": 0.022898144966538924,
      "max": 1.4771624296173895,
      "mean": 0.5009125881167761,
      "std": 0.3437588502337371,
      "d_effective": 1262
    },
    "span_verification_error": 0.09241039431021435,
    "num_edges": 5069,
    "avg_degree": 4.0796780684104625
  }
}