k,sgc_mlp,restr_std,restr_rn,part_a,part_b,rem_gap,n_runs,fisher_score,fisher_score_X_diffused,log_magnitude,dual_stream,spec_alpha-1.0,spec_alpha-0.5,spec_alpha0.0,spec_alpha0.5,spec_alpha1.0,best_spectral_alpha,part_b6,part_b5_logmag,part_b5_dual,best_nested_spheres_key,part_b6_nested
1,85.0624,72.9577,71.0127,12.1046,-1.945,14.0496,75,0.012505952666665366,0.014302480502103471,,,,,,,,,,,,,
2,86.342,75.3132,71.8444,11.0288,-3.4688,14.4977,75,0.012997530317191364,0.02461344360193437,,,,,,,,,,,,,
4,85.6258,75.3132,72.11,10.3125,-3.2032,13.5158,75,0.013113386701261595,0.026723769976507102,,,,,,,,,,,,,
6,85.7653,75.0047,72.55,10.7606,-2.4547,13.2153,75,0.012823273444536426,0.026714487581891978,,,,,,,,,,,,,
8,85.717,75.0235,72.7297,10.6935,-2.2938,12.9873,75,0.012859933836361071,0.025659317822496454,,,,,,,,,,,,,
10,85.5989,74.1596,83.619,11.4393,9.4594,1.9799,75,0.03977674423505434,0.024090598885153025,82.3367,82.4494,50.5272,59.9571,82.5191,84.0054,84.7941,1.0,1.1750497817993164,-1.2823604742686001,-1.1696844895680698,nested_spheres_a1.0_b1.0,1.6445330778757778
12,85.4594,73.9906,83.8551,11.4688,9.8645,1.6043,75,0.03968183651752858,0.022324577974657863,,,,,,,,,,,,,
20,84.6304,74.1435,83.2783,10.4869,9.1348,1.3521,75,0.038791235151599726,0.015759116004650662,,,,,,,,,,,,,
30,83.882,73.7492,79.8846,10.1328,6.1355,3.9973,75,0.03340871658210755,0.010367131878014513,,,,,,,,,,,,,
