{
  "fisher_score": 0.0034672894410710357,
  "mean_fisher_score": 0.0038119340911316525,
  "std_fisher_score": 0.0002686821825320785,
  "per_split": [
    {
      "split": 0,
      "fisher_score": 0.0034672894410710357,
      "fisher_score_U": 0.0034672894410710357,
      "between_class_variance": 0.00013322363396456706,
      "within_class_variance": 0.038422991858278396,
      "per_feature_U_stats": {
        "mean": 0.00012875725813283042,
        "std": 7.215294279144444e-05,
        "max": 0.0007485186724402203,
        "top5": [
          0.0007485186724402203,
          0.0006619528485523091,
          0.0005896233627093322,
          0.00039360050285676233,
          0.0003749585242321051
        ]
      },
      "note": "Computed on training set only to prevent data leakage",
      "fisher_score_X_diffused": 0.012872735258684001,
      "between_class_variance_X": 0.010985042424615909,
      "within_class_variance_X": 0.8533572860674932,
      "per_feature_X_stats": {
        "mean": 0.007079890491085858,
        "std": 0.004813273281560105,
        "max": 0.02466698595908425,
        "top5": [
          0.02466698595908425,
          0.023815650715448947,
          0.022989675504100415,
          0.022958562582070977,
          0.020755934776632613
        ],
        "n_cols_sampled": 300
      }
    },
    {
      "split": 1,
      "fisher_score": 0.003943228514023399,
      "fisher_score_U": 0.003943228514023399,
      "between_class_variance": 0.00015343729782786505,
      "within_class_variance": 0.03891159167727466,
      "per_feature_U_stats": {
        "mean": 0.00014175391995408044,
        "std": 7.872348531502433e-05,
        "max": 0.0007518402521016484,
        "top5": [
          0.0007518402521016484,
          0.0007426745440350012,
          0.0006979534100214566,
          0.0003638965303219741,
          0.00035950812040476984
        ]
      },
      "note": "Computed on training set only to prevent data leakage",
      "fisher_score_X_diffused": 0.010716777110858092,
      "between_class_variance_X": 0.009035498495197272,
      "within_class_variance_X": 0.8431171425635631,
      "per_feature_X_stats": {
        "mean": 0.006970042861400986,
        "std": 0.004822627624251542,
        "max": 0.026201353709160272,
        "top5": [
          0.026201353709160272,
          0.02553472450581333,
          0.0236169240229759,
          0.02242738278107999,
          0.02025387515396296
        ],
        "n_cols_sampled": 300
      }
    },
    {
      "split": 2,
      "fisher_score": 0.004255950004598553,
      "fisher_score_U": 0.004255950004598553,
      "between_class_variance": 0.000160593405186754,
      "within_class_variance": 0.037733856133937864,
      "per_feature_U_stats": {
        "mean": 0.000150801078783989,
        "std": 7.990178259655874e-05,
        "max": 0.000747044853791871,
        "top5": [
          0.000747044853791871,
          0.0007370636195421077,
          0.0006472425073464737,
          0.0004124344090518334,
          0.00039323604468714693
        ]
      },
      "note": "Computed on training set only to prevent data leakage",
      "fisher_score_X_diffused": 0.011324829201446262,
      "between_class_variance_X": 0.009331197131483556,
      "within_class_variance_X": 0.8239591931586832,
      "per_feature_X_stats": {
        "mean": 0.00700180385604981,
        "std": 0.004836739073004249,
        "max": 0.025514014120493464,
        "top5": [
          0.025514014120493464,
          0.02479859905723305,
          0.023418082604401216,
          0.02301545229859369,
          0.021219851609512685
        ],
        "n_cols_sampled": 300
      }
    },
    {
      "split": 3,
      "fisher_score": 0.0036723220910408576,
      "fisher_score_U": 0.0036723220910408576,
      "between_class_variance": 0.00014173495658834456,
      "within_class_variance": 0.038595458969714766,
      "per_feature_U_stats": {
        "mean": 0.00013570818757204593,
        "std": 8.02764580455917e-05,
        "max": 0.0007684943445241919,
        "top5": [
          0.0007684943445241919,
          0.0007465690696494083,
          0.0006162467607368467,
          0.0004539181123335275,
          0.0003800323222251415
        ]
      },
      "note": "Computed on training set only to prevent data leakage",
      "fisher_score_X_diffused": 0.011665989544687953,
      "between_class_variance_X": 0.01013102461890173,
      "within_class_variance_X": 0.868423941243359,
      "per_feature_X_stats": {
        "mean": 0.00695691699810179,
        "std": 0.004820005171858457,
        "max": 0.02558005963516942,
        "top5": [
          0.02558005963516942,
          0.02542221831511798,
          0.023046238271450088,
          0.023016537257767127,
          0.020942030495959316
        ],
        "n_cols_sampled": 300
      }
    },
    {
      "split": 4,
      "fisher_score": 0.0037208804049244167,
      "fisher_score_U": 0.0037208804049244167,
      "between_class_variance": 0.0001414729612207524,
      "within_class_variance": 0.038021367478922284,
      "per_feature_U_stats": {
        "mean": 0.0001329329855911131,
        "std": 7.23311894847637e-05,
        "max": 0.000711133902974066,
        "top5": [
          0.000711133902974066,
          0.0006656953223621164,
          0.000534121037701388,
          0.0004047399764717914,
          0.0003884213107120777
        ]
      },
      "note": "Computed on training set only to prevent data leakage",
      "fisher_score_X_diffused": 0.010210022631676098,
      "between_class_variance_X": 0.008474691066848221,
      "within_class_variance_X": 0.830036462461494,
      "per_feature_X_stats": {
        "mean": 0.006918157468072023,
        "std": 0.0047835202867552665,
        "max": 0.025466779894484835,
        "top5": [
          0.025466779894484835,
          0.025384892344635413,
          0.02399119645056186,
          0.022183793770389624,
          0.020894049083126833
        ],
        "n_cols_sampled": 300
      }
    }
  ],
  "note": "Fisher score computed on training set only (no leakage)"
}