{
  "fisher_score": 0.06330107396675953,
  "mean_fisher_score": 0.06330107396675953,
  "std_fisher_score": 0.0,
  "per_split": [
    {
      "split": 0,
      "fisher_score": 0.06330107396675953,
      "fisher_score_U": 0.06330107396675953,
      "between_class_variance": 0.00825145017331196,
      "within_class_variance": 0.13035245148676208,
      "per_feature_U_stats": {
        "mean": 0.0001617771605653213,
        "std": 0.00015249185983094065,
        "max": 0.002168903840744197,
        "top5": [
          0.002168903840744197,
          0.002164492824583582,
          0.0019799678177638206,
          0.0019516197754733487,
          0.0018560721696671213
        ]
      },
      "note": "Computed on training set only to prevent data leakage",
      "fisher_score_X_diffused": 0.139376443519587,
      "between_class_variance_X": 0.10140478069815291,
      "within_class_variance_X": 0.7275603978508907,
      "per_feature_X_stats": {
        "mean": 0.0023884924851759106,
        "std": 0.010987350885894821,
        "max": 0.14001207861989984,
        "top5": [
          0.14001207861989984,
          0.12718173989495346,
          0.07800364635370025,
          0.05593572530671836,
          0.0501400353505595
        ],
        "n_cols_sampled": 500
      }
    }
  ],
  "note": "Fisher score computed on training set only (no leakage)"
}