{
  "fisher_score": 0.08462985731755,
  "std_fisher_score": 0.0,
  "per_split": [
    {
      "split": 0,
      "fisher_score": 0.08462985731755,
      "fisher_score_U": 0.08462985731755,
      "between_class_variance": 0.0005702604706330787,
      "within_class_variance": 0.0067382894017336565,
      "per_feature_U_stats": {
        "mean": 0.08040147221462407,
        "std": 0.1395641208090129,
        "max": 2.2170160985888865,
        "top5": [
          2.2170160985888865,
          1.6850549050990347,
          1.2846123988719824,
          0.8455754012258332,
          0.7009673116446518
        ]
      },
      "note": "Computed on training set only to prevent data leakage",
      "fisher_score_X_diffused": 0.02867181014206191,
      "between_class_variance_X": 0.5291200009757058,
      "within_class_variance_X": 18.45436330507365,
      "per_feature_X_stats": {
        "mean": 0.15502319467073852,
        "std": 0.17104147831959163,
        "max": 1.2678435289378163,
        "top5": [
          1.2678435289378163,
          1.1625429911006395,
          1.0888387501726438,
          0.840252966900036,
          0.8329552038472138
        ],
        "n_cols_sampled": 500
      }
    }
  ],
  "note": "Fisher score computed on training set only (no leakage)"
}