{
  "fisher_score": 0.009361267456982571,
  "mean_fisher_score": 0.009361267456982571,
  "std_fisher_score": 0.0,
  "per_split": [
    {
      "split": 0,
      "fisher_score": 0.009361267456982571,
      "fisher_score_U": 0.009361267456982571,
      "between_class_variance": 0.0014721659144475753,
      "within_class_variance": 0.15726138807726153,
      "per_feature_U_stats": {
        "mean": 0.0004588754249544684,
        "std": 0.0010837300951055924,
        "max": 0.0168145551722214,
        "top5": [
          0.0168145551722214,
          0.01349600635802941,
          0.013113823311327466,
          0.00554382388482936,
          0.0053346321562196064
        ]
      },
      "note": "Computed on training set only to prevent data leakage",
      "fisher_score_X_diffused": 0.17589321104978342,
      "between_class_variance_X": 0.6870470552382832,
      "within_class_variance_X": 3.9060464649987363,
      "per_feature_X_stats": {
        "mean": 0.027748383290633696,
        "std": 0.02926283056700645,
        "max": 0.20665136021021668,
        "top5": [
          0.20665136021021668,
          0.19293838147960332,
          0.18055441774329997,
          0.15598751337691327,
          0.15306966069395245
        ],
        "n_cols_sampled": 500
      }
    }
  ],
  "note": "Fisher score computed on training set only (no leakage)"
}