{
  "fisher_score": 0.00944155431782745,
  "mean_fisher_score": 0.00944155431782745,
  "std_fisher_score": 0.0,
  "per_split": [
    {
      "split": 0,
      "fisher_score": 0.00944155431782745,
      "fisher_score_U": 0.00944155431782745,
      "between_class_variance": 0.0005164529836959371,
      "within_class_variance": 0.05469999602933764,
      "per_feature_U_stats": {
        "mean": 0.00040996307973285054,
        "std": 0.00024656933354376236,
        "max": 0.002014000259707488,
        "top5": [
          0.002014000259707488,
          0.0013563931883688876,
          0.0012617188012553292,
          0.0012511619309951523,
          0.0011390270944459646
        ]
      },
      "note": "Computed on training set only to prevent data leakage",
      "fisher_score_X_diffused": 0.030846092980317156,
      "between_class_variance_X": 0.023905222960180914,
      "within_class_variance_X": 0.7749838196829271,
      "per_feature_X_stats": {
        "mean": 0.007957376952718158,
        "std": 0.005403960254139838,
        "max": 0.03348460552356247,
        "top5": [
          0.03348460552356247,
          0.03278535901599968,
          0.026613265546197713,
          0.024046059248572022,
          0.023270236913646755
        ],
        "n_cols_sampled": 300
      }
    }
  ],
  "note": "Fisher score computed on training set only (no leakage)"
}