{
  "dataset": "wikics",
  "k": 20,
  "split_type": "random",
  "component_type": "lcc",
  "num_seeds": 15,
  "num_splits": 5,
  "total_runs_per_method": 75,
  "metadata": {
    "d_effective": 300,
    "ortho_error": 2.479837668545315e-09,
    "num_components": 0,
    "num_nodes": 11311,
    "num_features": 300,
    "num_classes": 10
  },
  "experiments": {
    "sgc_mlp_baseline": {
      "test_acc_mean": 0.7969479870796203,
      "test_acc_std": 0.009612361484952241,
      "val_acc_mean": 0.8042676361401876,
      "val_acc_std": 0.007410936459257847,
      "per_run_test_acc": [
        0.7931948304176331,
        0.7923110723495483,
        0.7989394664764404,
        0.7958462238311768,
        0.7909854054450989,
        0.7971718907356262,
        0.7949624061584473,
        0.7918691635131836,
        0.7958462238311768,
        0.7909854054450989,
        0.7949624061584473,
        0.7887759208679199,
        0.7962880730628967,
        0.7971718907356262,
        0.7984975576400757,
        0.7971718907356262,
        0.7989394664764404,
        0.7998232245445251,
        0.7949624061584473,
        0.7962880730628967,
        0.8002651333808899,
        0.7971718907356262,
        0.7949624061584473,
        0.7993813157081604,
        0.7984975576400757,
        0.8002651333808899,
        0.797613799571991,
        0.7927529811859131,
        0.7958462238311768,
        0.7945205569267273,
        0.814405620098114,
        0.8082191348075867,
        0.8099867105484009,
        0.8113123774528503,
        0.8033583760261536,
        0.8082191348075867,
        0.8042421340942383,
        0.8135218620300293,
        0.8011488914489746,
        0.8091029524803162,
        0.8029164671897888,
        0.8020327091217041,
        0.8091029524803162,
        0.8055678009986877,
        0.8099867105484009,
        0.7799381017684937,
        0.7799381017684937,
        0.786124587059021,
        0.7839151620864868,
        0.7799381017684937,
        0.7786124348640442,
        0.7839151620864868,
        0.7870084047317505,
        0.7847989201545715,
        0.7790543437004089,
        0.7878921627998352,
        0.7711002826690674,
        0.7887759208679199,
        0.7746354341506958,
        0.7808219194412231,
        0.797613799571991,
        0.8068934679031372,
        0.8024745583534241,
        0.8024745583534241,
        0.8020327091217041,
        0.8055678009986877,
        0.8029164671897888,
        0.8099867105484009,
        0.807335376739502,
        0.8095448613166809,
        0.7980556488037109,
        0.8029164671897888,
        0.7967299818992615,
        0.804684042930603,
        0.8060097098350525
      ],
      "n_runs": 75,
      "train_acc_mean": 0.8166322541236878,
      "train_acc_std": 0.005380173190244704,
      "num_params": 145418,
      "param_to_train_ratio": 21.42911877394636
    },
    "restricted_standard_mlp": {
      "test_acc_mean": 0.7925644246737162,
      "test_acc_std": 0.010833984126636062,
      "val_acc_mean": 0.8050339158376058,
      "val_acc_std": 0.007402277319249862,
      "per_run_test_acc": [
        0.7909854054450989,
        0.7870084047317505,
        0.786124587059021,
        0.7878921627998352,
        0.7914273142814636,
        0.7856826782226562,
        0.7878921627998352,
        0.7870084047317505,
        0.7918691635131836,
        0.7843570113182068,
        0.7870084047317505,
        0.7878921627998352,
        0.7892178297042847,
        0.7918691635131836,
        0.7905434966087341,
        0.7794962525367737,
        0.7799381017684937,
        0.7786124348640442,
        0.7843570113182068,
        0.7772867679595947,
        0.7870084047317505,
        0.77684485912323,
        0.7847989201545715,
        0.7724259495735168,
        0.77684485912323,
        0.7843570113182068,
        0.7746354341506958,
        0.7715421915054321,
        0.7786124348640442,
        0.7821475863456726,
        0.8099867105484009,
        0.8055678009986877,
        0.8020327091217041,
        0.8091029524803162,
        0.8183826804161072,
        0.8086610436439514,
        0.7980556488037109,
        0.8011488914489746,
        0.8024745583534241,
        0.8108705282211304,
        0.8068934679031372,
        0.8121961951255798,
        0.8038002252578735,
        0.8007069826126099,
        0.807335376739502,
        0.7874502539634705,
        0.786124587059021,
        0.7852408289909363,
        0.7843570113182068,
        0.7901016473770142,
        0.786124587059021,
        0.7865664958953857,
        0.7856826782226562,
        0.7852408289909363,
        0.7892178297042847,
        0.7856826782226562,
        0.7874502539634705,
        0.7892178297042847,
        0.7812637686729431,
        0.7839151620864868,
        0.8033583760261536,
        0.797613799571991,
        0.8033583760261536,
        0.7993813157081604,
        0.804684042930603,
        0.8024745583534241,
        0.8064516186714172,
        0.8015908002853394,
        0.7989394664764404,
        0.8068934679031372,
        0.8015908002853394,
        0.8011488914489746,
        0.8051259517669678,
        0.8020327091217041,
        0.8011488914489746
      ],
      "n_runs": 75,
      "train_acc_mean": 0.9074132657051086,
      "train_acc_std": 0.02573264262095695,
      "num_params": 145418,
      "param_to_train_ratio": 21.42911877394636
    },
    "restricted_rownorm_mlp": {
      "test_acc_mean": 0.7934835561116537,
      "test_acc_std": 0.010743318945676152,
      "val_acc_mean": 0.8055408406257629,
      "val_acc_std": 0.007178458382214304,
      "per_run_test_acc": [
        0.7878921627998352,
        0.7949624061584473,
        0.7918691635131836,
        0.7803800106048584,
        0.7896597385406494,
        0.7989394664764404,
        0.7918691635131836,
        0.786124587059021,
        0.7874502539634705,
        0.7967299818992615,
        0.7962880730628967,
        0.7958462238311768,
        0.7945205569267273,
        0.7909854054450989,
        0.7887759208679199,
        0.7812637686729431,
        0.7817056775093079,
        0.7870084047317505,
        0.7830313444137573,
        0.7834732532501221,
        0.77640300989151,
        0.7817056775093079,
        0.7918691635131836,
        0.7887759208679199,
        0.7847989201545715,
        0.7786124348640442,
        0.7808219194412231,
        0.7817056775093079,
        0.7839151620864868,
        0.7790543437004089,
        0.7993813157081604,
        0.8130799531936646,
        0.8064516186714172,
        0.8015908002853394,
        0.8064516186714172,
        0.8051259517669678,
        0.814405620098114,
        0.8042421340942383,
        0.807335376739502,
        0.8055678009986877,
        0.8038002252578735,
        0.8077772855758667,
        0.8148475289344788,
        0.8113123774528503,
        0.7998232245445251,
        0.7817056775093079,
        0.7799381017684937,
        0.7856826782226562,
        0.7803800106048584,
        0.7821475863456726,
        0.7847989201545715,
        0.7878921627998352,
        0.7799381017684937,
        0.7856826782226562,
        0.7786124348640442,
        0.7847989201545715,
        0.7817056775093079,
        0.7825894951820374,
        0.7834732532501221,
        0.7834732532501221,
        0.8002651333808899,
        0.7993813157081604,
        0.8068934679031372,
        0.8029164671897888,
        0.8086610436439514,
        0.8038002252578735,
        0.8042421340942383,
        0.8086610436439514,
        0.7998232245445251,
        0.8011488914489746,
        0.8024745583534241,
        0.7998232245445251,
        0.8060097098350525,
        0.8024745583534241,
        0.8042421340942383
      ],
      "n_runs": 75,
      "train_acc_mean": 0.9339856187502543,
      "train_acc_std": 0.025823705845775934,
      "num_params": 144896,
      "param_to_train_ratio": 21.352195697023284
    }
  },