{
  "dataset": "cora",
  "k": 1,
  "split_type": "fixed",
  "component_type": "lcc",
  "num_seeds": 15,
  "num_splits": 1,
  "total_runs_per_method": 15,
  "metadata": {
    "d_effective": 1427,
    "ortho_error": 1.3199363824156762e-10,
    "num_components": 0,
    "num_nodes": 2485,
    "num_features": 1433,
    "num_classes": 7
  },
  "experiments": {
    "sgc_mlp_baseline": {
      "test_acc_mean": 0.627103849252065,
      "test_acc_std": 0.011295848630534967,
      "val_acc_mean": 0.6023238738377888,
      "val_acc_std": 0.010429235435320955,
      "per_run_test_acc": [
        0.6349726915359497,
        0.6262295246124268,
        0.6262295246124268,
        0.6316940188407898,
        0.6415300965309143,
        0.6076502799987793,
        0.6218579411506653,
        0.6437158584594727,
        0.6076502799987793,
        0.6349726915359497,
        0.6371585130691528,
        0.6327869296073914,
        0.6306011080741882,
        0.6098361015319824,
        0.6196721792221069
      ],
      "n_runs": 15,
      "train_acc_mean": 0.9972677032152811,
      "train_acc_std": 0.007124802878369155,
      "num_params": 434695,
      "param_to_train_ratio": 3563.0737704918033
    },
    "restricted_standard_mlp": {
      "test_acc_mean": 0.394972691933314,
      "test_acc_std": 0.01504761168237509,
      "val_acc_mean": 0.3832970102628072,
      "val_acc_std": 0.014548998092735691,
      "per_run_test_acc": [
        0.4065573811531067,
        0.37377050518989563,
        0.3923497498035431,
        0.3650273382663727,
        0.41420766711235046,
        0.3890710473060608,
        0.38032788038253784,
        0.3846994638442993,
        0.4262295365333557,
        0.40109291672706604,
        0.3989071249961853,
        0.4021857976913452,
        0.39453554153442383,
        0.40437158942222595,
        0.39125683903694153
      ],
      "n_runs": 15,
      "train_acc_mean": 0.9999999403953552,
      "train_acc_std": 0.0,
      "num_params": 433159,
      "param_to_train_ratio": 3550.4836065573772
    },
    "restricted_rownorm_mlp": {
      "test_acc_mean": 0.3465209623177846,
      "test_acc_std": 0.012559378197253548,
      "val_acc_mean": 0.3317356467247009,
      "val_acc_std": 0.010775448666678535,
      "per_run_test_acc": [
        0.35956284403800964,
        0.35628417134284973,
        0.3300546705722809,
        0.33442625403404236,
        0.34535521268844604,
        0.33770492672920227,
        0.34098362922668457,
        0.33879783749580383,
        0.339890718460083,
        0.36284154653549194,
        0.35519126057624817,
        0.3267759680747986,
        0.36284154653549194,
        0.339890718460083,
        0.3672131299972534
      ],
      "n_runs": 15,
      "train_acc_mean": 0.9994534929593404,
      "train_acc_std": 0.0020446190854484995,
      "num_params": 432640,
      "param_to_train_ratio": 3546.2295081967213
    }
  },
  "framework_analysis": {
    "sgc_mlp_acc_pct": 62.7103849252065,
    "restricted_std_acc_pct": 39.497269193331405,
    "restricted_rownorm_acc_pct": 34.652096231778465,
    "part_a_pp": 23.213115731875092,
    "part_b_pp": -4.84517296155294,
    "remaining_gap_pp": 28.058288693428032
  }
}