{
  "dataset": "cora",
  "k": 2,
  "split_type": "fixed",
  "component_type": "lcc",
  "num_seeds": 15,
  "num_splits": 1,
  "total_runs_per_method": 15,
  "metadata": {
    "d_effective": 1427,
    "ortho_error": 1.9516677163267104e-10,
    "num_components": 0,
    "num_nodes": 2485,
    "num_features": 1433,
    "num_classes": 7
  },
  "experiments": {
    "sgc_mlp_baseline": {
      "test_acc_mean": 0.695154853661855,
      "test_acc_std": 0.01842847423003736,
      "val_acc_mean": 0.7045751372973125,
      "val_acc_std": 0.010901955380913882,
      "per_run_test_acc": [
        0.7049180865287781,
        0.674316942691803,
        0.7158470153808594,
        0.6928961873054504,
        0.6819672584533691,
        0.7038251757621765,
        0.7016393542289734,
        0.6557377576828003,
        0.702732264995575,
        0.6863388419151306,
        0.6918032765388489,
        0.7289617657661438,
        0.6699453592300415,
        0.7114754319190979,
        0.7049180865287781
      ],
      "n_runs": 15,
      "train_acc_mean": 0.9972677032152811,
      "train_acc_std": 0.004887574452238338,
      "num_params": 434695,
      "param_to_train_ratio": 3563.0737704918033
    },
    "restricted_standard_mlp": {
      "test_acc_mean": 0.471183983484904,
      "test_acc_std": 0.011509997071524933,
      "val_acc_mean": 0.4521423319975535,
      "val_acc_std": 0.012035053888968231,
      "per_run_test_acc": [
        0.46994537115097046,
        0.4557377099990845,
        0.471038281917572,
        0.4644808769226074,
        0.46994537115097046,
        0.4579235017299652,
        0.47650274634361267,
        0.4557377099990845,
        0.4677595794200897,
        0.4622950851917267,
        0.4786885380744934,
        0.49836066365242004,
        0.4896174967288971,
        0.47322407364845276,
        0.47650274634361267
      ],
      "n_runs": 15,
      "train_acc_mean": 0.9999999403953552,
      "train_acc_std": 0.0,
      "num_params": 433159,
      "param_to_train_ratio": 3550.4836065573772
    },
    "restricted_rownorm_mlp": {
      "test_acc_mean": 0.3202185889085134,
      "test_acc_std": 0.011716611360198569,
      "val_acc_mean": 0.34219316244125364,
      "val_acc_std": 0.012640336772707067,
      "per_run_test_acc": [
        0.35191258788108826,
        0.3125683069229126,
        0.3224043846130371,
        0.3300546705722809,
        0.3234972655773163,
        0.31803280115127563,
        0.3289617598056793,
        0.3081967234611511,
        0.3016393482685089,
        0.30710384249687195,
        0.3114754259586334,
        0.32021859288215637,
        0.3234972655773163,
        0.3169398903846741,
        0.3267759680747986
      ],
      "n_runs": 15,
      "train_acc_mean": 0.9994534929593404,
      "train_acc_std": 0.002044619085448499,
      "num_params": 432640,
      "param_to_train_ratio": 3546.2295081967213
    }
  },
  "framework_analysis": {
    "sgc_mlp_acc_pct": 69.5154853661855,
    "restricted_std_acc_pct": 47.118398348490395,
    "restricted_rownorm_acc_pct": 32.02185889085134,
    "part_a_pp": 22.397087017695107,
    "part_b_pp": -15.096539457639054,
    "remaining_gap_pp": 37.49362647533416
  }
}