{
  "dataset": "pubmed",
  "diffusion_type": "cmg",
  "k": 4,
  "num_seeds": 3,
  "num_splits": 3,
  "avg_diffusion_time": NaN,
  "results": {
    "a_raw_std": {
      "mean": 0.8230223059654236,
      "std": 0.003910364720130966
    },
    "b_restricted_std": {
      "mean": 0.8112181491321987,
      "std": 0.004789106120636614
    },
    "c_restricted_rownorm": {
      "mean": 0.8012170195579529,
      "std": 0.0025251564987523517
    }
  }
}