{
  "dataset": "coauthor-physics",
  "k": 6,
  "split_type": "random",
  "component_type": "lcc",
  "num_seeds": 15,
  "num_splits": 5,
  "total_runs_per_method": 75,
  "metadata": {
    "d_effective": 7697,
    "ortho_error": 5.244266132464759e-10,
    "num_components": 0,
    "num_nodes": 34493,
    "num_features": 8415,
    "num_classes": 5
  },
  "experiments": {
    "sgc_mlp_baseline": {
      "test_acc_mean": 0.9549970587094625,
      "test_acc_std": 0.0016757122483530592,
      "val_acc_mean": 0.9561612033843994,
      "val_acc_std": 0.0018749865344783684,
      "per_run_test_acc": [
        0.9565216898918152,
        0.9536231160163879,
        0.9528985023498535,
        0.9537680745124817,
        0.9536231160163879,
        0.9549275040626526,
        0.9544926881790161,
        0.955652117729187,
        0.9540579319000244,
        0.9562318325042725,
        0.9542028307914734,
        0.9546376466751099,
        0.9527536034584045,
        0.9531883597373962,
        0.9550724029541016,
        0.9565216898918152,
        0.9537680745124817,
        0.9569565057754517,
        0.9581158757209778,
        0.9569565057754517,
        0.9581158757209778,
        0.9582608342170715,
        0.9560869336128235,
        0.9557970762252808,
        0.9578260183334351,
        0.9560869336128235,
        0.9553622603416443,
        0.958840548992157,
        0.9544926881790161,
        0.9571014046669006,
        0.9520289301872253,
        0.9523187875747681,
        0.9527536034584045,
        0.9540579319000244,
        0.9543477892875671,
        0.9527536034584045,
        0.9524637460708618,
        0.9544926881790161,
        0.9549275040626526,
        0.95333331823349,
        0.9531883597373962,
        0.95333331823349,
        0.9547825455665588,
        0.9552173614501953,
        0.9552173614501953,
        0.9557970762252808,
        0.9563767910003662,
        0.9544926881790161,
        0.9546376466751099,
        0.9559419751167297,
        0.9553622603416443,
        0.9572463035583496,
        0.9540579319000244,
        0.9542028307914734,
        0.9563767910003662,
        0.9557970762252808,
        0.9571014046669006,
        0.9571014046669006,
        0.9539129734039307,
        0.9557970762252808,
        0.9549275040626526,
        0.9530434608459473,
        0.9540579319000244,
        0.9544926881790161,
        0.9540579319000244,
        0.9563767910003662,
        0.9565216898918152,
        0.9563767910003662,
        0.9562318325042725,
        0.9559419751167297,
        0.9572463035583496,
        0.95333331823349,
        0.9528985023498535,
        0.9530434608459473,
        0.9508695006370544
      ],
      "n_runs": 75,
      "train_acc_mean": 0.9910181037584941,
      "train_acc_std": 0.005002561845784755,
      "num_params": 2221573,
      "param_to_train_ratio": 107.34829669002174
    },
    "restricted_standard_mlp": {
      "test_acc_mean": 0.8574994786580403,
      "test_acc_std": 0.015627336782927524,
      "val_acc_mean": 0.8638001298904419,
      "val_acc_std": 0.01415141174988956,
      "per_run_test_acc": [
        0.8550724387168884,
        0.8495652079582214,
        0.8446376323699951,
        0.8781158924102783,
        0.8547825813293457,
        0.8476811051368713,
        0.8889854550361633,
        0.8734782338142395,
        0.8552173376083374,
        0.8663767576217651,
        0.8394202589988708,
        0.837101399898529,
        0.8659420013427734,
        0.8514492511749268,
        0.8494202494621277,
        0.867536187171936,
        0.8376811146736145,
        0.8568115830421448,
        0.8739129900932312,
        0.8420289754867554,
        0.8611593842506409,
        0.8613042831420898,
        0.8586956262588501,
        0.8589854836463928,
        0.8810144662857056,
        0.8623188138008118,
        0.8868115544319153,
        0.8756521344184875,
        0.8450724482536316,
        0.8704347610473633,
        0.8472463488578796,
        0.8555071949958801,
        0.8727535605430603,
        0.8557970523834229,
        0.8397101163864136,
        0.8682608008384705,
        0.878405749797821,
        0.8431883454322815,
        0.834927499294281,
        0.870724618434906,
        0.8608695268630981,
        0.8781158924102783,
        0.8582608103752136,
        0.8660869002342224,
        0.85999995470047,
        0.8743478059768677,
        0.8586956262588501,
        0.8284057378768921,
        0.8542028665542603,
        0.8607246279716492,
        0.8468115329742432,
        0.8149275183677673,
        0.8482608199119568,
        0.8446376323699951,
        0.827246367931366,
        0.8523188233375549,
        0.8395651578903198,
        0.8692753314971924,
        0.8442028760910034,
        0.8281158804893494,
        0.8588405251502991,
        0.8418840169906616,
        0.8527535796165466,
        0.8792753219604492,
        0.8508695363998413,
        0.8536231517791748,
        0.8424637317657471,
        0.8568115830421448,
        0.8757970333099365,
        0.8481159210205078,
        0.8502898216247559,
        0.8807246088981628,
        0.8869564533233643,
        0.872898519039154,
        0.8828985095024109
      ],
      "n_runs": 75,
      "train_acc_mean": 0.9980078784624735,
      "train_acc_std": 0.0011755291269774904,
      "num_params": 2037765,
      "param_to_train_ratio": 98.46653781106548
    },
    "restricted_rownorm_mlp": {
      "test_acc_mean": 0.8880289427439372,
      "test_acc_std": 0.014377257800577813,
      "val_acc_mean": 0.8919435516993205,
      "val_acc_std": 0.013365505391773329,
      "per_run_test_acc": [
        0.898115873336792,
        0.8881158828735352,
        0.8820289373397827,
        0.8865216970443726,
        0.9056521058082581,
        0.9028984904289246,
        0.8671014308929443,
        0.892608642578125,
        0.8946376442909241,
        0.9097101092338562,
        0.8810144662857056,
        0.8856521248817444,
        0.8969565033912659,
        0.8973912596702576,
        0.8862318396568298,
        0.8976811170578003,
        0.8746376633644104,
        0.9001448750495911,
        0.9124637246131897,
        0.8934782147407532,
        0.8671014308929443,
        0.9027535915374756,
        0.8907245993614197,
        0.9079709649085999,
        0.8650724291801453,
        0.9017390608787537,
        0.8968115448951721,
        0.8962318301200867,
        0.8808695077896118,
        0.8744927048683167,
        0.9015941619873047,
        0.873043417930603,
        0.8969565033912659,
        0.8828985095024109,
        0.9010144472122192,
        0.9084057807922363,
        0.8873912692070007,
        0.8518840074539185,
        0.9071013927459717,
        0.867536187171936,
        0.8788405656814575,
        0.8997101187705994,
        0.8686956167221069,
        0.8705796599388123,
        0.8942028284072876,
        0.8973912596702576,
        0.8753622770309448,
        0.8962318301200867,
        0.8950724005699158,
        0.8639129996299744,
        0.8805796504020691,
        0.919710099697113,
        0.8563767671585083,
        0.8773912787437439,
        0.8686956167221069,
        0.8682608008384705,
        0.8908694982528687,
        0.8698550462722778,
        0.8884057402610779,
        0.8842028379440308,
        0.9097101092338562,
        0.8863767981529236,
        0.8969565033912659,
        0.8911593556404114,
        0.8717390894889832,
        0.8962318301200867,
        0.895797073841095,
        0.8911593556404114,
        0.8960869312286377,
        0.8714492321014404,
        0.8731883764266968,
        0.9027535915374756,
        0.8737680912017822,
        0.8876811265945435,
        0.8991304039955139
      ],
      "n_runs": 75,
      "train_acc_mean": 0.998042664527893,
      "train_acc_std": 0.0020703494306559445,
      "num_params": 2037248,
      "param_to_train_ratio": 98.44155593138439
    }
  },