{
  "dataset": "citeseer",
  "split_type": "random",
  "component_type": "lcc",
  "num_components": 1,
  "k_diffusion": 2,
  "num_splits": 5,
  "num_seeds": 5,
  "total_runs": 25,
  "precompute_time": 0.08724236488342285,
  "metadata": {
    "k_full": 2022,
    "k_nclasses": 6,
    "k_2nclasses": 12
  },
  "results": {
    "sgc_baseline": {
      "test_acc_mean": 0.7729245352745057,
      "test_acc_std": 0.01889761868531813,
      "test_acc_min": 0.7358490824699402,
      "test_acc_max": 0.8089622855186462
    },
    "full_logistic": {
      "test_acc_mean": 0.7339622902870179,
      "test_acc_std": 0.026699950994208823,
      "test_acc_min": 0.6886792778968811,
      "test_acc_max": 0.7641509771347046
    },
    "full_mlp": {
      "test_acc_mean": 0.7400943446159363,
      "test_acc_std": 0.021304885830721716,
      "test_acc_min": 0.7099056839942932,
      "test_acc_max": 0.7806603908538818
    },
    "nclasses_logistic": {
      "test_acc_mean": 0.20632075667381286,
      "test_acc_std": 0.04152615407053695,
      "test_acc_min": 0.1462264209985733,
      "test_acc_max": 0.2853773534297943
    },
    "nclasses_mlp": {
      "test_acc_mean": 0.521509438753128,
      "test_acc_std": 0.02438565091361848,
      "test_acc_min": 0.4811320900917053,
      "test_acc_max": 0.5683962106704712
    },
    "2nclasses_logistic": {
      "test_acc_mean": 0.2502830213308334,
      "test_acc_std": 0.056985035692557334,
      "test_acc_min": 0.1179245263338089,
      "test_acc_max": 0.3207547068595886
    },
    "2nclasses_mlp": {
      "test_acc_mean": 0.6407547235488892,
      "test_acc_std": 0.015236945870169128,
      "test_acc_min": 0.6014150977134705,
      "test_acc_max": 0.6650943756103516
    }
  },
  "improvements": {
    "full_logistic": -3.8962244987487793,
    "full_mlp": -3.2830190658569403,
    "nclasses_logistic": -56.660377860069275,
    "nclasses_mlp": -25.14150965213776,
    "2nclasses_logistic": -52.26415139436722,
    "2nclasses_mlp": -13.216981172561649
  }
}