{
  "dataset": "cora",
  "k": 20,
  "split_type": "fixed",
  "component_type": "lcc",
  "num_seeds": 15,
  "num_splits": 1,
  "total_runs_per_method": 15,
  "metadata": {
    "d_effective": 1262,
    "ortho_error": 2.367255280688596e-10,
    "num_components": 0,
    "num_nodes": 2485,
    "num_features": 1433,
    "num_classes": 7
  },
  "experiments": {
    "sgc_mlp_baseline": {
      "test_acc_mean": 0.7693260868390401,
      "test_acc_std": 0.01508284274100585,
      "val_acc_mean": 0.7792301774024963,
      "val_acc_std": 0.010270250479142921,
      "per_run_test_acc": [
        0.7650273442268372,
        0.7715847492218018,
        0.7759563326835632,
        0.805464506149292,
        0.7540984153747559,
        0.7584699988365173,
        0.7803279161453247,
        0.7475410103797913,
        0.7540984153747559,
        0.7661202549934387,
        0.7737705111503601,
        0.7672131657600403,
        0.7923497557640076,
        0.7530055046081543,
        0.7748634219169617
      ],
      "n_runs": 15,
      "train_acc_mean": 0.9092895825703938,
      "train_acc_std": 0.0805598619730986,
      "num_params": 434695,
      "param_to_train_ratio": 3563.0737704918033
    },
    "restricted_standard_mlp": {
      "test_acc_mean": 0.4677595814069112,
      "test_acc_std": 0.012632293313618191,
      "val_acc_mean": 0.4846768260002136,
      "val_acc_std": 0.010459532660969464,
      "per_run_test_acc": [
        0.4863388240337372,
        0.46010929346084595,
        0.4863388240337372,
        0.4677595794200897,
        0.4437158703804016,
        0.4786885380744934,
        0.4644808769226074,
        0.4644808769226074,
        0.4590164124965668,
        0.46666669845581055,
        0.4688524901866913,
        0.4863388240337372,
        0.4721311628818512,
        0.465573787689209,
        0.44590166211128235
      ],
      "n_runs": 15,
      "train_acc_mean": 0.9999999403953552,
      "train_acc_std": 0.0,
      "num_params": 390919,
      "param_to_train_ratio": 3204.254098360656
    },
    "restricted_rownorm_mlp": {
      "test_acc_mean": 0.3505282461643219,
      "test_acc_std": 0.011311811256236091,
      "val_acc_mean": 0.35352213978767394,
      "val_acc_std": 0.010834017529624002,
      "per_run_test_acc": [
        0.3464480936527252,
        0.35519126057624817,
        0.354098379611969,
        0.34098362922668457,
        0.354098379611969,
        0.3573770523071289,
        0.35956284403800964,
        0.3508196771144867,
        0.36284154653549194,
        0.3322404623031616,
        0.3606557548046112,
        0.3497267961502075,
        0.36939892172813416,
        0.33551913499832153,
        0.3289617598056793
      ],
      "n_runs": 15,
      "train_acc_mean": 0.9999999403953552,
      "train_acc_std": 0.0,
      "num_params": 390400,
      "param_to_train_ratio": 3200.0
    }
  },
  "framework_analysis": {
    "sgc_mlp_acc_pct": 76.93260868390401,
    "restricted_std_acc_pct": 46.775958140691124,
    "restricted_rownorm_acc_pct": 35.05282461643219,
    "part_a_pp": 30.156650543212884,
    "part_b_pp": -11.723133524258934,
    "remaining_gap_pp": 41.87978406747182
  }
}