{
  "dataset": "wikics",
  "k": 12,
  "split_type": "fixed",
  "component_type": "lcc",
  "num_seeds": 15,
  "num_splits": 1,
  "total_runs_per_method": 15,
  "metadata": {
    "d_effective": 300,
    "ortho_error": 9.286902358240923e-10,
    "num_components": 0,
    "num_nodes": 11311,
    "num_features": 300,
    "num_classes": 10
  },
  "experiments": {
    "sgc_mlp_baseline": {
      "test_acc_mean": 0.7477598945299785,
      "test_acc_std": 0.005211143929162563,
      "val_acc_mean": 0.7755412618319194,
      "val_acc_std": 0.004035877454793879,
      "per_run_test_acc": [
        0.7437577843666077,
        0.7472994923591614,
        0.737913966178894,
        0.7536745071411133,
        0.7494245171546936,
        0.7536745071411133,
        0.7494245171546936,
        0.740747332572937,
        0.7566849589347839,
        0.7531432509422302,
        0.7442890405654907,
        0.7449973821640015,
        0.7449973821640015,
        0.7522578239440918,
        0.744111955165863
      ],
      "n_runs": 15,
      "train_acc_mean": 0.8893642028172811,
      "train_acc_std": 0.02241048630621686,
      "num_params": 145418,
      "param_to_train_ratio": 259.2121212121212
    },
    "restricted_standard_mlp": {
      "test_acc_mean": 0.6756862163543701,
      "test_acc_std": 0.005472979866436932,
      "val_acc_mean": 0.6913985013961792,
      "val_acc_std": 0.004959531029802608,
      "per_run_test_acc": [
        0.6725695133209229,
        0.6745174527168274,
        0.6830175518989563,
        0.6748716235160828,
        0.6755799651145935,
        0.6782362461090088,
        0.6780591607093811,
        0.6808925271034241,
        0.6835488080978394,
        0.6762883067131042,
        0.6817779541015625,
        0.6738091111183167,
        0.6660173535346985,
        0.664069414138794,
        0.6720382571220398
      ],
      "n_runs": 15,
      "train_acc_mean": 0.9233511328697205,
      "train_acc_std": 0.007971720723575802,
      "num_params": 145418,
      "param_to_train_ratio": 259.2121212121212
    },
    "restricted_rownorm_mlp": {
      "test_acc_mean": 0.6387934843699138,
      "test_acc_std": 0.003908451244955222,
      "val_acc_mean": 0.6459918022155762,
      "val_acc_std": 0.0030064975792111295,
      "per_run_test_acc": [
        0.6442359089851379,
        0.6330795288085938,
        0.635735809803009,
        0.6318399310112,
        0.6412254571914673,
        0.6396316885948181,
        0.6383920907974243,
        0.6362670660018921,
        0.6408712863922119,
        0.6332566142082214,
        0.6412254571914673,
        0.6456525921821594,
        0.641402542591095,
        0.6398087739944458,
        0.6392775177955627
      ],
      "n_runs": 15,
      "train_acc_mean": 0.9900178074836731,
      "train_acc_std": 0.011213432431230776,
      "num_params": 144896,
      "param_to_train_ratio": 258.2816399286988
    }
  },
  "framework_analysis": {
    "sgc_mlp_acc_pct": 74.77598945299785,
    "restricted_std_acc_pct": 67.56862163543701,
    "restricted_rownorm_acc_pct": 63.87934843699138,
    "part_a_pp": 7.207367817560836,
    "part_b_pp": -3.6892731984456333,
    "remaining_gap_pp": 10.89664101600647
  }
}