{
  "fisher_score": 0.024599756383023197,
  "std_fisher_score": 0.0015611745920486543,
  "per_split": [
    {
      "split": 0,
      "fisher_score": 0.027679262443041093,
      "fisher_score_U": 0.027679262443041093,
      "between_class_variance": 7.843946857417726e-05,
      "within_class_variance": 0.00283387134088531,
      "per_feature_U_stats": {
        "mean": 0.0067354592755207235,
        "std": 0.004632868261158663,
        "max": 0.02359478990824343,
        "top5": [
          0.02359478990824343,
          0.02271084262036962,
          0.021274971008259848,
          0.02048112363749003,
          0.02043894488095473
        ]
      },
      "note": "Computed on training set only to prevent data leakage",
      "fisher_score_X_diffused": 0.016423068712257866,
      "between_class_variance_X": 3.5540950472925946e-05,
      "within_class_variance_X": 0.002164087059222912,
      "per_feature_X_stats": {
        "mean": 0.09388138986514115,
        "std": 0.08372185911186962,
        "max": 0.45730311069059526,
        "top5": [
          0.45730311069059526,
          0.4325830344683515,
          0.40913994544560156,
          0.40543246616566087,
          0.37650028189891355
        ],
        "n_cols_sampled": 500
      }
    },
    {
      "split": 1,
      "fisher_score": 0.023414492827693662,
      "fisher_score_U": 0.023414492827693662,
      "between_class_variance": 6.699348458446304e-05,
      "within_class_variance": 0.0028611973395053,
      "per_feature_U_stats": {
        "mean": 0.006170463239832778,
        "std": 0.004427854745427294,
        "max": 0.02448465224142851,
        "top5": [
          0.02448465224142851,
          0.02275551973402605,
          0.022639065808448874,
          0.022136850178013357,
          0.0217329687082978
        ]
      },
      "note": "Computed on training set only to prevent data leakage",
      "fisher_score_X_diffused": 0.01466038143906812,
      "between_class_variance_X": 3.183591948226118e-05,
      "within_class_variance_X": 0.00217156147093297,
      "per_feature_X_stats": {
        "mean": 0.09496622525396199,
        "std": 0.0844201742256201,
        "max": 0.4490010504587787,
        "top5": [
          0.4490010504587787,
          0.44444827112281343,
          0.42713656619091367,
          0.40000907006346786,
          0.3964879586067431
        ],
        "n_cols_sampled": 500
      }
    },
    {
      "split": 2,
      "fisher_score": 0.023769351145054574,
      "fisher_score_U": 0.023769351145054574,
      "between_class_variance": 6.701512565207411e-05,
      "within_class_variance": 0.002819392302427961,
      "per_feature_U_stats": {
        "mean": 0.0063565584611585905,
        "std": 0.004567825863853014,
        "max": 0.023291206178943393,
        "top5": [
          0.023291206178943393,
          0.022911493501483724,
          0.022834805859722817,
          0.020365660784388055,
          0.02021452212626121
        ]
      },
      "note": "Computed on training set only to prevent data leakage",
      "fisher_score_X_diffused": 0.015282607775013553,
      "between_class_variance_X": 3.2265696570326495e-05,
      "within_class_variance_X": 0.0021112690350582448,
      "per_feature_X_stats": {
        "mean": 0.09578865501351042,
        "std": 0.08513008704969659,
        "max": 0.4722205992598097,
        "top5": [
          0.4722205992598097,
          0.44497985982189653,
          0.40650923350438195,
          0.40531874034831894,
          0.3826656324458947
        ],
        "n_cols_sampled": 500
      }
    },
    {
      "split": 3,
      "fisher_score": 0.023921763212636053,
      "fisher_score_U": 0.023921763212636053,
      "between_class_variance": 6.800961596458621e-05,
      "within_class_variance": 0.002843001803841194,
      "per_feature_U_stats": {
        "mean": 0.0060345855843480295,
        "std": 0.004484425581424272,
        "max": 0.025215425127978836,
        "top5": [
          0.025215425127978836,
          0.022076937593658787,
          0.021005220257627685,
          0.020996678325853183,
          0.02080634539706584
        ]
      },
      "note": "Computed on training set only to prevent data leakage",
      "fisher_score_X_diffused": 0.015183185780316945,
      "between_class_variance_X": 3.3307952933379346e-05,
      "within_class_variance_X": 0.00219373940458259,
      "per_feature_X_stats": {
        "mean": 0.09172256954677303,
        "std": 0.08170166782963695,
        "max": 0.4495143111080786,
        "top5": [
          0.4495143111080786,
          0.43803229299712837,
          0.4010379065460777,
          0.3954644902182813,
          0.3642442991760888
        ],
        "n_cols_sampled": 500
      }
    },
    {
      "split": 4,
      "fisher_score": 0.024213912286690596,
      "fisher_score_U": 0.024213912286690596,
      "between_class_variance": 6.695918064407096e-05,
      "within_class_variance": 0.002765318542963241,
      "per_feature_U_stats": {
        "mean": 0.006061840602649808,
        "std": 0.004311381555624682,
        "max": 0.023445021736310818,
        "top5": [
          0.023445021736310818,
          0.022025899376527082,
          0.021376962580064603,
          0.020862333041438218,
          0.01987923670921927
        ]
      },
      "note": "Computed on training set only to prevent data leakage",
      "fisher_score_X_diffused": 0.01774226348438249,
      "between_class_variance_X": 3.831907575798779e-05,
      "within_class_variance_X": 0.002159762523632788,
      "per_feature_X_stats": {
        "mean": 0.09226322818321957,
        "std": 0.08187093944219684,
        "max": 0.45355242302334037,
        "top5": [
          0.45355242302334037,
          0.4471250001509024,
          0.41181867958782525,
          0.3900425337326983,
          0.3637721182538682
        ],
        "n_cols_sampled": 500
      }
    }
  ],
  "note": "Fisher score computed on training set only (no leakage)"
}