{
  "fisher_score": 0.004402211255808374,
  "mean_fisher_score": 0.004043270047530189,
  "std_fisher_score": 0.00018224623203893841,
  "per_split": [
    {
      "split": 0,
      "fisher_score": 0.004402211255808374,
      "fisher_score_U": 0.004402211255808374,
      "between_class_variance": 0.0007483776071844278,
      "within_class_variance": 0.17000038473778423,
      "per_feature_U_stats": {
        "mean": 7.144249013999985e-05,
        "std": 5.219232192919916e-05,
        "max": 0.000458635770683497,
        "top5": [
          0.000458635770683497,
          0.0003431963632625533,
          0.00030948370642981297,
          0.0002521253843788371,
          0.0002424045503850974
        ]
      },
      "note": "Computed on training set only to prevent data leakage",
      "fisher_score_X_diffused": 0.0018351800589510884,
      "between_class_variance_X": 7.45139587806461e-05,
      "within_class_variance_X": 0.040603077838168716,
      "per_feature_X_stats": {
        "mean": 0.00038451107017720463,
        "std": 0.0006633392414154368,
        "max": 0.011334569689059557,
        "top5": [
          0.011334569689059557,
          0.0031979874383231185,
          0.0029514641365058986,
          0.0028342485906388422,
          0.002696233283661886
        ],
        "n_cols_sampled": 500
      }
    },
    {
      "split": 1,
      "fisher_score": 0.003945806117569928,
      "fisher_score_U": 0.003945806117569928,
      "between_class_variance": 0.000675852050940971,
      "within_class_variance": 0.17128364415360645,
      "per_feature_U_stats": {
        "mean": 6.64981441981362e-05,
        "std": 5.1754727111419454e-05,
        "max": 0.0005143159025371766,
        "top5": [
          0.0005143159025371766,
          0.00033823061706637984,
          0.0003015472296658084,
          0.0002480465392185574,
          0.00022900338822601313
        ]
      },
      "note": "Computed on training set only to prevent data leakage",
      "fisher_score_X_diffused": 0.001691119503036384,
      "between_class_variance_X": 6.862998949198872e-05,
      "within_class_variance_X": 0.04058257820855618,
      "per_feature_X_stats": {
        "mean": 0.0003863163792909049,
        "std": 0.0006506980056832911,
        "max": 0.01094253145903619,
        "top5": [
          0.01094253145903619,
          0.0031634000604557943,
          0.0030036341259991124,
          0.0027731506428413603,
          0.0026015114559958907
        ],
        "n_cols_sampled": 500
      }
    },
    {
      "split": 2,
      "fisher_score": 0.003935634153717305,
      "fisher_score_U": 0.003935634153717305,
      "between_class_variance": 0.0006745908887654502,
      "within_class_variance": 0.1714058935402525,
      "per_feature_U_stats": {
        "mean": 6.728737604184604e-05,
        "std": 5.324215567162245e-05,
        "max": 0.0004975385460533051,
        "top5": [
          0.0004975385460533051,
          0.0003711577436610312,
          0.0003075391127304235,
          0.00026993583963970456,
          0.0002532469965073773
        ]
      },
      "note": "Computed on training set only to prevent data leakage",
      "fisher_score_X_diffused": 0.001714396949971958,
      "between_class_variance_X": 6.90728556650075e-05,
      "within_class_variance_X": 0.04028988482867827,
      "per_feature_X_stats": {
        "mean": 0.00038572142086151047,
        "std": 0.0006592402036837287,
        "max": 0.011218264891764394,
        "top5": [
          0.011218264891764394,
          0.0031405537881362675,
          0.0030117692113289366,
          0.002764796170409857,
          0.002581224793571332
        ],
        "n_cols_sampled": 500
      }
    },
    {
      "split": 3,
      "fisher_score": 0.004012778685384504,
      "fisher_score_U": 0.004012778685384504,
      "between_class_variance": 0.0006841052843194438,
      "within_class_variance": 0.17048168811579822,
      "per_feature_U_stats": {
        "mean": 6.46817104715347e-05,
        "std": 5.135833967029863e-05,
        "max": 0.0004953326816540702,
        "top5": [
          0.0004953326816540702,
          0.00034881203708351805,
          0.0002876924103326995,
          0.00028188323230907115,
          0.0002497278746124793
        ]
      },
      "note": "Computed on training set only to prevent data leakage",
      "fisher_score_X_diffused": 0.001733518938855172,
      "between_class_variance_X": 7.103025597417376e-05,
      "within_class_variance_X": 0.040974606265959015,
      "per_feature_X_stats": {
        "mean": 0.00037535389552226516,
        "std": 0.0006405667262297225,
        "max": 0.010922404032829547,
        "top5": [
          0.010922404032829547,
          0.003066801131266141,
          0.002886587972820216,
          0.0026530127884396223,
          0.0025303643570949836
        ],
        "n_cols_sampled": 500
      }
    },
    {
      "split": 4,
      "fisher_score": 0.003919920025170835,
      "fisher_score_U": 0.003919920025170835,
      "between_class_variance": 0.0006558301970157952,
      "within_class_variance": 0.16730703504268898,
      "per_feature_U_stats": {
        "mean": 6.306992889201536e-05,
        "std": 4.733122008685369e-05,
        "max": 0.0004252081410762097,
        "top5": [
          0.0004252081410762097,
          0.00030599547954613835,
          0.00027060214317149386,
          0.0002323241473247231,
          0.00022045175492436996
        ]
      },
      "note": "Computed on training set only to prevent data leakage",
      "fisher_score_X_diffused": 0.0019196881723726918,
      "between_class_variance_X": 7.802520968133792e-05,
      "within_class_variance_X": 0.0406447311621973,
      "per_feature_X_stats": {
        "mean": 0.00037934145659372854,
        "std": 0.0006551254913463079,
        "max": 0.011181735955378424,
        "top5": [
          0.011181735955378424,
          0.003157193323010638,
          0.0029102350406315395,
          0.0029058359585180577,
          0.0026649205421209873
        ],
        "n_cols_sampled": 500
      }
    }
  ],
  "note": "Fisher score computed on training set only (no leakage)"
}