{
  "dataset": "coauthor-physics",
  "k": 4,
  "split_type": "random",
  "component_type": "lcc",
  "num_seeds": 15,
  "num_splits": 5,
  "total_runs_per_method": 75,
  "metadata": {
    "d_effective": 7697,
    "ortho_error": 5.388897106328727e-10,
    "num_components": 0,
    "num_nodes": 34493,
    "num_features": 8415,
    "num_classes": 5
  },
  "experiments": {
    "sgc_mlp_baseline": {
      "test_acc_mean": 0.956910096804301,
      "test_acc_std": 0.0014806596094137912,
      "val_acc_mean": 0.9578157877922058,
      "val_acc_std": 0.001679730281634725,
      "per_run_test_acc": [
        0.9573912620544434,
        0.955652117729187,
        0.9582608342170715,
        0.9575361609458923,
        0.9575361609458923,
        0.9591304063796997,
        0.9578260183334351,
        0.9579709768295288,
        0.9550724029541016,
        0.9557970762252808,
        0.9542028307914734,
        0.9562318325042725,
        0.9559419751167297,
        0.9560869336128235,
        0.9544926881790161,
        0.9585506916046143,
        0.9592753052711487,
        0.9566666483879089,
        0.9598550200462341,
        0.9563767910003662,
        0.9582608342170715,
        0.9586955904960632,
        0.9581158757209778,
        0.9584057331085205,
        0.9568115472793579,
        0.9579709768295288,
        0.9550724029541016,
        0.9568115472793579,
        0.9581158757209778,
        0.9571014046669006,
        0.9573912620544434,
        0.9553622603416443,
        0.9563767910003662,
        0.9568115472793579,
        0.9559419751167297,
        0.9552173614501953,
        0.9560869336128235,
        0.9550724029541016,
        0.9544926881790161,
        0.9553622603416443,
        0.9572463035583496,
        0.9571014046669006,
        0.9550724029541016,
        0.9565216898918152,
        0.9566666483879089,
        0.9571014046669006,
        0.9585506916046143,
        0.9573912620544434,
        0.9575361609458923,
        0.9566666483879089,
        0.9586955904960632,
        0.9550724029541016,
        0.9586955904960632,
        0.9575361609458923,
        0.955507218837738,
        0.9594202637672424,
        0.960869550704956,
        0.9581158757209778,
        0.958840548992157,
        0.9573912620544434,
        0.9544926881790161,
        0.9547825455665588,
        0.9581158757209778,
        0.9559419751167297,
        0.958840548992157,
        0.9575361609458923,
        0.9573912620544434,
        0.9544926881790161,
        0.9552173614501953,
        0.9568115472793579,
        0.9573912620544434,
        0.9575361609458923,
        0.9568115472793579,
        0.9549275040626526,
        0.9546376466751099
      ],
      "n_runs": 75,
      "train_acc_mean": 0.9940056173006694,
      "train_acc_std": 0.003987643437026629,
      "num_params": 2221573,
      "param_to_train_ratio": 107.34829669002174
    },
    "restricted_standard_mlp": {
      "test_acc_mean": 0.8676328102747599,
      "test_acc_std": 0.01669409796859013,
      "val_acc_mean": 0.8727437829971314,
      "val_acc_std": 0.016759311775821167,
      "per_run_test_acc": [
        0.8689854741096497,
        0.8368115425109863,
        0.8482608199119568,
        0.8931883573532104,
        0.8391304016113281,
        0.8840579390525818,
        0.8973912596702576,
        0.8747825622558594,
        0.8630434274673462,
        0.8885506987571716,
        0.8650724291801453,
        0.8805796504020691,
        0.8659420013427734,
        0.8852173686027527,
        0.8956521153450012,
        0.8536231517791748,
        0.8608695268630981,
        0.8689854741096497,
        0.8589854836463928,
        0.8773912787437439,
        0.8626086711883545,
        0.881594181060791,
        0.8368115425109863,
        0.8553622961044312,
        0.8837680816650391,
        0.8372463583946228,
        0.8820289373397827,
        0.8476811051368713,
        0.8771014213562012,
        0.8462318181991577,
        0.8940579295158386,
        0.8586956262588501,
        0.8733332753181458,
        0.8627535700798035,
        0.881594181060791,
        0.8450724482536316,
        0.8626086711883545,
        0.8760868906974792,
        0.8686956167221069,
        0.8731883764266968,
        0.8549274802207947,
        0.8198550343513489,
        0.8823187947273254,
        0.873043417930603,
        0.874057948589325,
        0.8365216851234436,
        0.8633332848548889,
        0.8752173781394958,
        0.8724637031555176,
        0.8440579175949097,
        0.8727535605430603,
        0.8749275207519531,
        0.8671014308929443,
        0.8697100877761841,
        0.8744927048683167,
        0.8642028570175171,
        0.8684057593345642,
        0.8647825717926025,
        0.8710144758224487,
        0.8659420013427734,
        0.8753622770309448,
        0.8394202589988708,
        0.8555071949958801,
        0.8759419918060303,
        0.8553622961044312,
        0.8805796504020691,
        0.8853622674942017,
        0.8802897930145264,
        0.8769564628601074,
        0.8923187851905823,
        0.8686956167221069,
        0.8852173686027527,
        0.8972463607788086,
        0.8685506582260132,
        0.8334782123565674
      ],
      "n_runs": 75,
      "train_acc_mean": 0.9984298753738403,
      "train_acc_std": 0.0015343901303753508,
      "num_params": 2037765,
      "param_to_train_ratio": 98.46653781106548
    },
    "restricted_rownorm_mlp": {
      "test_acc_mean": 0.8944424732526144,
      "test_acc_std": 0.013886013508015722,
      "val_acc_mean": 0.897962687810262,
      "val_acc_std": 0.012654587282034906,
      "per_run_test_acc": [
        0.9118840098381042,
        0.8936231732368469,
        0.9002898335456848,
        0.8915941715240479,
        0.9039130210876465,
        0.9189854860305786,
        0.8931883573532104,
        0.9040579199790955,
        0.9223188161849976,
        0.9102898240089417,
        0.9092752933502197,
        0.908695638179779,
        0.8985506892204285,
        0.8973912596702576,
        0.8991304039955139,
        0.9023187756538391,
        0.8863767981529236,
        0.8826086521148682,
        0.8976811170578003,
        0.897970974445343,
        0.9123188257217407,
        0.8869564533233643,
        0.8942028284072876,
        0.9155071973800659,
        0.8631883859634399,
        0.8891304135322571,
        0.9084057807922363,
        0.8882608413696289,
        0.8679710030555725,
        0.895797073841095,
        0.8942028284072876,
        0.9081159234046936,
        0.8668115735054016,
        0.9021738767623901,
        0.8991304039955139,
        0.9017390608787537,
        0.8808695077896118,
        0.9040579199790955,
        0.9107245802879333,
        0.8908694982528687,
        0.8689854741096497,
        0.9023187756538391,
        0.8910144567489624,
        0.8840579390525818,
        0.9062318205833435,
        0.8894202709197998,
        0.8927536010742188,
        0.8898550271987915,
        0.8691303730010986,
        0.8882608413696289,
        0.8879709839820862,
        0.8971014022827148,
        0.892608642578125,
        0.9043477773666382,
        0.8843477964401245,
        0.8595651984214783,
        0.9004347324371338,
        0.8827536106109619,
        0.8576810956001282,
        0.8830434083938599,
        0.9020289182662964,
        0.8855072259902954,
        0.9105796813964844,
        0.9043477773666382,
        0.8918840289115906,
        0.8939130306243896,
        0.9104347229003906,
        0.8613042831420898,
        0.903333306312561,
        0.8937680721282959,
        0.8818840384483337,
        0.9044927358627319,
        0.8931883573532104,
        0.9040579199790955,
        0.8999999761581421
      ],
      "n_runs": 75,
      "train_acc_mean": 0.9985619568824768,
      "train_acc_std": 0.0017077805828295718,
      "num_params": 2037248,
      "param_to_train_ratio": 98.44155593138439
    }
  },