{
  "dataset": "citeseer",
  "k_diffusion": 32,
  "dimension": 3703,
  "num_random_subspaces": 3,
  "num_splits": 5,
  "num_seeds": 5,
  "total_runs_per_exp": 75,
  "avg_diffusion_time_seconds": 1.526200532913208,
  "baseline_engineered": {
    "a_raw_std": {
      "mean": 0.6631832027435303,
      "std": 0.010741516907017528
    },
    "b_restricted_std": {
      "mean": 0.31603604555130005,
      "std": 0.010415876976587086
    },
    "c_restricted_rownorm": {
      "mean": 0.6897297382354737,
      "std": 0.016139731066686463
    }
  },
  "random_no_diffusion": {
    "a_raw_std": {
      "mean": 0.177777783870697,
      "std": 0.004999797081566738
    },
    "b_restricted_std": {
      "mean": 0.32054054737091064,
      "std": 0.00953348379293504
    },
    "c_restricted_rownorm": {
      "mean": 0.687987995147705,
      "std": 0.011505845430667107
    }
  },
  "graph_diffused": {
    "a_raw_std": {
      "mean": 0.2977177238464355,
      "std": 0.019990707895661493
    },
    "b_restricted_std": {
      "mean": 0.33579580426216127,
      "std": 0.023616974505008444
    },
    "c_restricted_rownorm": {
      "mean": 0.6869669771194459,
      "std": 0.013064404087752337
    }
  },
  "comparisons": {
    "diffusion_improvement_raw": 11.99399399757385,
    "gap_to_engineered": 36.54654788970947,
    "rownorm_effect_diffused": 104.5787852021878,
    "rownorm_effect_random": 114.63368699860797
  }
}