{
  "fisher_score": 0.0018762790907269381,
  "mean_fisher_score": 0.0019382026311365204,
  "std_fisher_score": 3.1540800438767256e-05,
  "per_split": [
    {
      "split": 0,
      "fisher_score": 0.0018762790907269381,
      "fisher_score_U": 0.0018762790907269381,
      "between_class_variance": 1.4859633452713641e-05,
      "within_class_variance": 0.007919735142897363,
      "per_feature_U_stats": {
        "mean": 9.858822639120533e-05,
        "std": 0.0001704076077262932,
        "max": 0.0015558030370943145,
        "top5": [
          0.0015558030370943145,
          0.000983702377395587,
          0.0006114259678118246,
          0.0004143316919844727,
          0.00032261275348496947
        ]
      },
      "note": "Computed on training set only to prevent data leakage",
      "fisher_score_X_diffused": 0.0218226661635374,
      "between_class_variance_X": 0.010668402461560056,
      "within_class_variance_X": 0.4888679679014406,
      "per_feature_X_stats": {
        "mean": 0.012288949135271447,
        "std": 0.008484909970413398,
        "max": 0.05127108346468264,
        "top5": [
          0.05127108346468264,
          0.050548467989831536,
          0.034898643578196574,
          0.033730520212328155,
          0.031775742340111025
        ],
        "n_cols_sampled": 128
      }
    },
    {
      "split": 1,
      "fisher_score": 0.0019569202276300914,
      "fisher_score_U": 0.0019569202276300914,
      "between_class_variance": 1.535855210531713e-05,
      "within_class_variance": 0.007848328147702244,
      "per_feature_U_stats": {
        "mean": 0.0001026106934447952,
        "std": 0.00017112433530067864,
        "max": 0.0015119074441378433,
        "top5": [
          0.0015119074441378433,
          0.0010245452998430427,
          0.0006204450583771653,
          0.0005191710385633398,
          0.00032960490387191595
        ]
      },
      "note": "Computed on training set only to prevent data leakage",
      "fisher_score_X_diffused": 0.021397209721695298,
      "between_class_variance_X": 0.01060556632856765,
      "within_class_variance_X": 0.4956518380905683,
      "per_feature_X_stats": {
        "mean": 0.012390236388563706,
        "std": 0.008657339344569623,
        "max": 0.05316981641981583,
        "top5": [
          0.05316981641981583,
          0.050668493377898347,
          0.0364968898645154,
          0.03436095516567657,
          0.03248642745376855
        ],
        "n_cols_sampled": 128
      }
    },
    {
      "split": 2,
      "fisher_score": 0.001956108986428883,
      "fisher_score_U": 0.001956108986428883,
      "between_class_variance": 1.5901981780356048e-05,
      "within_class_variance": 0.008129394573963422,
      "per_feature_U_stats": {
        "mean": 0.00010300116486996921,
        "std": 0.0001734390724606515,
        "max": 0.001551803956967427,
        "top5": [
          0.001551803956967427,
          0.0010424941439168749,
          0.0006010724325210543,
          0.0004505878629562362,
          0.00034897809508624916
        ]
      },
      "note": "Computed on training set only to prevent data leakage",
      "fisher_score_X_diffused": 0.021972768648902602,
      "between_class_variance_X": 0.010832218189580845,
      "within_class_variance_X": 0.49298376379718745,
      "per_feature_X_stats": {
        "mean": 0.01233526586065398,
        "std": 0.00855822304237834,
        "max": 0.05119389843905031,
        "top5": [
          0.05119389843905031,
          0.05085503736846786,
          0.03506574265273168,
          0.03454094796689721,
          0.032120594033576345
        ],
        "n_cols_sampled": 128
      }
    },
    {
      "split": 3,
      "fisher_score": 0.001959471156042758,
      "fisher_score_U": 0.001959471156042758,
      "between_class_variance": 1.5906873608714706e-05,
      "within_class_variance": 0.008117942210917443,
      "per_feature_U_stats": {
        "mean": 0.00010281856608497546,
        "std": 0.00017399313011260892,
        "max": 0.0015306804786382336,
        "top5": [
          0.0015306804786382336,
          0.001112786165721528,
          0.0006008216077009746,
          0.0004222926414240959,
          0.0003309191908182701
        ]
      },
      "note": "Computed on training set only to prevent data leakage",
      "fisher_score_X_diffused": 0.023043203604908132,
      "between_class_variance_X": 0.011414821623915123,
      "within_class_variance_X": 0.49536608796373266,
      "per_feature_X_stats": {
        "mean": 0.012276235182700986,
        "std": 0.008492651357974007,
        "max": 0.05037471238528851,
        "top5": [
          0.05037471238528851,
          0.05030300278286458,
          0.03542758641370722,
          0.03404708012736572,
          0.03212084819186547
        ],
        "n_cols_sampled": 128
      }
    },
    {
      "split": 4,
      "fisher_score": 0.001942233694853931,
      "fisher_score_U": 0.001942233694853931,
      "between_class_variance": 1.5750773916088743e-05,
      "within_class_variance": 0.00810961830073353,
      "per_feature_U_stats": {
        "mean": 0.00010263633428277497,
        "std": 0.000173151889353458,
        "max": 0.0015270065271262073,
        "top5": [
          0.0015270065271262073,
          0.0010659800351096125,
          0.0006130153518229412,
          0.00047448588222294365,
          0.0003361081528991612
        ]
      },
      "note": "Computed on training set only to prevent data leakage",
      "fisher_score_X_diffused": 0.023419300654827818,
      "between_class_variance_X": 0.011381689555548274,
      "within_class_variance_X": 0.485996132988795,
      "per_feature_X_stats": {
        "mean": 0.012485075567843697,
        "std": 0.008795210865218945,
        "max": 0.053692889583861404,
        "top5": [
          0.053692889583861404,
          0.05135656805107369,
          0.03664858004170208,
          0.034581261496594004,
          0.03203150058777436
        ],
        "n_cols_sampled": 128
      }
    }
  ],
  "note": "Fisher score computed on training set only (no leakage)"
}