{
  "fisher_score": 0.007759742485207694,
  "mean_fisher_score": 0.008274484152149202,
  "std_fisher_score": 0.0003568611303583925,
  "per_split": [
    {
      "split": 0,
      "fisher_score": 0.007759742485207694,
      "fisher_score_U": 0.007759742485207694,
      "between_class_variance": 0.0012709326540559097,
      "within_class_variance": 0.16378541639476743,
      "per_feature_U_stats": {
        "mean": 0.0004100838034509017,
        "std": 0.0010127887485349958,
        "max": 0.01653255893724305,
        "top5": [
          0.01653255893724305,
          0.01239304580800855,
          0.010874112415072999,
          0.005835197436446805,
          0.005241251090279042
        ]
      },
      "note": "Computed on training set only to prevent data leakage",
      "fisher_score_X_diffused": 0.3064145808712374,
      "between_class_variance_X": 1.1642976645055643,
      "within_class_variance_X": 3.7997462822920607,
      "per_feature_X_stats": {
        "mean": 0.036856391095498965,
        "std": 0.03405493770313831,
        "max": 0.23807915613187156,
        "top5": [
          0.23807915613187156,
          0.2200029285708207,
          0.19470864203846652,
          0.1879530755607309,
          0.17227536547177288
        ],
        "n_cols_sampled": 500
      }
    },
    {
      "split": 1,
      "fisher_score": 0.008306773443392063,
      "fisher_score_U": 0.008306773443392063,
      "between_class_variance": 0.0013187855755193256,
      "within_class_variance": 0.15876026769074864,
      "per_feature_U_stats": {
        "mean": 0.0003967362107987981,
        "std": 0.0009562422953585502,
        "max": 0.016104532346692717,
        "top5": [
          0.016104532346692717,
          0.010678070723607767,
          0.009796410523572482,
          0.008073780639724836,
          0.004931171385034249
        ]
      },
      "note": "Computed on training set only to prevent data leakage",
      "fisher_score_X_diffused": 0.30087571503724314,
      "between_class_variance_X": 1.2321935514929436,
      "within_class_variance_X": 4.095357285118275,
      "per_feature_X_stats": {
        "mean": 0.0355343331421569,
        "std": 0.032979547685308835,
        "max": 0.2354504065700722,
        "top5": [
          0.2354504065700722,
          0.21860456410726287,
          0.1937172877450162,
          0.18266624599720077,
          0.16904677793011436
        ],
        "n_cols_sampled": 500
      }
    },
    {
      "split": 2,
      "fisher_score": 0.008876895101663139,
      "fisher_score_U": 0.008876895101663139,
      "between_class_variance": 0.0014481007938489084,
      "within_class_variance": 0.1631314527505905,
      "per_feature_U_stats": {
        "mean": 0.00039868115304178,
        "std": 0.0008891169768262069,
        "max": 0.014979641827459806,
        "top5": [
          0.014979641827459806,
          0.010987770354112839,
          0.0065679732623476405,
          0.00618341682584704,
          0.004442827453341231
        ]
      },
      "note": "Computed on training set only to prevent data leakage",
      "fisher_score_X_diffused": 0.2811278203637452,
      "between_class_variance_X": 1.0944370913550554,
      "within_class_variance_X": 3.8930230737711655,
      "per_feature_X_stats": {
        "mean": 0.03551475238958575,
        "std": 0.0332642260893848,
        "max": 0.22251704949918663,
        "top5": [
          0.22251704949918663,
          0.2081282187889802,
          0.18990078844425368,
          0.18861885957271382,
          0.16898291477488572
        ],
        "n_cols_sampled": 500
      }
    },
    {
      "split": 3,
      "fisher_score": 0.008232584798572154,
      "fisher_score_U": 0.008232584798572154,
      "between_class_variance": 0.0013549150011663853,
      "within_class_variance": 0.16457953781434229,
      "per_feature_U_stats": {
        "mean": 0.0003889134572705373,
        "std": 0.00090053009173552,
        "max": 0.015207777013504127,
        "top5": [
          0.015207777013504127,
          0.010333900841722447,
          0.007884520311567434,
          0.007074942330530333,
          0.005685777518737971
        ]
      },
      "note": "Computed on training set only to prevent data leakage",
      "fisher_score_X_diffused": 0.30193780821994437,
      "between_class_variance_X": 1.1793890882933749,
      "within_class_variance_X": 3.9060662698930955,
      "per_feature_X_stats": {
        "mean": 0.035665562409819516,
        "std": 0.03277824062372113,
        "max": 0.23356902951566214,
        "top5": [
          0.23356902951566214,
          0.21425427262737864,
          0.19012099803571642,
          0.18381232728822983,
          0.17065049705924057
        ],
        "n_cols_sampled": 500
      }
    },
    {
      "split": 4,
      "fisher_score": 0.00819642493191096,
      "fisher_score_U": 0.00819642493191096,
      "between_class_variance": 0.001306621238236474,
      "within_class_variance": 0.15941355518909645,
      "per_feature_U_stats": {
        "mean": 0.0004066183404149707,
        "std": 0.0009848842818962656,
        "max": 0.0158739683738224,
        "top5": [
          0.0158739683738224,
          0.012078911877527094,
          0.010367257089546406,
          0.007484237769499116,
          0.005718884873119678
        ]
      },
      "note": "Computed on training set only to prevent data leakage",
      "fisher_score_X_diffused": 0.31947594565272647,
      "between_class_variance_X": 1.2090512252550247,
      "within_class_variance_X": 3.784482812265545,
      "per_feature_X_stats": {
        "mean": 0.03706422193613299,
        "std": 0.033889486477354035,
        "max": 0.24208333921944195,
        "top5": [
          0.24208333921944195,
          0.22525610377599667,
          0.19861278840835625,
          0.19162070069148524,
          0.17070734572003
        ],
        "n_cols_sampled": 500
      }
    }
  ],
  "note": "Fisher score computed on training set only (no leakage)"
}