{
  "dataset": "coauthor-physics",
  "split_type": "random",
  "component_type": "lcc",
  "num_components": 1,
  "k_diffusion": 8,
  "num_splits": 5,
  "num_seeds": 5,
  "total_runs": 25,
  "precompute_time": 29.20145010948181,
  "metadata": {
    "d_restricted_std": 7700,
    "ortho_error_std": 6.036774302664583e-09,
    "d_full": 7700,
    "ortho_error": 6.036774302664583e-09
  },
  "results": {
    "sgc_baseline": {
      "val_acc_mean": 0.9474340391159057,
      "val_acc_std": 0.0020083377849729007,
      "test_acc_mean": 0.9477854633331299,
      "test_acc_std": 0.002121109596979917,
      "train_time_mean": 0.5309756183624268,
      "train_time_std": 0.0032112875132806213
    },
    "sgc_mlp_baseline": {
      "val_acc_mean": 0.9554479455947876,
      "val_acc_std": 0.0017658803476514628,
      "test_acc_mean": 0.9555709719657898,
      "test_acc_std": 0.001986753527758348,
      "train_time_mean": 1.6535719203948975,
      "train_time_std": 0.0064485848136943925
    },
    "restricted_standard_mlp": {
      "val_acc_mean": 0.8822847151756287,
      "val_acc_std": 0.004829203109040304,
      "test_acc_mean": 0.879199960231781,
      "test_acc_std": 0.0064947148927572695,
      "train_time_mean": 1.5452333736419677,
      "train_time_std": 0.011898640883417156
    },
    "full_rownorm_mlp": {
      "val_acc_mean": 0.9173383569717407,
      "val_acc_std": 0.0042203808681216416,
      "test_acc_mean": 0.91620285987854,
      "test_acc_std": 0.004499200250494714,
      "train_time_mean": 2.421132869720459,
      "train_time_std": 0.002826565933692711
    },
    "jl_binary_nc": {
      "val_acc_mean": 0.5073702418804169,
      "val_acc_std": 0.005719764160196904,
      "test_acc_mean": 0.5079304075241089,
      "test_acc_std": 0.004423413423482508,
      "train_time_mean": 0.46479738235473633,
      "train_time_std": 0.010468524580031216
    },
    "jl_binary_2nc": {
      "val_acc_mean": 0.5077761626243591,
      "val_acc_std": 0.005603387349537948,
      "test_acc_mean": 0.5076869237422943,
      "test_acc_std": 0.0047591879238698875,
      "train_time_mean": 0.46781326293945313,
      "train_time_std": 0.010902721601446798
    },
    "jl_binary_4nc": {
      "val_acc_mean": 0.5232415151596069,
      "val_acc_std": 0.005777977289253148,
      "test_acc_mean": 0.5220057725906372,
      "test_acc_std": 0.006305754062023859,
      "train_time_mean": 0.4667853546142578,
      "train_time_std": 0.007653496217244661
    },
    "jl_ortho_nc": {
      "val_acc_mean": 0.5073122620582581,
      "val_acc_std": 0.005790373175982077,
      "test_acc_mean": 0.5081043219566346,
      "test_acc_std": 0.004772841320727974,
      "train_time_mean": 0.46044387817382815,
      "train_time_std": 0.006929111394411382
    },
    "jl_ortho_2nc": {
      "val_acc_mean": 0.5094056177139282,
      "val_acc_std": 0.00548350169429036,
      "test_acc_mean": 0.5089912796020508,
      "test_acc_std": 0.005436539931587444,
      "train_time_mean": 0.4613533878326416,
      "train_time_std": 0.008504014871771276
    },
    "jl_ortho_4nc": {
      "val_acc_mean": 0.5276659893989563,
      "val_acc_std": 0.007010972861292617,
      "test_acc_mean": 0.5231362080574036,
      "test_acc_std": 0.005765844511697896,
      "train_time_mean": 0.46518486976623535,
      "train_time_std": 0.008113268950139432
    }
  },
  "improvements": {
    "restricted_standard_mlp": {
      "vs_sgc": -6.858550310134881,
      "vs_sgc_mlp": -7.637101173400874
    },
    "full_rownorm_mlp": {
      "vs_sgc": -3.1582603454589853,
      "vs_sgc_mlp": -3.9368112087249774
    },
    "jl_binary_nc": {
      "vs_sgc": -43.98550558090209,
      "vs_sgc_mlp": -44.76405644416809
    },
    "jl_binary_2nc": {
      "vs_sgc": -44.00985395908356,
      "vs_sgc_mlp": -44.78840482234955
    },
    "jl_binary_4nc": {
      "vs_sgc": -42.57796907424927,
      "vs_sgc_mlp": -43.35651993751526
    },
    "jl_ortho_nc": {
      "vs_sgc": -43.96811413764953,
      "vs_sgc_mlp": -44.74666500091552
    },
    "jl_ortho_2nc": {
      "vs_sgc": -43.8794183731079,
      "vs_sgc_mlp": -44.657969236373894
    },
    "jl_ortho_4nc": {
      "vs_sgc": -42.464925527572625,
      "vs_sgc_mlp": -43.24347639083862
    }
  },
  "parameter_counts": {
    "sgc_baseline": 42075,
    "sgc_mlp_baseline": 2221056,
    "restricted_standard_mlp": 2038016,
    "full_rownorm_mlp": 2038016,
    "jl_binary_nc": 68096,
    "jl_ortho_nc": 68096,
    "jl_binary_2nc": 69376,
    "jl_ortho_2nc": 69376,
    "jl_binary_4nc": 71936,
    "jl_ortho_4nc": 71936
  }
}