{
  "metadata": {
    "dataset": "citeseer",
    "split_type": "fixed",
    "component_type": "lcc",
    "k_diffusion": 2,
    "num_nodes": 2120,
    "num_features": 3703,
    "num_classes": 6,
    "num_random_splits": 1,
    "num_seeds": 5,
    "epochs": 200,
    "whitening_eps": 1e-06,
    "wadia_regime": "n <= d (collapse expected)",
    "timestamp": "2026-01-01T19:24:42.136148"
  },
  "final_results": {
    "original_Linear": {
      "val_acc_mean": 0.7481706857681274,
      "val_acc_std": 0.0024390459060668946,
      "test_acc_mean": 0.7001508474349976,
      "test_acc_std": 0.0017589597427732984,
      "train_time_mean": 0.15330924987792968
    },
    "original_Linear+RowNorm": {
      "val_acc_mean": 0.7615853548049927,
      "val_acc_std": 0.0012195110321044922,
      "test_acc_mean": 0.7173454165458679,
      "test_acc_std": 0.0007389108889237442,
      "train_time_mean": 0.16403570175170898
    },
    "original_MLP": {
      "val_acc_mean": 0.5792682766914368,
      "val_acc_std": 0.008404899760120092,
      "test_acc_mean": 0.5245852410793305,
      "test_acc_std": 0.017522223661915377,
      "train_time_mean": 0.19584121704101562
    },
    "original_MLP+RowNorm": {
      "val_acc_mean": 0.7548780322074891,
      "val_acc_std": 0.004135585968288868,
      "test_acc_mean": 0.7312217354774475,
      "test_acc_std": 0.006704708731859256,
      "train_time_mean": 0.24286355972290039
    },
    "pca_whiten_Linear": {
      "val_acc_mean": 0.671951174736023,
      "val_acc_std": 0.004135563118897169,
      "test_acc_mean": 0.6389140486717224,
      "test_acc_std": 0.005446596986147182,
      "train_time_mean": 0.13061161041259767
    },
    "pca_whiten_Linear+RowNorm": {
      "val_acc_mean": 0.6426829099655151,
      "val_acc_std": 0.0022814962307630433,
      "test_acc_mean": 0.6392157077789307,
      "test_acc_std": 0.011620729493931635,
      "train_time_mean": 0.14051446914672852
    },
    "pca_whiten_MLP": {
      "val_acc_mean": 0.7176828980445862,
      "val_acc_std": 0.0024390220642089844,
      "test_acc_mean": 0.697134256362915,
      "test_acc_std": 0.0050836496355587905,
      "train_time_mean": 0.1964877128601074
    },
    "pca_whiten_MLP+RowNorm": {
      "val_acc_mean": 0.7195121645927429,
      "val_acc_std": 0.009641081232882298,
      "test_acc_mean": 0.6962292790412903,
      "test_acc_std": 0.007784909279913199,
      "train_time_mean": 0.2470613479614258
    },
    "zca_whiten_Linear": {
      "val_acc_mean": 0.1542682856321335,
      "val_acc_std": 0.010130025539594427,
      "test_acc_mean": 0.11372549086809158,
      "test_acc_std": 0.005611183749329651,
      "train_time_mean": 0.14121146202087403
    },
    "zca_whiten_Linear+RowNorm": {
      "val_acc_mean": 0.13780487179756165,
      "val_acc_std": 0.006510413779357922,
      "test_acc_mean": 0.09864253550767899,
      "test_acc_std": 0.010733300642089853,
      "train_time_mean": 0.16035909652709962
    },
    "zca_whiten_MLP": {
      "val_acc_mean": 0.5658536434173584,
      "val_acc_std": 0.020551583958602227,
      "test_acc_mean": 0.5245852410793305,
      "test_acc_std": 0.013402640872278408,
      "train_time_mean": 0.19356284141540528
    },
    "zca_whiten_MLP+RowNorm": {
      "val_acc_mean": 0.5268292486667633,
      "val_acc_std": 0.02524419682990016,
      "test_acc_mean": 0.54268479347229,
      "test_acc_std": 0.022359432103420427,
      "train_time_mean": 0.24503660202026367
    },
    "full_zca_whiten_Linear": {
      "val_acc_mean": 0.18597559928894042,
      "val_acc_std": 0.0180882888213933,
      "test_acc_mean": 0.203318253159523,
      "test_acc_std": 0.004901380344136071,
      "train_time_mean": 0.13488397598266602
    },
    "full_zca_whiten_Linear+RowNorm": {
      "val_acc_mean": 0.24268291890621185,
      "val_acc_std": 0.0024390220642089844,
      "test_acc_mean": 0.28476622700691223,
      "test_acc_std": 0.003491956625284036,
      "train_time_mean": 0.16098427772521973
    },
    "full_zca_whiten_MLP": {
      "val_acc_mean": 0.29634146094322206,
      "val_acc_std": 0.01750329022531541,
      "test_acc_mean": 0.3119155466556549,
      "test_acc_std": 0.00860654103614264,
      "train_time_mean": 0.18928990364074708
    },
    "full_zca_whiten_MLP+RowNorm": {
      "val_acc_mean": 0.2939024269580841,
      "val_acc_std": 0.01990832301592571,
      "test_acc_mean": 0.3055807054042816,
      "test_acc_std": 0.01890129624633068,
      "train_time_mean": 0.23532981872558595
    },
    "rayleigh_ritz_Linear": {
      "val_acc_mean": 0.2835365831851959,
      "val_acc_std": 0.0,
      "test_acc_mean": 0.23378582298755646,
      "test_acc_std": 0.00316382740771123,
      "train_time_mean": 0.1540134906768799
    },
    "rayleigh_ritz_Linear+RowNorm": {
      "val_acc_mean": 0.15792682468891145,
      "val_acc_std": 0.004480773296552948,
      "test_acc_mean": 0.242232283949852,
      "test_acc_std": 0.026012747398412524,
      "train_time_mean": 0.15793094635009766
    },
    "rayleigh_ritz_MLP": {
      "val_acc_mean": 0.2829268276691437,
      "val_acc_std": 0.0022814962307630433,
      "test_acc_mean": 0.22956259548664093,
      "test_acc_std": 0.0014778217778474885,
      "train_time_mean": 0.18808622360229493
    },
    "rayleigh_ritz_MLP+RowNorm": {
      "val_acc_mean": 0.27743901312351227,
      "val_acc_std": 0.019945640345903234,
      "test_acc_mean": 0.243740576505661,
      "test_acc_std": 0.007364441244663791,
      "train_time_mean": 0.20892777442932128
    }
  },
  "whitening_analysis": {
    "pca_whiten": {
      "name": "pca_whiten",
      "dim_original": 3703,
      "dim_whitened": 3703,
      "dist_from_I_original": 600.4375971970957,
      "dist_from_I_whitened": 218.07562713737974,
      "condition_original": 24753886724096.0,
      "condition_whitened": 502876209152.0,
      "entropy_original": 5.471414566040039,
      "entropy_whitened": 6.079892158508301,
      "max_entropy_original": 7.939871576361883,
      "max_entropy_whitened": 7.954723334497908,
      "uniformity_original": 0.6891061792900041,
      "uniformity_whitened": 0.7643122083380485,
      "whitening_indicators": 3
    },
    "zca_whiten": {
      "name": "zca_whiten",
      "dim_original": 3703,
      "dim_whitened": 3703,
      "dist_from_I_original": 600.4375971970957,
      "dist_from_I_whitened": 218.07563718658722,
      "condition_original": 24753886724096.0,
      "condition_whitened": 1.616888336054485e+18,
      "entropy_original": 5.471414566040039,
      "entropy_whitened": 6.079890727996826,
      "max_entropy_original": 7.939871576361883,
      "max_entropy_whitened": 7.933079771880415,
      "uniformity_original": 0.6891061792900041,
      "uniformity_whitened": 0.766397276067688,
      "whitening_indicators": 2
    },
    "full_zca_whiten": {
      "name": "full_zca_whiten",
      "dim_original": 3703,
      "dim_whitened": 3703,
      "dist_from_I_original": 600.4375971970957,
      "dist_from_I_whitened": 62.652726009475245,
      "condition_original": 24753886724096.0,
      "condition_whitened": 8851428352.0,
      "entropy_original": 5.471414566040039,
      "entropy_whitened": 7.510321617126465,
      "max_entropy_original": 7.939871576361883,
      "max_entropy_whitened": 7.951207156472972,
      "uniformity_original": 0.6891061792900041,
      "uniformity_whitened": 0.9445511190099496,
      "whitening_indicators": 3
    },
    "rayleigh_ritz": {
      "name": "rayleigh_ritz",
      "dim_original": 3703,
      "dim_whitened": 2026,
      "dist_from_I_original": 600.4375971970957,
      "dist_from_I_whitened": 19.93577418666574,
      "condition_original": 24753886724096.0,
      "condition_whitened": 45.25825500488281,
      "entropy_original": 5.471414566040039,
      "entropy_whitened": 7.51002836227417,
      "max_entropy_original": 7.939871576361883,
      "max_entropy_whitened": 7.613818684808629,
      "uniformity_original": 0.6891061792900041,
      "uniformity_whitened": 0.9863681646712253,