{
  "metadata": {
    "dataset": "citeseer",
    "split_type": "fixed",
    "component_type": "lcc",
    "k_diffusion": 2,
    "num_nodes": 2120,
    "num_features": 3703,
    "num_classes": 6,
    "num_random_splits": 1,
    "num_seeds": 5,
    "epochs": 200,
    "timestamp": "2025-12-30T18:29:21.056750"
  },
  "final_results": {
    "original_Linear": {
      "val_acc_mean": 0.7481706857681274,
      "val_acc_std": 0.0024390459060668946,
      "test_acc_mean": 0.7001508474349976,
      "test_acc_std": 0.0017589597427732984,
      "train_time_mean": 0.13328380584716798
    },
    "original_Linear+RowNorm": {
      "val_acc_mean": 0.7615853548049927,
      "val_acc_std": 0.0012195110321044922,
      "test_acc_mean": 0.7173454165458679,
      "test_acc_std": 0.0007389108889237442,
      "train_time_mean": 0.09184055328369141
    },
    "original_MLP": {
      "val_acc_mean": 0.5792682766914368,
      "val_acc_std": 0.008404899760120092,
      "test_acc_mean": 0.5245852410793305,
      "test_acc_std": 0.017522223661915377,
      "train_time_mean": 0.1924046039581299
    },
    "original_MLP+RowNorm": {
      "val_acc_mean": 0.7548780322074891,
      "val_acc_std": 0.004135585968288868,
      "test_acc_mean": 0.7312217354774475,
      "test_acc_std": 0.006704708731859256,
      "train_time_mean": 0.25626144409179685
    },
    "pca_whiten_Linear": {
      "val_acc_mean": 0.6676828861236572,
      "val_acc_std": 0.005784648739729378,
      "test_acc_mean": 0.651583731174469,
      "test_acc_std": 0.008948655257985867,
      "train_time_mean": 0.14337644577026368
    },
    "pca_whiten_Linear+RowNorm": {
      "val_acc_mean": 0.6426829099655151,
      "val_acc_std": 0.0012195110321044922,
      "test_acc_mean": 0.6380090713500977,
      "test_acc_std": 0.0016522549769482885,
      "train_time_mean": 0.12936787605285643
    },
    "pca_whiten_MLP": {
      "val_acc_mean": 0.7176828980445862,
      "val_acc_std": 0.004135563118897169,
      "test_acc_mean": 0.6977375745773315,
      "test_acc_std": 0.0043296226965067065,
      "train_time_mean": 0.1358173370361328
    },
    "pca_whiten_MLP+RowNorm": {
      "val_acc_mean": 0.7237804532051086,
      "val_acc_std": 0.007856150267982366,
      "test_acc_mean": 0.7092006206512451,
      "test_acc_std": 0.009700111150825889,
      "train_time_mean": 0.1984635353088379
    },
    "zca_whiten_Linear": {
      "val_acc_mean": 0.20670730769634246,
      "val_acc_std": 0.012103316123290658,
      "test_acc_mean": 0.19125188887119293,
      "test_acc_std": 0.0083924144278235,
      "train_time_mean": 0.08066506385803222
    },
    "zca_whiten_Linear+RowNorm": {
      "val_acc_mean": 0.20426828563213348,
      "val_acc_std": 0.0027269162311000764,
      "test_acc_mean": 0.18944193422794342,
      "test_acc_std": 0.014858050826034848,
      "train_time_mean": 0.09257049560546875
    },
    "zca_whiten_MLP": {
      "val_acc_mean": 0.7256097197532654,
      "val_acc_std": 0.0019282162465764595,
      "test_acc_mean": 0.7019608020782471,
      "test_acc_std": 0.002045951607501327,
      "train_time_mean": 0.1348334312438965
    },
    "zca_whiten_MLP+RowNorm": {
      "val_acc_mean": 0.6530487537384033,
      "val_acc_std": 0.013824113705010403,
      "test_acc_mean": 0.6627451181411743,
      "test_acc_std": 0.010733300642089853,
      "train_time_mean": 0.26033787727355956
    },
    "full_zca_whiten_Linear": {
      "val_acc_mean": 0.2298780381679535,
      "val_acc_std": 0.011009431557697513,
      "test_acc_mean": 0.2253393679857254,
      "test_acc_std": 0.008979110213604027,
      "train_time_mean": 0.11579627990722656
    },
    "full_zca_whiten_Linear+RowNorm": {
      "val_acc_mean": 0.23536584079265593,
      "val_acc_std": 0.0012195169925689696,
      "test_acc_mean": 0.247963809967041,
      "test_acc_std": 0.004919916447937248,
      "train_time_mean": 0.15084056854248046
    },
    "full_zca_whiten_MLP": {
      "val_acc_mean": 0.33597559332847593,
      "val_acc_std": 0.021764107631095105,
      "test_acc_mean": 0.3137255012989044,
      "test_acc_std": 0.022228817289768714,
      "train_time_mean": 0.15419912338256836
    },
    "full_zca_whiten_MLP+RowNorm": {
      "val_acc_mean": 0.3871951103210449,
      "val_acc_std": 0.006952282547214139,
      "test_acc_mean": 0.39336350560188293,
      "test_acc_std": 0.01967502007508468,
      "train_time_mean": 0.1863722801208496
    },
    "rayleigh_ritz_Linear": {
      "val_acc_mean": 0.2835365831851959,
      "val_acc_std": 0.0,
      "test_acc_mean": 0.23378582298755646,
      "test_acc_std": 0.00316382740771123,
      "train_time_mean": 0.08001136779785156
    },
    "rayleigh_ritz_Linear+RowNorm": {
      "val_acc_mean": 0.15792682468891145,
      "val_acc_std": 0.004480773296552948,
      "test_acc_mean": 0.242232283949852,
      "test_acc_std": 0.026012747398412524,
      "train_time_mean": 0.0816349983215332
    },
    "rayleigh_ritz_MLP": {
      "val_acc_mean": 0.2829268276691437,
      "val_acc_std": 0.0022814962307630433,
      "test_acc_mean": 0.22956259548664093,
      "test_acc_std": 0.0014778217778474885,
      "train_time_mean": 0.172868013381958
    },
    "rayleigh_ritz_MLP+RowNorm": {
      "val_acc_mean": 0.27743901312351227,
      "val_acc_std": 0.019945640345903234,
      "test_acc_mean": 0.243740576505661,
      "test_acc_std": 0.007364441244663791,
      "train_time_mean": 0.24860095977783203
    }
  },
  "whitening_analysis": {
    "pca_whiten": {
      "name": "pca_whiten",
      "dim_original": 3703,
      "dim_whitened": 3703,
      "dist_from_I_original": 600.4375971970957,
      "dist_from_I_whitened": 217.87013787664023,
      "condition_original": 24753886724096.0,
      "condition_whitened": 554289463296.0,
      "entropy_original": 5.471414566040039,
      "entropy_whitened": 6.086992263793945,
      "max_entropy_original": 7.939871576361883,
      "max_entropy_whitened": 7.953669778649798,
      "uniformity_original": 0.6891061792900041,
      "uniformity_whitened": 0.7653061332937641,
      "whitening_indicators": 3
    },
    "zca_whiten": {
      "name": "zca_whiten",
      "dim_original": 3703,
      "dim_whitened": 3703,
      "dist_from_I_original": 600.4375971970957,
      "dist_from_I_whitened": 217.87014328494928,
      "condition_original": 24753886724096.0,
      "condition_whitened": 2760640561152.0,
      "entropy_original": 5.471414566040039,
      "entropy_whitened": 6.086991786956787,
      "max_entropy_original": 7.939871576361883,
      "max_entropy_whitened": 7.92443418488756,
      "uniformity_original": 0.6891061792900041,
      "uniformity_whitened": 0.7681295149835553,
      "whitening_indicators": 3
    },
    "full_zca_whiten": {
      "name": "full_zca_whiten",
      "dim_original": 3703,
      "dim_whitened": 3703,
      "dist_from_I_original": 600.4375971970957,
      "dist_from_I_whitened": 99.22488012990117,
      "condition_original": 24753886724096.0,
      "condition_whitened": 326999048192.0,
      "entropy_original": 5.471414566040039,
      "entropy_whitened": 6.99449348449707,
      "max_entropy_original": 7.939871576361883,
      "max_entropy_whitened": 7.942717540573791,
      "uniformity_original": 0.6891061792900041,
      "uniformity_whitened": 0.8806171752636416,
      "whitening_indicators": 3
    },
    "rayleigh_ritz": {
      "name": "rayleigh_ritz",
      "dim_original": 3703,
      "dim_whitened": 2026,
      "dist_from_I_original": 600.4375971970957,
      "dist_from_I_whitened": 19.93577418666574,
      "condition_original": 24753886724096.0,
      "condition_whitened": 45.25825500488281,
      "entropy_original": 5.471414566040039,
      "entropy_whitened": 7.51002836227417,
      "max_entropy_original": 7.939871576361883,
      "max_entropy_whitened": 7.613818684808629,
      "uniformity_original": 0.6891061792900041,
      "uniformity_whitened": 0.9863681646712253,
      "whitening_indicators": 3
    }
  },