{
  "dataset": "amazon-computers",
  "k": 4,
  "split_type": "random",
  "component_type": "lcc",
  "num_seeds": 15,
  "num_splits": 5,
  "total_runs_per_method": 75,
  "metadata": {
    "d_effective": 767,
    "ortho_error": 2.1263099059254387e-09,
    "num_components": 0,
    "num_nodes": 13381,
    "num_features": 767,
    "num_classes": 10
  },
  "experiments": {
    "sgc_mlp_baseline": {
      "test_acc_mean": 0.9111044971148173,
      "test_acc_std": 0.005650725265063687,
      "val_acc_mean": 0.9173094201087951,
      "val_acc_std": 0.005812180372751558,
      "per_run_test_acc": [
        0.9051176905632019,
        0.9025028347969055,
        0.9002615213394165,
        0.9039970636367798,
        0.9043706059455872,
        0.9028763771057129,
        0.9073590040206909,
        0.911841630935669,
        0.9073590040206909,
        0.9006350636482239,
        0.9036234617233276,
        0.8998879790306091,
        0.9032499194145203,
        0.9032499194145203,
        0.9036234617233276,
        0.9088532328605652,
        0.9096003174781799,
        0.9137094020843506,
        0.9174449443817139,
        0.9107210040092468,
        0.914082944393158,
        0.9155771732330322,
        0.9107210040092468,
        0.9211804270744324,
        0.9096003174781799,
        0.9025028347969055,
        0.914082944393158,
        0.9088532328605652,
        0.914082944393158,
        0.914082944393158,
        0.9125887751579285,
        0.9092267751693726,
        0.9043706059455872,
        0.8995144367218018,
        0.9088532328605652,
        0.9159507155418396,
        0.9144564867019653,
        0.9137094020843506,
        0.9215540289878845,
        0.914082944393158,
        0.9084796905517578,
        0.9125887751579285,
        0.916324257850647,
        0.9166978001594543,
        0.9129623174667358,
        0.9196862578392029,
        0.9155771732330322,
        0.920806884765625,
        0.9178184866905212,
        0.9114680886268616,
        0.918565571308136,
        0.9103474020957947,
        0.9148300886154175,
        0.9181920289993286,
        0.9107210040092468,
        0.914082944393158,
        0.9178184866905212,
        0.9103474020957947,
        0.9077325463294983,
        0.9047441482543945,
        0.9178184866905212,
        0.9178184866905212,
        0.9181920289993286,
        0.9069854617118835,
        0.916324257850647,
        0.9148300886154175,
        0.9122151732444763,
        0.9110945463180542,
        0.9155771732330322,
        0.916324257850647,
        0.914082944393158,
        0.911841630935669,
        0.9099738597869873,
        0.9036234617233276,
        0.9069854617118835
      ],
      "n_runs": 75,
      "train_acc_mean": 0.9303288833300273,
      "train_acc_std": 0.005329327489693799,
      "num_params": 264970,
      "param_to_train_ratio": 33.00572994519183
    },
    "restricted_standard_mlp": {
      "test_acc_mean": 0.8734653488794962,
      "test_acc_std": 0.004433941232037504,
      "val_acc_mean": 0.8773193820317586,
      "val_acc_std": 0.00599983142257715,
      "per_run_test_acc": [
        0.8767277002334595,
        0.8733657598495483,
        0.8711244463920593,
        0.8785954713821411,
        0.8789690136909485,
        0.8767277002334595,
        0.8718715310096741,
        0.8726186156272888,
        0.867388904094696,
        0.8759806156158447,
        0.8778483867645264,
        0.8748599290847778,
        0.8741128444671631,
        0.8726186156272888,
        0.8737393021583557,
        0.8688831329345703,
        0.8700037598609924,
        0.8756070733070374,
        0.8688831329345703,
        0.8714979887008667,
        0.8670153617858887,
        0.8685095310211182,
        0.8696302175521851,
        0.8688831329345703,
        0.867388904094696,
        0.8733657598495483,
        0.8707508444786072,
        0.8707508444786072,
        0.8722450733184814,
        0.8692566752433777,
        0.8726186156272888,
        0.8849458694458008,
        0.8767277002334595,
        0.8752334713935852,
        0.8804632425308228,
        0.8778483867645264,
        0.8819574117660522,
        0.8804632425308228,
        0.8756070733070374,
        0.8752334713935852,
        0.8812103271484375,
        0.8752334713935852,
        0.8778483867645264,
        0.8767277002334595,
        0.8785954713821411,
        0.8670153617858887,
        0.8767277002334595,
        0.8737393021583557,
        0.8726186156272888,
        0.8778483867645264,
        0.8729921579360962,
        0.8670153617858887,
        0.8756070733070374,
        0.8707508444786072,
        0.8707508444786072,
        0.8576765060424805,
        0.8666417598724365,
        0.8707508444786072,
        0.8677624464035034,
        0.8763541579246521,
        0.8767277002334595,
        0.8722450733184814,
        0.8744863867759705,
        0.8688831329345703,
        0.8771012425422668,
        0.8729921579360962,
        0.8767277002334595,
        0.8729921579360962,
        0.8711244463920593,
        0.8711244463920593,
        0.8744863867759705,
        0.8718715310096741,
        0.8707508444786072,
        0.8815838694572449,
        0.8726186156272888
      ],
      "n_runs": 75,
      "train_acc_mean": 0.9725328373908997,
      "train_acc_std": 0.008452099031105054,
      "num_params": 264970,
      "param_to_train_ratio": 33.00572994519183
    },
    "restricted_rownorm_mlp": {
      "test_acc_mean": 0.8783464352289836,
      "test_acc_std": 0.005937592311477962,
      "val_acc_mean": 0.8834130517641703,
      "val_acc_std": 0.0037426470604655215,
      "per_run_test_acc": [
        0.8700037598609924,
        0.8714979887008667,
        0.8752334713935852,
        0.8756070733070374,
        0.8782219290733337,
        0.8703773021697998,
        0.8696302175521851,
        0.8714979887008667,
        0.8778483867645264,
        0.8744863867759705,
        0.8763541579246521,
        0.8737393021583557,
        0.8744863867759705,
        0.8718715310096741,
        0.8744863867759705,
        0.8763541579246521,
        0.8752334713935852,
        0.8726186156272888,
        0.8771012425422668,
        0.8823310136795044,
        0.8763541579246521,
        0.8711244463920593,
        0.8812103271484375,
        0.8771012425422668,
        0.8804632425308228,
        0.8726186156272888,
        0.8812103271484375,
        0.8830780982971191,
        0.8752334713935852,
        0.8804632425308228,
        0.8804632425308228,
        0.8827045559883118,
        0.8860664963722229,
        0.8815838694572449,
        0.884198784828186,
        0.8823310136795044,
        0.8815838694572449,
        0.8875607252120972,
        0.8823310136795044,
        0.8849458694458008,
        0.8815838694572449,
        0.8894284963607788,
        0.8845723271369934,
        0.8849458694458008,
        0.8912962675094604,
        0.8767277002334595,
        0.8662682175636292,
        0.8670153617858887,
        0.8737393021583557,
        0.8711244463920593,
        0.8756070733070374,
        0.8692566752433777,
        0.8718715310096741,
        0.8707508444786072,
        0.8744863867759705,
        0.8771012425422668,
        0.8733657598495483,
        0.8718715310096741,
        0.8748599290847778,
        0.8729921579360962,
        0.8894284963607788,
        0.8838251829147339,
        0.8793425559997559,
        0.886440098285675,
        0.8819574117660522,
        0.8879342675209045,
        0.8797160983085632,
        0.8875607252120972,
        0.884198784828186,
        0.8789690136909485,
        0.8868136405944824,
        0.8763541579246521,
        0.8804632425308228,
        0.8875607252120972,
        0.8849458694458008
      ],
      "n_runs": 75,
      "train_acc_mean": 0.9905763538678487,
      "train_acc_std": 0.004139149538340582,
      "num_params": 264448,
      "param_to_train_ratio": 32.940707523667164
    }
  },