{
  "dataset": "coauthor-physics",
  "k": 1,
  "split_type": "fixed",
  "component_type": "lcc",
  "num_seeds": 15,
  "num_splits": 1,
  "total_runs_per_method": 15,
  "metadata": {
    "d_effective": 7697,
    "ortho_error": 5.807385683453958e-10,
    "num_components": 0,
    "num_nodes": 34493,
    "num_features": 8415,
    "num_classes": 5
  },
  "experiments": {
    "sgc_mlp_baseline": {
      "test_acc_mean": 0.9554588993390402,
      "test_acc_std": 0.001039270966888704,
      "val_acc_mean": 0.9623175819714864,
      "val_acc_std": 0.0006514871946871519,
      "per_run_test_acc": [
        0.9566666483879089,
        0.9563767910003662,
        0.9559419751167297,
        0.9531883597373962,
        0.9563767910003662,
        0.9560869336128235,
        0.9553622603416443,
        0.9565216898918152,
        0.9553622603416443,
        0.9549275040626526,
        0.9553622603416443,
        0.9543477892875671,
        0.9549275040626526,
        0.9537680745124817,
        0.9566666483879089
      ],
      "n_runs": 15,
      "train_acc_mean": 0.9998807907104492,
      "train_acc_std": 8.797866324021617e-05,
      "num_params": 2221573,
      "param_to_train_ratio": 107.34829669002174
    },
    "restricted_standard_mlp": {
      "test_acc_mean": 0.8868985096613566,
      "test_acc_std": 0.020472385985948215,
      "val_acc_mean": 0.8903933485349019,
      "val_acc_std": 0.019717674366871937,
      "per_run_test_acc": [
        0.8853622674942017,
        0.8944926857948303,
        0.8908694982528687,
        0.889275312423706,
        0.8934782147407532,
        0.8921738862991333,
        0.8918840289115906,
        0.8923187851905823,
        0.8915941715240479,
        0.9079709649085999,
        0.8907245993614197,
        0.8128985166549683,
        0.8972463607788086,
        0.8894202709197998,
        0.8837680816650391
      ],
      "n_runs": 15,
      "train_acc_mean": 0.9998679121335348,
      "train_acc_std": 0.00018877399893512506,
      "num_params": 2037765,
      "param_to_train_ratio": 98.46653781106548
    },
    "restricted_rownorm_mlp": {
      "test_acc_mean": 0.9210241119066874,
      "test_acc_std": 0.006588380671470854,
      "val_acc_mean": 0.9280371069908142,
      "val_acc_std": 0.0068766722390224124,
      "per_run_test_acc": [
        0.9137680530548096,
        0.9075362086296082,
        0.9271014332771301,
        0.9233332872390747,
        0.9137680530548096,
        0.9304347634315491,
        0.9318839907646179,
        0.9198550581932068,
        0.9188405275344849,
        0.92521733045578,
        0.9269564747810364,
        0.9166666269302368,
        0.9236231446266174,
        0.9155071973800659,
        0.9208695292472839
      ],
      "n_runs": 15,
      "train_acc_mean": 0.9995199958483378,
      "train_acc_std": 0.0004649823402950441,
      "num_params": 2037248,
      "param_to_train_ratio": 98.44155593138439
    }
  },
  "framework_analysis": {
    "sgc_mlp_acc_pct": 95.54588993390402,
    "restricted_std_acc_pct": 88.68985096613567,
    "restricted_rownorm_acc_pct": 92.10241119066875,
    "part_a_pp": 6.856038967768356,
    "part_b_pp": 3.412560224533081,
    "remaining_gap_pp": 3.443478743235275
  }
}