{
  "fisher_score": 0.005569512436312449,
  "mean_fisher_score": 0.005858908894022095,
  "std_fisher_score": 0.0002441981589859062,
  "per_split": [
    {
      "split": 0,
      "fisher_score": 0.005569512436312449,
      "fisher_score_U": 0.005569512436312449,
      "between_class_variance": 0.0005414259731465759,
      "within_class_variance": 0.09721245429250747,
      "per_feature_U_stats": {
        "mean": 0.00026056483769585866,
        "std": 0.00041486381014704273,
        "max": 0.005794583076943465,
        "top5": [
          0.005794583076943465,
          0.004099997388476082,
          0.0040905417546824,
          0.002516564412804602,
          0.0022533452393569717
        ]
      },
      "note": "Computed on training set only to prevent data leakage",
      "fisher_score_X_diffused": 0.09096339862721858,
      "between_class_variance_X": 0.34634836624039933,
      "within_class_variance_X": 3.8075574513193597,
      "per_feature_X_stats": {
        "mean": 0.02129689273940822,
        "std": 0.025940276279592726,
        "max": 0.18770948838910165,
        "top5": [
          0.18770948838910165,
          0.17882420874621194,
          0.16927827247479593,
          0.1367216771959361,
          0.1338612762861348
        ],
        "n_cols_sampled": 500
      }
    },
    {
      "split": 1,
      "fisher_score": 0.005733635219996687,
      "fisher_score_U": 0.005733635219996687,
      "between_class_variance": 0.0005454614827178155,
      "within_class_variance": 0.09513362147899787,
      "per_feature_U_stats": {
        "mean": 0.00025321330625459256,
        "std": 0.0003873540670884926,
        "max": 0.005739388645761543,
        "top5": [
          0.005739388645761543,
          0.0037983090865299643,
          0.0036628782308926427,
          0.0028167059814298567,
          0.0021140275712618487
        ]
      },
      "note": "Computed on training set only to prevent data leakage",
      "fisher_score_X_diffused": 0.0871511539268126,
      "between_class_variance_X": 0.35936708527708333,
      "within_class_variance_X": 4.123491991613456,
      "per_feature_X_stats": {
        "mean": 0.020280118863340916,
        "std": 0.02508011072976127,
        "max": 0.18612536372372857,
        "top5": [
          0.18612536372372857,
          0.17846342852335845,
          0.1696421822281009,
          0.13334691106279534,
          0.12925638840333145
        ],
        "n_cols_sampled": 500
      }
    },
    {
      "split": 2,
      "fisher_score": 0.006290681004161742,
      "fisher_score_U": 0.006290681004161742,
      "between_class_variance": 0.0006014211723557449,
      "within_class_variance": 0.0956050977561668,
      "per_feature_U_stats": {
        "mean": 0.00025825056536235943,
        "std": 0.0003747913316379408,
        "max": 0.0051626801611627466,
        "top5": [
          0.0051626801611627466,
          0.0037314365686999603,
          0.0029196573576396657,
          0.002374216184071529,
          0.0020894208816885722
        ]
      },
      "note": "Computed on training set only to prevent data leakage",
      "fisher_score_X_diffused": 0.06882460422392438,
      "between_class_variance_X": 0.27010862082896125,
      "within_class_variance_X": 3.924593884334576,
      "per_feature_X_stats": {
        "mean": 0.02011580163994841,
        "std": 0.025250373730696874,
        "max": 0.17678856585900146,
        "top5": [
          0.17678856585900146,
          0.16982342215258134,
          0.16553479295279772,
          0.13397146341171798,
          0.13306130432402496
        ],
        "n_cols_sampled": 500
      }
    },
    {
      "split": 3,
      "fisher_score": 0.00592828898717689,
      "fisher_score_U": 0.00592828898717689,
      "between_class_variance": 0.0005698049218817282,
      "within_class_variance": 0.09611625261761657,
      "per_feature_U_stats": {
        "mean": 0.00024863746214374353,
        "std": 0.00035271385335813974,
        "max": 0.005128233881936723,
        "top5": [
          0.005128233881936723,
          0.003472515991553374,
          0.002948380020722734,
          0.0025238306017667037,
          0.0018848016316839137
        ]
      },
      "note": "Computed on training set only to prevent data leakage",
      "fisher_score_X_diffused": 0.08889473788322758,
      "between_class_variance_X": 0.34778780283290833,
      "within_class_variance_X": 3.9123553442473002,
      "per_feature_X_stats": {
        "mean": 0.020611766842017987,
        "std": 0.02549165903066773,
        "max": 0.1883520201756954,
        "top5": [
          0.1883520201756954,
          0.18043656537278993,
          0.17260619647601677,
          0.13877737923899763,
          0.13037264601487789
        ],
        "n_cols_sampled": 500
      }
    },
    {
      "split": 4,
      "fisher_score": 0.005772426822462709,
      "fisher_score_U": 0.005772426822462709,
      "between_class_variance": 0.0005388771302725052,
      "within_class_variance": 0.09335365295156785,
      "per_feature_U_stats": {
        "mean": 0.00025821002295837217,
        "std": 0.0003920840234666516,
        "max": 0.005743135191217967,
        "top5": [
          0.005743135191217967,
          0.003999398691577005,
          0.0037873109557616047,
          0.002614247747101346,
          0.0021176555925831136
        ]
      },
      "note": "Computed on training set only to prevent data leakage",
      "fisher_score_X_diffused": 0.0978361635853595,
      "between_class_variance_X": 0.3704155452079929,
      "within_class_variance_X": 3.7860800304665974,
      "per_feature_X_stats": {
        "mean": 0.021465187073085788,
        "std": 0.026234110567467613,
        "max": 0.19534906277796724,
        "top5": [
          0.19534906277796724,
          0.18688096403785762,
          0.17707687010661918,
          0.13767397345039958,
          0.13653456353790785
        ],
        "n_cols_sampled": 500
      }
    }
  ],
  "note": "Fisher score computed on training set only (no leakage)"
}