{
  "fisher_score": 0.05827795011453385,
  "std_fisher_score": 0.004192440471596698,
  "per_split": [
    {
      "split": 0,
      "fisher_score": 0.05315123418811634,
      "fisher_score_U": 0.05315123418811634,
      "between_class_variance": 0.00030078864358026956,
      "within_class_variance": 0.0056591092977389505,
      "per_feature_U_stats": {
        "mean": 0.08812389528574002,
        "std": 0.19165099951015374,
        "max": 3.321583824872616,
        "top5": [
          3.321583824872616,
          1.0623944497725755,
          0.9662780748621176,
          0.8139281870459987,
          0.7509671169248768
        ]
      },
      "note": "Computed on training set only to prevent data leakage",
      "fisher_score_X_diffused": 0.016036105232353923,
      "between_class_variance_X": 0.2719742460151772,
      "within_class_variance_X": 16.96011856210889,
      "per_feature_X_stats": {
        "mean": 0.12874952040904952,
        "std": 0.1606160829453056,
        "max": 1.1856676972337725,
        "top5": [
          1.1856676972337725,
          1.0987800209222782,
          1.0265706796660834,
          0.8905520985736096,
          0.803801423372577
        ],
        "n_cols_sampled": 500
      }
    },
    {
      "split": 1,
      "fisher_score": 0.0632804040595256,
      "fisher_score_U": 0.0632804040595256,
      "between_class_variance": 0.0003457466759298274,
      "within_class_variance": 0.005463724213969871,
      "per_feature_U_stats": {
        "mean": 0.08683409694759955,
        "std": 0.18842985967943282,
        "max": 3.3544561599559413,
        "top5": [
          3.3544561599559413,
          1.156662286532555,
          0.8931273769321588,
          0.7916471009371587,
          0.6984325013070896
        ]
      },
      "note": "Computed on training set only to prevent data leakage",
      "fisher_score_X_diffused": 0.013839297780445507,
      "between_class_variance_X": 0.27911366356175266,
      "within_class_variance_X": 20.168195524785332,
      "per_feature_X_stats": {
        "mean": 0.11404269578323054,
        "std": 0.1476855613351727,
        "max": 1.154236949429077,
        "top5": [
          1.154236949429077,
          1.0477850538493687,
          0.989810005757391,
          0.7254912249192023,
          0.7063266606577575
        ],
        "n_cols_sampled": 500
      }
    },
    {
      "split": 2,
      "fisher_score": 0.06022392977928594,
      "fisher_score_U": 0.06022392977928594,
      "between_class_variance": 0.0003377588984639448,
      "within_class_variance": 0.005608383572805593,
      "per_feature_U_stats": {
        "mean": 0.081742540826389,
        "std": 0.1797005241289974,
        "max": 3.1356548407651146,
        "top5": [
          3.1356548407651146,
          1.089827499712925,
          0.8949672150191218,
          0.7430134882635854,
          0.642841340082847
        ]
      },
      "note": "Computed on training set only to prevent data leakage",
      "fisher_score_X_diffused": 0.01046042807080367,
      "between_class_variance_X": 0.1903742004188047,
      "within_class_variance_X": 18.19946556012964,
      "per_feature_X_stats": {
        "mean": 0.11764960581943353,
        "std": 0.1537063087232178,
        "max": 1.1410775167075868,
        "top5": [
          1.1410775167075868,
          1.0356107092446036,
          0.9969375602374386,
          0.8319570253555267,
          0.7655314737276615
        ],
        "n_cols_sampled": 500
      }
    },
    {
      "split": 3,
      "fisher_score": 0.05342191324374687,
      "fisher_score_U": 0.05342191324374687,
      "between_class_variance": 0.00030842849772707117,
      "within_class_variance": 0.005773445370999947,
      "per_feature_U_stats": {
        "mean": 0.08365717052368446,
        "std": 0.192636230750181,
        "max": 3.4267869411313856,
        "top5": [
          3.4267869411313856,
          1.131373673494469,
          1.016389204019989,
          0.8044484327107473,
          0.7424386239461549
        ]
      },
      "note": "Computed on training set only to prevent data leakage",
      "fisher_score_X_diffused": 0.015179768192589031,
      "between_class_variance_X": 0.2721713608973009,
      "within_class_variance_X": 17.92987596676072,
      "per_feature_X_stats": {
        "mean": 0.12224085981725795,
        "std": 0.15728629180723644,
        "max": 1.2288562860293717,
        "top5": [
          1.2288562860293717,
          1.1131914535294087,
          1.0536038111623414,
          0.7516081106507657,
          0.7440853009969042
        ],
        "n_cols_sampled": 500
      }
    },
    {
      "split": 4,
      "fisher_score": 0.061312269301994515,
      "fisher_score_U": 0.061312269301994515,
      "between_class_variance": 0.0003209461666525487,
      "within_class_variance": 0.005234615686327372,
      "per_feature_U_stats": {
        "mean": 0.08890076490926749,
        "std": 0.18805130828413957,
        "max": 3.28992227413763,
        "top5": [
          3.28992227413763,
          1.0553094818264548,
          0.8712854428509204,
          0.8409646564123268,
          0.8025682922607807
        ]
      },
      "note": "Computed on training set only to prevent data leakage",
      "fisher_score_X_diffused": 0.017338608535837973,
      "between_class_variance_X": 0.28974764164606165,
      "within_class_variance_X": 16.71112425470411,
      "per_feature_X_stats": {
        "mean": 0.1310943930307872,
        "std": 0.16417959443583288,
        "max": 1.2558608350217115,
        "top5": [
          1.2558608350217115,
          1.1507547855926028,
          1.0719602587842316,
          0.812245086677917,
          0.7822341527511132
        ],
        "n_cols_sampled": 500
      }
    }
  ],
  "note": "Fisher score computed on training set only (no leakage)"
}