{
  "dataset": "amazon-photo",
  "split_type": "fixed",
  "component_type": "lcc",
  "num_components": 1,
  "k_diffusion": 4,
  "num_splits": 1,
  "num_seeds": 5,
  "total_runs": 5,
  "precompute_time": 0.34879040718078613,
  "metadata": {
    "d_restricted_std": 744,
    "ortho_error_std": 2.1663018046069737e-09,
    "d_full": 744,
    "ortho_error": 2.1663018046069737e-09
  },
  "results": {
    "sgc_baseline": {
      "val_acc_mean": 0.9332887887954712,
      "val_acc_std": 0.0007795321467751776,
      "test_acc_mean": 0.921175730228424,
      "test_acc_std": 0.0010348675872684247,
      "train_time_mean": 0.21878623962402344,
      "train_time_std": 0.029005154435043055
    },
    "sgc_mlp_baseline": {
      "val_acc_mean": 0.9458556413650513,
      "val_acc_std": 0.0017936383179785467,
      "test_acc_mean": 0.9370741844177246,
      "test_acc_std": 0.0039496982961119845,
      "train_time_mean": 0.3364088535308838,
      "train_time_std": 0.05636059625994721
    },
    "restricted_standard_mlp": {
      "val_acc_mean": 0.8808823585510254,
      "val_acc_std": 0.0032307626912830736,
      "test_acc_mean": 0.8673346877098084,
      "test_acc_std": 0.0016686643004001037,
      "train_time_mean": 0.2986398220062256,
      "train_time_std": 0.029925037953846097
    },
    "full_rownorm_mlp": {
      "val_acc_mean": 0.9046791672706604,
      "val_acc_std": 0.0018232904458786077,
      "test_acc_mean": 0.89445561170578,
      "test_acc_std": 0.0013360142708356544,
      "train_time_mean": 0.3856781482696533,
      "train_time_std": 0.038708278153374506
    },
    "jl_binary_nc": {
      "val_acc_mean": 0.5010695219039917,
      "val_acc_std": 0.005390868972640309,
      "test_acc_mean": 0.48617236614227294,
      "test_acc_std": 0.00758587451698416,
      "train_time_mean": 0.3597114086151123,
      "train_time_std": 0.060833426952314876
    },
    "jl_binary_2nc": {
      "val_acc_mean": 0.6740641713142395,
      "val_acc_std": 0.006928695378441862,
      "test_acc_mean": 0.648096215724945,
      "test_acc_std": 0.005642930978874993,
      "train_time_mean": 0.3279562950134277,
      "train_time_std": 0.010743420523183323
    },
    "jl_binary_4nc": {
      "val_acc_mean": 0.7661764740943908,
      "val_acc_std": 0.004541521164505773,
      "test_acc_mean": 0.7396126031875611,
      "test_acc_std": 0.003310489216473548,
      "train_time_mean": 0.29942827224731444,
      "train_time_std": 0.03380321311423813
    },
    "jl_ortho_nc": {
      "val_acc_mean": 0.5379679203033447,
      "val_acc_std": 0.004107563620828652,
      "test_acc_mean": 0.5302605390548706,
      "test_acc_std": 0.008368991097952323,
      "train_time_mean": 0.313491678237915,
      "train_time_std": 0.10919756748808834
    },
    "jl_ortho_2nc": {
      "val_acc_mean": 0.6594919919967651,
      "val_acc_std": 0.005665679457032164,
      "test_acc_mean": 0.6625250816345215,
      "test_acc_std": 0.004398690159763849,
      "train_time_mean": 0.30591540336608886,
      "train_time_std": 0.05832514162615352
    },
    "jl_ortho_4nc": {
      "val_acc_mean": 0.7708556294441223,
      "val_acc_std": 0.005583055116962975,
      "test_acc_mean": 0.7298597455024719,
      "test_acc_std": 0.004753619384314961,
      "train_time_mean": 0.27573657035827637,
      "train_time_std": 0.011297147414227344
    }
  },
  "improvements": {
    "restricted_standard_mlp": {
      "vs_sgc": -5.384104251861565,
      "vs_sgc_mlp": -6.973949670791624
    },
    "full_rownorm_mlp": {
      "vs_sgc": -2.6720118522644,
      "vs_sgc_mlp": -4.261857271194458
    },
    "jl_binary_nc": {
      "vs_sgc": -43.50033640861511,
      "vs_sgc_mlp": -45.090181827545166
    },
    "jl_binary_2nc": {
      "vs_sgc": -27.3079514503479,
      "vs_sgc_mlp": -28.897796869277958
    },
    "jl_binary_4nc": {
      "vs_sgc": -18.156312704086297,
      "vs_sgc_mlp": -19.746158123016354
    },
    "jl_ortho_nc": {
      "vs_sgc": -39.09151911735535,
      "vs_sgc_mlp": -40.6813645362854
    },
    "jl_ortho_2nc": {
      "vs_sgc": -25.86506485939025,
      "vs_sgc_mlp": -27.45491027832031
    },
    "jl_ortho_4nc": {
      "vs_sgc": -19.13159847259521,
      "vs_sgc_mlp": -20.721443891525272
    }
  },
  "parameter_counts": {
    "sgc_baseline": 5960,
    "sgc_mlp_baseline": 258304,
    "restricted_standard_mlp": 258048,
    "full_rownorm_mlp": 258048,
    "jl_binary_nc": 69632,
    "jl_ortho_nc": 69632,
    "jl_binary_2nc": 71680,
    "jl_ortho_2nc": 71680,
    "jl_binary_4nc": 75776,
    "jl_ortho_4nc": 75776
  }
}