{
  "fisher_score": 0.006456382237967965,
  "mean_fisher_score": 0.007846159435234545,
  "std_fisher_score": 0.0007480237515311707,
  "per_split": [
    {
      "split": 0,
      "fisher_score": 0.006456382237967965,
      "fisher_score_U": 0.006456382237967965,
      "between_class_variance": 0.0008089284096258736,
      "within_class_variance": 0.12529128230184677,
      "per_feature_U_stats": {
        "mean": 0.00019500171813302016,
        "std": 0.00012006915011884179,
        "max": 0.0008456641171698204,
        "top5": [
          0.0008456641171698204,
          0.0008008461295017686,
          0.0007428973190884755,
          0.0006846447133650149,
          0.0006697186339902719
        ]
      },
      "note": "Computed on training set only to prevent data leakage",
      "fisher_score_X_diffused": 0.08978801919064872,
      "between_class_variance_X": 0.09100337507439563,
      "within_class_variance_X": 1.0135358357908122,
      "per_feature_X_stats": {
        "mean": 0.0042171226526059305,
        "std": 0.004724875666877898,
        "max": 0.053440975526941326,
        "top5": [
          0.053440975526941326,
          0.03581934443458424,
          0.034067307986118366,
          0.026770743064839043,
          0.01607917631880879
        ],
        "n_cols_sampled": 300
      }
    },
    {
      "split": 1,
      "fisher_score": 0.00828875194028641,
      "fisher_score_U": 0.00828875194028641,
      "between_class_variance": 0.0010560340496270431,
      "within_class_variance": 0.12740567666096095,
      "per_feature_U_stats": {
        "mean": 0.00024434459274666676,
        "std": 0.00015860299055175614,
        "max": 0.0010474030298509508,
        "top5": [
          0.0010474030298509508,
          0.0009742036609052209,
          0.000941977878358602,
          0.0008697670885261408,
          0.0008635310420074204
        ]
      },
      "note": "Computed on training set only to prevent data leakage",
      "fisher_score_X_diffused": 0.0857424517945677,
      "between_class_variance_X": 0.08608212451808615,
      "within_class_variance_X": 1.0039615466599006,
      "per_feature_X_stats": {
        "mean": 0.004110545339993233,
        "std": 0.004543305538939362,
        "max": 0.05104931344051602,
        "top5": [
          0.05104931344051602,
          0.03402050910803423,
          0.03251851621745053,
          0.026578334717614498,
          0.015104239854474583
        ],
        "n_cols_sampled": 300
      }
    },
    {
      "split": 2,
      "fisher_score": 0.00798001963393324,
      "fisher_score_U": 0.00798001963393324,
      "between_class_variance": 0.0010028958372757413,
      "within_class_variance": 0.12567586087271668,
      "per_feature_U_stats": {
        "mean": 0.0002422255732255744,
        "std": 0.00013201586230444514,
        "max": 0.0009407848633926369,
        "top5": [
          0.0009407848633926369,
          0.0008741608666026858,
          0.0008623876486413711,
          0.0007010763506169759,
          0.0006761378833624432
        ]
      },
      "note": "Computed on training set only to prevent data leakage",
      "fisher_score_X_diffused": 0.08880237524185891,
      "between_class_variance_X": 0.08769445836235981,
      "within_class_variance_X": 0.9875237922805373,
      "per_feature_X_stats": {
        "mean": 0.004183095074505007,
        "std": 0.004687363860328272,
        "max": 0.053019316818284146,
        "top5": [
          0.053019316818284146,
          0.03518590683697543,
          0.03367615128992684,
          0.02689367095685407,
          0.01586828579261954
        ],
        "n_cols_sampled": 300
      }
    },
    {
      "split": 3,
      "fisher_score": 0.008653859063062822,
      "fisher_score_U": 0.008653859063062822,
      "between_class_variance": 0.0010907864048913685,
      "within_class_variance": 0.12604624098249542,
      "per_feature_U_stats": {
        "mean": 0.0002501330666755623,
        "std": 0.00016772154902542534,
        "max": 0.0011115566635902018,
        "top5": [
          0.0011115566635902018,
          0.0010670106391498404,
          0.0008803775502392483,
          0.0008768587656125388,
          0.0008305418439950647
        ]
      },
      "note": "Computed on training set only to prevent data leakage",
      "fisher_score_X_diffused": 0.08528554994892848,
      "between_class_variance_X": 0.08677537189487464,
      "within_class_variance_X": 1.0174686326914502,
      "per_feature_X_stats": {
        "mean": 0.0041102803621971004,
        "std": 0.004529068346744393,
        "max": 0.05106645788191193,
        "top5": [
          0.05106645788191193,
          0.03381373285582959,
          0.03231519223752285,
          0.026083707167883503,
          0.014997092273466689
        ],
        "n_cols_sampled": 300
      }
    },
    {
      "split": 4,
      "fisher_score": 0.007851784300922282,
      "fisher_score_U": 0.007851784300922282,
      "between_class_variance": 0.0009996208985707856,
      "within_class_variance": 0.12731130406286997,
      "per_feature_U_stats": {
        "mean": 0.00021098179485879383,
        "std": 0.0001226404971555967,
        "max": 0.0008168910492077962,
        "top5": [
          0.0008168910492077962,
          0.0007998540053218036,
          0.000728728538372664,
          0.0006503012892061452,
          0.0006478293247716457
        ]
      },
      "note": "Computed on training set only to prevent data leakage",
      "fisher_score_X_diffused": 0.08421465208650632,
      "between_class_variance_X": 0.08359467130380578,
      "within_class_variance_X": 0.9926380888914237,
      "per_feature_X_stats": {
        "mean": 0.004061456668133059,
        "std": 0.004472811535180072,
        "max": 0.05034681568039743,
        "top5": [
          0.05034681568039743,
          0.03348515651640478,
          0.031867535602982666,
          0.026231249044900425,
          0.015000515555569383
        ],
        "n_cols_sampled": 300
      }
    }
  ],
  "note": "Fisher score computed on training set only (no leakage)"
}