{
  "dataset": "coauthor-physics",
  "k": 12,
  "split_type": "fixed",
  "component_type": "lcc",
  "num_seeds": 15,
  "num_splits": 1,
  "total_runs_per_method": 15,
  "metadata": {
    "d_effective": 7701,
    "ortho_error": 5.961904525619843e-09,
    "num_components": 0,
    "num_nodes": 34493,
    "num_features": 8415,
    "num_classes": 5
  },
  "experiments": {
    "sgc_mlp_baseline": {
      "test_acc_mean": 0.9518840193748475,
      "test_acc_std": 0.0015401391783358114,
      "val_acc_mean": 0.9572533051172892,
      "val_acc_std": 0.0009012456216486936,
      "per_run_test_acc": [
        0.9485507011413574,
        0.9523187875747681,
        0.9488405585289001,
        0.9513043165206909,
        0.9536231160163879,
        0.9523187875747681,
        0.9517390727996826,
        0.95333331823349,
        0.9539129734039307,
        0.9523187875747681,
        0.9524637460708618,
        0.95014488697052,
        0.9518840312957764,
        0.9524637460708618,
        0.9530434608459473
      ],
      "n_runs": 15,
      "train_acc_mean": 0.9857098976771037,
      "train_acc_std": 0.00459884885916008,
      "num_params": 2221573,
      "param_to_train_ratio": 107.34829669002174
    },
    "restricted_standard_mlp": {
      "test_acc_mean": 0.8822511672973633,
      "test_acc_std": 0.007071877995270348,
      "val_acc_mean": 0.8781869093577067,
      "val_acc_std": 0.007006986344213342,
      "per_run_test_acc": [
        0.8894202709197998,
        0.870724618434906,
        0.8713043332099915,
        0.8859419822692871,
        0.8794202208518982,
        0.8898550271987915,
        0.8928984999656677,
        0.8878260254859924,
        0.8791304230690002,
        0.8810144662857056,
        0.8869564533233643,
        0.8697100877761841,
        0.8873912692070007,
        0.8799999356269836,
        0.8821738958358765
      ],
      "n_runs": 15,
      "train_acc_mean": 0.998057480653127,
      "train_acc_std": 0.0012173501746187306,
      "num_params": 2038789,
      "param_to_train_ratio": 98.51601836192317
    },
    "restricted_rownorm_mlp": {
      "test_acc_mean": 0.9226859529813131,
      "test_acc_std": 0.002577303337277241,
      "val_acc_mean": 0.9232531070709229,
      "val_acc_std": 0.00271047410725665,
      "per_run_test_acc": [
        0.9198550581932068,
        0.9237681031227112,
        0.919710099697113,
        0.9257970452308655,
        0.9210144281387329,
        0.9272463321685791,
        0.922898530960083,
        0.9207245707511902,
        0.9242028594017029,
        0.925072431564331,
        0.9227535724639893,
        0.9181159138679504,
        0.9253622889518738,
        0.9237681031227112,
        0.9199999570846558
      ],
      "n_runs": 15,
      "train_acc_mean": 0.992784070968628,
      "train_acc_std": 0.0017491585015301748,
      "num_params": 2038272,
      "param_to_train_ratio": 98.4910364822421
    }
  },
  "framework_analysis": {
    "sgc_mlp_acc_pct": 95.18840193748474,
    "restricted_std_acc_pct": 88.22511672973633,
    "restricted_rownorm_acc_pct": 92.2685952981313,
    "part_a_pp": 6.963285207748413,
    "part_b_pp": 4.043478568394974,
    "remaining_gap_pp": 2.919806639353439
  }
}