{
  "dataset": "ogbn-arxiv",
  "split_type": "random",
  "component_type": "lcc",
  "num_components": 1,
  "k_diffusion": 4,
  "num_splits": 5,
  "num_seeds": 5,
  "total_runs": 25,
  "precompute_time": 1.807541847229004,
  "metadata": {
    "d_restricted_std": 127,
    "ortho_error_std": 7.513761834943011e-10,
    "d_full": 127,
    "ortho_error": 7.513761834943011e-10
  },
  "results": {
    "sgc_baseline": {
      "val_acc_mean": 0.5797732281684875,
      "val_acc_std": 0.0025116394757294285,
      "test_acc_mean": 0.5788013124465943,
      "test_acc_std": 0.002772609155835085,
      "train_time_mean": 0.1829352569580078,
      "train_time_std": 0.05537501866992165
    },
    "sgc_mlp_baseline": {
      "val_acc_mean": 0.7298452711105347,
      "val_acc_std": 0.0017617584609634902,
      "test_acc_mean": 0.7284098196029664,
      "test_acc_std": 0.0025152395597428647,
      "train_time_mean": 1.310889482498169,
      "train_time_std": 0.3579795585634509
    },
    "restricted_standard_mlp": {
      "val_acc_mean": 0.7279130625724792,
      "val_acc_std": 0.0012245258540951463,
      "test_acc_mean": 0.7252813816070557,
      "test_acc_std": 0.002583732403218241,
      "train_time_mean": 1.4109854412078857,
      "train_time_std": 0.43024853370933536
    },
    "full_rownorm_mlp": {
      "val_acc_mean": 0.7159891200065612,
      "val_acc_std": 0.0011699094214954267,
      "test_acc_mean": 0.7135175776481628,
      "test_acc_std": 0.002492208719003092,
      "train_time_mean": 3.1666029834747316,
      "train_time_std": 0.6567296941460531
    },
    "jl_binary_nc": {
      "val_acc_mean": 0.5854800868034363,
      "val_acc_std": 0.0024115315854818507,
      "test_acc_mean": 0.5829571962356568,
      "test_acc_std": 0.0036543969326939788,
      "train_time_mean": 3.1217225933074952,
      "train_time_std": 0.6486801254665148
    },
    "jl_binary_2nc": {
      "val_acc_mean": 0.6726987051963806,
      "val_acc_std": 0.0018070195509672683,
      "test_acc_mean": 0.6706867575645447,
      "test_acc_std": 0.002900328215922668,
      "train_time_mean": 3.0338780307769775,
      "train_time_std": 0.5609529226317345
    },
    "jl_ortho_nc": {
      "val_acc_mean": 0.5871430158615112,
      "val_acc_std": 0.0024118728518984344,
      "test_acc_mean": 0.5847523021697998,
      "test_acc_std": 0.0034270010166027615,
      "train_time_mean": 2.9916936111450196,
      "train_time_std": 0.5730369332147532
    },
    "jl_ortho_2nc": {
      "val_acc_mean": 0.6718802356719971,
      "val_acc_std": 0.0017391461235417279,
      "test_acc_mean": 0.6691880822181702,
      "test_acc_std": 0.0029032962480604234,
      "train_time_mean": 3.0093960189819335,
      "train_time_std": 0.5121786550642021
    }
  },
  "improvements": {
    "restricted_standard_mlp": {
      "vs_sgc": 14.64800691604614,
      "vs_sgc_mlp": -0.3128437995910671
    },
    "full_rownorm_mlp": {
      "vs_sgc": 13.471626520156853,
      "vs_sgc_mlp": -1.4892241954803542
    },
    "jl_binary_nc": {
      "vs_sgc": 0.4155883789062509,
      "vs_sgc_mlp": -14.545262336730957
    },
    "jl_binary_2nc": {
      "vs_sgc": 9.188544511795039,
      "vs_sgc_mlp": -5.77230620384217
    },
    "jl_ortho_nc": {
      "vs_sgc": 0.5950989723205513,
      "vs_sgc_mlp": -14.365751743316657
    },
    "jl_ortho_2nc": {
      "vs_sgc": 9.03867697715759,
      "vs_sgc_mlp": -5.92217373847962
    }
  },
  "parameter_counts": {
    "sgc_baseline": 5120,
    "sgc_mlp_baseline": 108544,
    "restricted_standard_mlp": 108288,
    "full_rownorm_mlp": 108288,
    "jl_binary_nc": 86016,
    "jl_ortho_nc": 86016,
    "jl_binary_2nc": 96256,
    "jl_ortho_2nc": 96256
  }
}