{
  "dataset": "cora",
  "split_type": "fixed",
  "component_type": "lcc",
  "num_components": 1,
  "k_diffusion": 2,
  "num_splits": 1,
  "num_seeds": 5,
  "total_runs": 5,
  "precompute_time": 0.027220726013183594,
  "metadata": {
    "k_full": 1426,
    "k_nclasses": 7,
    "k_2nclasses": 14
  },
  "results": {
    "sgc_baseline": {
      "test_acc_mean": 0.768306028842926,
      "test_acc_std": 0.0018287681296460026,
      "test_acc_min": 0.7650273442268372,
      "test_acc_max": 0.7704918384552002
    },
    "full_logistic": {
      "test_acc_mean": 0.30972678661346437,
      "test_acc_std": 0.010721524100365152,
      "test_acc_min": 0.2939890921115875,
      "test_acc_max": 0.3234972655773163
    },
    "full_mlp": {
      "test_acc_mean": 0.7175956606864929,
      "test_acc_std": 0.00867733700035153,
      "test_acc_min": 0.7049180865287781,
      "test_acc_max": 0.7300546765327454
    },
    "nclasses_logistic": {
      "test_acc_mean": 0.2019672155380249,
      "test_acc_std": 0.0027124962038335425,
      "test_acc_min": 0.1978142112493515,
      "test_acc_max": 0.20546448230743408
    },
    "nclasses_mlp": {
      "test_acc_mean": 0.23540984392166137,
      "test_acc_std": 0.00720317044293293,
      "test_acc_min": 0.22404372692108154,
      "test_acc_max": 0.2426229566335678
    },
    "2nclasses_logistic": {
      "test_acc_mean": 0.17814208269119264,
      "test_acc_std": 0.022161820399516134,
      "test_acc_min": 0.1420765072107315,
      "test_acc_max": 0.20327869057655334
    },
    "2nclasses_mlp": {
      "test_acc_mean": 0.25748634338378906,
      "test_acc_std": 0.006319924072355965,
      "test_acc_min": 0.2502732276916504,
      "test_acc_max": 0.2677595615386963
    }
  },
  "improvements": {
    "full_logistic": -45.85792422294616,
    "full_mlp": -5.071036815643303,
    "nclasses_logistic": -56.63388133049011,
    "nclasses_mlp": -53.28961849212646,
    "2nclasses_logistic": -59.01639461517334,
    "2nclasses_mlp": -51.08196854591369
  }
}