{
  "dataset": "pubmed",
  "k_diffusion": 32,
  "dimension": 500,
  "num_random_subspaces": 3,
  "num_splits": 5,
  "num_seeds": 5,
  "total_runs_per_exp": 75,
  "avg_diffusion_time_seconds": 1.1926039059956868,
  "baseline_engineered": {
    "a_raw_std": {
      "mean": 0.8635395312309264,
      "std": 0.003982195625930926
    },
    "b_restricted_std": {
      "mean": 0.8547362899780273,
      "std": 0.005096346531258532
    },
    "c_restricted_rownorm": {
      "mean": 0.39893507957458496,
      "std": 0.0036412367044999605
    }
  },
  "random_no_diffusion": {
    "a_raw_std": {
      "mean": 0.36494928002357485,
      "std": 0.0030832985058866637
    },
    "b_restricted_std": {
      "mean": 0.36639958500862124,
      "std": 0.0059994484208982434
    },
    "c_restricted_rownorm": {
      "mean": 0.3481135833263398,
      "std": 0.0018231343421598685
    }
  },
  "graph_diffused": {
    "a_raw_std": {
      "mean": 0.8172515034675598,
      "std": 0.0041887021253994025
    },
    "b_restricted_std": {
      "mean": 0.8134989666938779,
      "std": 0.004996352106926456
    },
    "c_restricted_rownorm": {
      "mean": 0.8067849731445312,
      "std": 0.005129022127589856
    }
  },
  "comparisons": {
    "diffusion_improvement_raw": 45.2302223443985,
    "gap_to_engineered": 4.62880277633666,
    "rownorm_effect_diffused": -0.8253229351516986,
    "rownorm_effect_random": -4.990726635744194
  }
}