{
  "dataset": "wikics",
  "k": 30,
  "split_type": "fixed",
  "component_type": "lcc",
  "num_seeds": 15,
  "num_splits": 1,
  "total_runs_per_method": 15,
  "metadata": {
    "d_effective": 300,
    "ortho_error": 2.404197174676881e-09,
    "num_components": 0,
    "num_nodes": 11311,
    "num_features": 300,
    "num_classes": 10
  },
  "experiments": {
    "sgc_mlp_baseline": {
      "test_acc_mean": 0.709273366133372,
      "test_acc_std": 0.005721589232551467,
      "val_acc_mean": 0.7327872157096863,
      "val_acc_std": 0.005755673359358721,
      "per_run_test_acc": [
        0.7094032168388367,
        0.7102886438369751,
        0.7095803022384644,
        0.7163095474243164,
        0.7009031772613525,
        0.7062156796455383,
        0.7184345722198486,
        0.6968302130699158,
        0.7122365832328796,
        0.7141845226287842,
        0.7115282416343689,
        0.7101115584373474,
        0.7129449248313904,
        0.7009031772613525,
        0.709226131439209
      ],
      "n_runs": 15,
      "train_acc_mean": 0.8533570806185404,
      "train_acc_std": 0.03715465287303041,
      "num_params": 145418,
      "param_to_train_ratio": 259.2121212121212
    },
    "restricted_standard_mlp": {
      "test_acc_mean": 0.7294728954633077,
      "test_acc_std": 0.004117462974494085,
      "val_acc_mean": 0.7281841198603313,
      "val_acc_std": 0.0027517426925226787,
      "per_run_test_acc": [
        0.734018087387085,
        0.7292367815971375,
        0.7297680377960205,
        0.7357889413833618,
        0.7294138669967651,
        0.7347264289855957,
        0.7294138669967651,
        0.7202054262161255,
        0.7276430130004883,
        0.7269346714019775,
        0.7343722581863403,
        0.7269346714019775,
        0.7324243187904358,
        0.7248096466064453,
        0.7264034152030945
      ],
      "n_runs": 15,
      "train_acc_mean": 0.8865121603012085,
      "train_acc_std": 0.01103954160499216,
      "num_params": 145418,
      "param_to_train_ratio": 259.2121212121212
    },
    "restricted_rownorm_mlp": {
      "test_acc_mean": 0.7136532664299011,
      "test_acc_std": 0.0055149143571431225,
      "val_acc_mean": 0.7108250617980957,
      "val_acc_std": 0.0051598493395834475,
      "per_run_test_acc": [
        0.7157782912254333,
        0.7078094482421875,
        0.7166637182235718,
        0.7049760818481445,
        0.7152470350265503,
        0.7184345722198486,
        0.7056844234466553,
        0.7140074372291565,
        0.7067469358444214,
        0.7152470350265503,
        0.7104657292366028,
        0.7198512554168701,
        0.725517988204956,
        0.7156012058258057,
        0.7127678394317627
      ],
      "n_runs": 15,
      "train_acc_mean": 0.9538918336232504,
      "train_acc_std": 0.022319559226391877,
      "num_params": 144896,
      "param_to_train_ratio": 258.2816399286988
    }
  },
  "framework_analysis": {
    "sgc_mlp_acc_pct": 70.9273366133372,
    "restricted_std_acc_pct": 72.94728954633078,
    "restricted_rownorm_acc_pct": 71.36532664299011,
    "part_a_pp": -2.0199529329935757,
    "part_b_pp": -1.581962903340667,
    "remaining_gap_pp": -0.4379900296529087
  }
}