{
  "dataset": "wikics",
  "k": 30,
  "split_type": "fixed",
  "component_type": "lcc",
  "num_seeds": 15,
  "num_splits": 1,
  "total_runs_per_method": 15,
  "metadata": {
    "d_effective": 300,
    "ortho_error": 9.19268106081006e-10,
    "num_components": 0,
    "num_nodes": 11311,
    "num_features": 300,
    "num_classes": 10
  },
  "experiments": {
    "sgc_mlp_baseline": {
      "test_acc_mean": 0.6967711687088013,
      "test_acc_std": 0.006240382514045108,
      "val_acc_mean": 0.721084463596344,
      "val_acc_std": 0.005562046940825209,
      "per_run_test_acc": [
        0.7071011066436768,
        0.7023198008537292,
        0.6991323232650757,
        0.7000177502632141,
        0.6934655904769897,
        0.6957677006721497,
        0.7000177502632141,
        0.695590615272522,
        0.6909863948822021,
        0.6943510174751282,
        0.6867363452911377,
        0.683194637298584,
        0.6968302130699158,
        0.7016114592552185,
        0.7044448256492615
      ],
      "n_runs": 15,
      "train_acc_mean": 0.8003564834594726,
      "train_acc_std": 0.029685077778563478,
      "num_params": 145418,
      "param_to_train_ratio": 259.2121212121212
    },
    "restricted_standard_mlp": {
      "test_acc_mean": 0.6928162773450216,
      "test_acc_std": 0.0035279077976008073,
      "val_acc_mean": 0.7061439514160156,
      "val_acc_std": 0.0028281035977072216,
      "per_run_test_acc": [
        0.6892155408859253,
        0.6879759430885315,
        0.6888613700866699,
        0.6901009678840637,
        0.6895697116851807,
        0.6993094086647034,
        0.6991323232650757,
        0.6947051882743835,
        0.6936426758766174,
        0.6966531276702881,
        0.692757248878479,
        0.6902780532836914,
        0.6952364444732666,
        0.6911634802818298,
        0.6936426758766174
      ],
      "n_runs": 15,
      "train_acc_mean": 0.9060011704762777,
      "train_acc_std": 0.010842057405822562,
      "num_params": 145418,
      "param_to_train_ratio": 259.2121212121212
    },
    "restricted_rownorm_mlp": {
      "test_acc_mean": 0.6657812396685282,
      "test_acc_std": 0.004833562842162995,
      "val_acc_mean": 0.679851774374644,
      "val_acc_std": 0.005712691699312587,
      "per_run_test_acc": [
        0.6635381579399109,
        0.6677882075309753,
        0.6651319265365601,
        0.66743403673172,
        0.664069414138794,
        0.6718611717224121,
        0.6566318273544312,
        0.6718611717224121,
        0.661767303943634,
        0.6700903177261353,
        0.6589339375495911,
        0.6704444885253906,
        0.6700903177261353,
        0.6683194637298584,
        0.6587568521499634
      ],
      "n_runs": 15,
      "train_acc_mean": 0.9870469133059184,
      "train_acc_std": 0.013997389837556051,
      "num_params": 144896,
      "param_to_train_ratio": 258.2816399286988
    }
  },
  "framework_analysis": {
    "sgc_mlp_acc_pct": 69.67711687088013,
    "restricted_std_acc_pct": 69.28162773450217,
    "restricted_rownorm_acc_pct": 66.57812396685281,
    "part_a_pp": 0.3954891363779609,
    "part_b_pp": -2.7035037676493516,
    "remaining_gap_pp": 3.0989929040273125
  }
}