{
  "dataset": "wikics",
  "k": 30,
  "split_type": "fixed",
  "component_type": "lcc",
  "num_seeds": 15,
  "num_splits": 1,
  "total_runs_per_method": 15,
  "metadata": {
    "d_effective": 300,
    "ortho_error": 3.6926317559249355e-10,
    "num_components": 0,
    "num_nodes": 11311,
    "num_features": 300,
    "num_classes": 10
  },
  "experiments": {
    "sgc_mlp_baseline": {
      "test_acc_mean": 0.709273366133372,
      "test_acc_std": 0.005721589232551467,
      "val_acc_mean": 0.7327872157096863,
      "val_acc_std": 0.005755673359358721,
      "per_run_test_acc": [
        0.7094032168388367,
        0.7102886438369751,
        0.7095803022384644,
        0.7163095474243164,
        0.7009031772613525,
        0.7062156796455383,
        0.7184345722198486,
        0.6968302130699158,
        0.7122365832328796,
        0.7141845226287842,
        0.7115282416343689,
        0.7101115584373474,
        0.7129449248313904,
        0.7009031772613525,
        0.709226131439209
      ],
      "n_runs": 15,
      "train_acc_mean": 0.8533570806185404,
      "train_acc_std": 0.03715465287303041,
      "num_params": 145418,
      "param_to_train_ratio": 259.2121212121212
    },
    "restricted_standard_mlp": {
      "test_acc_mean": 0.7280444065729778,
      "test_acc_std": 0.0033151513545359324,
      "val_acc_mean": 0.7271308739980061,
      "val_acc_std": 0.003867618909012331,
      "per_run_test_acc": [
        0.727820098400116,
        0.728351354598999,
        0.7331326603889465,
        0.7322472333908081,
        0.7258721590042114,
        0.7297680377960205,
        0.7264034152030945,
        0.7269346714019775,
        0.7290596961975098,
        0.7271117568016052,
        0.718788743019104,
        0.7256950736045837,
        0.731715977191925,
        0.7297680377960205,
        0.7279971837997437
      ],
      "n_runs": 15,
      "train_acc_mean": 0.8796197017033894,
      "train_acc_std": 0.010751812488971769,
      "num_params": 145418,
      "param_to_train_ratio": 259.2121212121212
    },
    "restricted_rownorm_mlp": {
      "test_acc_mean": 0.7102296193440755,
      "test_acc_std": 0.006922094427405108,
      "val_acc_mean": 0.7094207286834717,
      "val_acc_std": 0.0046458694012078755,
      "per_run_test_acc": [
        0.7047989964485168,
        0.7228617072105408,
        0.7079865336418152,
        0.7090490460395813,
        0.7118824124336243,
        0.7212679386138916,
        0.7099344730377197,
        0.7101115584373474,
        0.7109969854354858,
        0.7115282416343689,
        0.7047989964485168,
        0.7177262306213379,
        0.7122365832328796,
        0.6936426758766174,
        0.7046219110488892
      ],
      "n_runs": 15,
      "train_acc_mean": 0.9593582669893901,
      "train_acc_std": 0.030111592364159882,
      "num_params": 144896,
      "param_to_train_ratio": 258.2816399286988
    }
  },
  "framework_analysis": {
    "sgc_mlp_acc_pct": 70.9273366133372,
    "restricted_std_acc_pct": 72.80444065729777,
    "restricted_rownorm_acc_pct": 71.02296193440755,
    "part_a_pp": -1.8771040439605713,
    "part_b_pp": -1.7814787228902276,
    "remaining_gap_pp": -0.09562532107034372
  }
}