{
  "overall_mean": 1.9715084171060098,
  "overall_std": 0.8186344054866087,
  "overall_min": 0.8032768198055454,
  "overall_max": 47.56955365840436,
  "per_class": {
    "0": {
      "count": 565,
      "mean": 1.946256889607264,
      "std": 0.639557638205511
    },
    "1": {
      "count": 687,
      "mean": 1.6905995775097182,
      "std": 0.5398674970715979
    },
    "2": {
      "count": 4839,
      "mean": 2.1771549300938053,
      "std": 0.5060931221305375
    },
    "3": {
      "count": 2080,
      "mean": 1.7960761098493345,
      "std": 0.5541202132785799
    },
    "4": {
      "count": 5862,
      "mean": 1.993941901454983,
      "std": 0.651474812570514
    },
    "5": {
      "count": 4958,
      "mean": 1.9913683901110673,
      "std": 0.623041966036752
    },
    "6": {
      "count": 1618,
      "mean": 1.6676892626318631,
      "std": 0.4651699004663963
    },
    "7": {
      "count": 589,
      "mean": 1.9183637868954775,
      "std": 0.5544489030691553
    },
    "8": {
      "count": 6232,
      "mean": 1.983075380493327,
      "std": 0.6181301899737482
    },
    "9": {
      "count": 2820,
      "mean": 2.1410024972677544,
      "std": 0.6426942867418562
    },
    "10": {
      "count": 7869,
      "mean": 1.9332064060856131,
      "std": 0.7057252234489925
    },
    "11": {
      "count": 750,
      "mean": 1.9245405276722083,
      "std": 0.5380338343031245
    },
    "12": {
      "count": 29,
      "mean": 2.004060802071017,
      "std": 0.4541392175353849
    },
    "13": {
      "count": 2358,
      "mean": 1.8895795184929,
      "std": 1.002386104952711
    },
    "14": {
      "count": 597,
      "mean": 2.2296882456947014,
      "std": 0.5874425264304279
    },
    "15": {
      "count": 403,
      "mean": 1.93975363591567,
      "std": 0.6845763224511902
    },
    "16": {
      "count": 27321,
      "mean": 1.940958121775917,
      "std": 1.092360256414074
    },
    "17": {
      "count": 515,
      "mean": 1.688520385092964,
      "std": 0.6292082165858156
    },
    "18": {
      "count": 749,
      "mean": 1.9326787729660573,
      "std": 0.564231949091204
    },
    "19": {
      "count": 2877,
      "mean": 1.9941627260466523,
      "std": 0.45009720007905685
    },
    "20": {
      "count": 2076,
      "mean": 2.0934477789709915,
      "std": 0.48338103554827494
    },
    "21": {
      "count": 393,
      "mean": 1.8688278957495719,
      "std": 0.4638303276837502
    },
    "22": {
      "count": 1903,
      "mean": 2.095192384825331,
      "std": 0.5144846678555578
    },
    "23": {
      "count": 2834,
      "mean": 1.9945956502829802,
      "std": 0.5074156327565621
    },
    "24": {
      "count": 22187,
      "mean": 1.8790855538875748,
      "std": 0.9583697904717805
    },
    "25": {
      "count": 1257,
      "mean": 1.5847057968301748,
      "std": 0.5361957486192779
    },
    "26": {
      "count": 4605,
      "mean": 1.876592321853504,
      "std": 0.6637531893479374
    },
    "27": {
      "count": 4801,
      "mean": 1.7575199728594082,
      "std": 0.5740129325613753
    },
    "28": {
      "count": 21406,
      "mean": 2.1440916579728775,
      "std": 0.7864993586110482
    },
    "29": {
      "count": 416,
      "mean": 1.9104652521524559,
      "std": 0.47490971533562165
    },
    "30": {
      "count": 11814,
      "mean": 1.8710122547515255,
      "std": 0.9890363095097615
    },
    "31": {
      "count": 2828,
      "mean": 1.6794581744336698,
      "std": 0.5698929685075718
    },
    "32": {
      "count": 411,
      "mean": 2.039490246788685,
      "std": 0.6626773507024106
    },
    "33": {
      "count": 1271,
      "mean": 2.150415003719904,
      "std": 0.4573282371538663
    },
    "34": {
      "count": 7867,
      "mean": 2.182687278623266,
      "std": 0.6882308303854477
    },
    "35": {
      "count": 127,
      "mean": 2.017286944327822,
      "std": 0.45999148865693734
    },
    "36": {
      "count": 3524,
      "mean": 2.0559878580451856,
      "std": 0.5973826547819747
    },
    "37": {
      "count": 2369,
      "mean": 1.974563345346416,
      "std": 0.5706207999294285
    },
    "38": {
      "count": 1507,
      "mean": 2.003703670572241,
      "std": 0.606614126795244
    },
    "39": {
      "count": 2029,
      "mean": 2.0738647993796007,
      "std": 0.5272559267551211
    }
  },
  "between_class_variance": 0.022693397391751528,
  "within_class_variance": 0.6148670618201395,
  "fisher_score": 0.03690781113656367
}