{
  "dataset": "ogbn-arxiv",
  "split_type": "random",
  "component_type": "lcc",
  "num_components": 1,
  "k_diffusion": 2,
  "num_splits": 5,
  "num_seeds": 5,
  "total_runs": 25,
  "precompute_time": 2.5450873374938965,
  "metadata": {
    "d_full": 127,
    "ortho_error": 5.513777212584614e-10
  },
  "results": {
    "sgc_baseline": {
      "val_acc_mean": 0.587594187259674,
      "val_acc_std": 0.0019475053860178184,
      "test_acc_mean": 0.5866123509407043,
      "test_acc_std": 0.0021103197892773113,
      "train_time_mean": 0.7477736186981201,
      "train_time_std": 0.3953193249126294
    },
    "sgc_mlp_baseline": {
      "val_acc_mean": 0.7172894644737243,
      "val_acc_std": 0.0019214025373851958,
      "test_acc_mean": 0.7150186157226562,
      "test_acc_std": 0.0025377157843350867,
      "train_time_mean": 3.10910849571228,
      "train_time_std": 0.8097700263112283
    },
    "full_rownorm_mlp": {
      "val_acc_mean": 0.6950726222991943,
      "val_acc_std": 0.001800639983573141,
      "test_acc_mean": 0.6930853414535523,
      "test_acc_std": 0.0028175963656309946,
      "train_time_mean": 4.642023668289185,
      "train_time_std": 1.4152979557580654
    },
    "jl_binary_nc": {
      "val_acc_mean": 0.5303472208976746,
      "val_acc_std": 0.0018807539484481752,
      "test_acc_mean": 0.5286684465408326,
      "test_acc_std": 0.002388968477694039,
      "train_time_mean": 4.714281187057495,
      "train_time_std": 1.339154707528788
    },
    "jl_binary_2nc": {
      "val_acc_mean": 0.6320833778381347,
      "val_acc_std": 0.0022507098803749097,
      "test_acc_mean": 0.6302037358283996,
      "test_acc_std": 0.0033840899614393507,
      "train_time_mean": 4.771209182739258,
      "train_time_std": 1.6389408181317966
    },
    "jl_ortho_nc": {
      "val_acc_mean": 0.5229112911224365,
      "val_acc_std": 0.0022819334126406654,
      "test_acc_mean": 0.52072749376297,
      "test_acc_std": 0.00353898114360483,
      "train_time_mean": 5.2748141193389895,
      "train_time_std": 1.6100356706729995
    },
    "jl_ortho_2nc": {
      "val_acc_mean": 0.6359513330459595,
      "val_acc_std": 0.0017897759730009814,
      "test_acc_mean": 0.6339639925956726,
      "test_acc_std": 0.0023874906291048437,
      "train_time_mean": 4.985103540420532,
      "train_time_std": 1.8378183251576514
    }
  },
  "improvements": {
    "full_rownorm_mlp": {
      "vs_sgc": 10.647299051284797,
      "vs_sgc_mlp": -2.1933274269103964
    },
    "jl_binary_nc": {
      "vs_sgc": -5.794390439987174,
      "vs_sgc_mlp": -18.635016918182366
    },
    "jl_binary_2nc": {
      "vs_sgc": 4.359138488769531,
      "vs_sgc_mlp": -8.481487989425663
    },
    "jl_ortho_nc": {
      "vs_sgc": -6.588485717773429,
      "vs_sgc_mlp": -19.429112195968624
    },
    "jl_ortho_2nc": {
      "vs_sgc": 4.73516416549683,
      "vs_sgc_mlp": -8.105462312698364
    }
  },
  "parameter_counts": {
    "sgc_baseline": 5120,
    "sgc_mlp_baseline": 108544,
    "full_rownorm_mlp": 108288,
    "jl_binary_nc": 86016,
    "jl_ortho_nc": 86016,
    "jl_binary_2nc": 96256,
    "jl_ortho_2nc": 96256
  }
}