{
  "dataset": "coauthor-physics",
  "split_type": "fixed",
  "component_type": "lcc",
  "k": 1,
  "d_effective": 7697,
  "ortho_error": 5.807385683453958e-10,
  "analysis": {
    "condition_number_U": 662.8935378933727,
    "singular_values_U_top20": [
      0.7071067809812273,
      0.707106780981227,
      0.7068177326447067,
      0.7004963483992791,
      0.6965309151677461,
      0.6868796660516773,
      0.6678567716847759,
      0.6649196747078864,
      0.6640420900732168,
      0.6610391587250591,
      0.6599043153518034,
      0.6589593328616344,
      0.6582439410771135,
      0.655409192657839,
      0.6514010995990868,
      0.6508807230768748,
      0.6485087799512297,
      0.6476745021892056,
      0.6466516093634254,
      0.646308310356411
    ],
    "singular_values_U_bottom5": [
      1.7270476419155952e-16,
      1.6200144076128936e-16,
      1.5929870786256792e-16,
      1.4510222355429845e-16,
      1.3497172169784653e-16
    ],
    "explained_variance_U_pct_top20": [
      0.09065902259372684,
      0.18131804518745362,
      0.2719029644507637,
      0.36087484700419775,
      0.4488422605256158,
      0.534388780753737,
      0.615262552158867,
      0.6954265552231573,
      0.7753790913258255,
      0.8546101397137793,
      0.9335693807569129,
      1.0123026445663652,
      1.0908650494079917,
      1.168752248306216,
      1.2456897364169843,
      1.3225043494794748,
      1.3987601261837033,
      1.474819829744411,
      1.5506394760290967,
      1.626378640336392
    ],
    "condition_number_X": Infinity,
    "singular_values_X_top20": [
      228.93235692492053,
      137.35295361534182,
      96.50387797022391,
      80.60247746003773,
      72.51004941184662,
      68.44425692196204,
      61.54684885501609,
      58.53333814346012,
      55.08062125582722,
      49.128698800169595,
      45.92068795832294,
      41.199227500993665,
      40.165039340313506,
      39.35474407117501,
      37.31425392162913,
      36.368006091533786,
      35.883442976057005,
      34.10801067030211,
      32.83777952458255,
      32.17224949745367
    ],
    "explained_variance_X_pct_top20": [
      23.36430434714442,
      31.77466271353208,
      35.926382435791346,
      38.82262730522948,
      41.166504740080015,
      43.254899147513456,
      44.94358995977416,
      46.47096286049608,
      47.823459379113466,
      48.899451322111645,
      49.83951065928032,
      50.596198302081795,
      51.31537381072376,
      52.005824521079134,
      52.62653349026246,
      53.21616064734439,
      53.790180230148756,
      54.3088026368038,
      54.7895158516919,
      55.250941097093055
    ],
    "intra_class_mean_dist": 1.413523929790262,
    "inter_class_centroid_dist": 0.04256234339689409,
    "spectral_separability": 0.03011080498878393,
    "variance_analysis": {
      "U_variance_mean": 3.4620031832460502e-06,
      "U_variance_std": 8.162026056698186e-07,
      "U_variance_max": 2.1494355390694105e-05,
      "U_variance_min": 2.183264812230468e-06,
      "U_variance_ratio": 9.845047391977912,
      "X_variance_mean": 0.0010384240180784097,
      "X_variance_std": 0.004417855087335178,
      "X_variance_max": 0.11393144710178502,
      "X_variance_min": 0.0,
      "X_variance_ratio": 113931447101.78502,
      "variance_ratio_reduction": 11572463043.154953
    },
    "eigenvalue_stats": {
      "min": 0.02572092785464826,
      "max": 1.332868769395281,
      "mean": 0.6682374751002096,
      "std": 0.2763464755301623,
      "d_effective": 7697
    },
    "span_verification_error": 0.14314252935461652,
    "num_edges": 247962,
    "avg_degree": 14.37752587481518
  }
}