{
  "dataset": "coauthor-physics",
  "split_type": "fixed",
  "component_type": "lcc",
  "k": 12,
  "d_effective": 7697,
  "ortho_error": 5.173373951450344e-10,
  "analysis": {
    "condition_number_U": 807.8269614821697,
    "singular_values_U_top20": [
      0.707106781003641,
      0.7070977337767629,
      0.7070812512116326,
      0.7070696106369797,
      0.7070639546063817,
      0.7069825859816742,
      0.7067063432094955,
      0.7062724247085475,
      0.705246987739667,
      0.7046781765803178,
      0.7033835208358633,
      0.6977612183314812,
      0.6963148830588455,
      0.68010809552471,
      0.6761827216886839,
      0.6753818346363476,
      0.6713825561952257,
      0.6625911654204043,
      0.6571965717065431,
      0.6553374599405984
    ],
    "singular_values_U_bottom5": [
      0.0036515268353187287,
      0.002344924916248229,
      0.001636096561865432,
      0.0011908076476646067,
      0.0008753196101628853
    ],
    "explained_variance_U_pct_top20": [
      0.0750073880658024,
      0.15001285674818413,
      0.22501482869155884,
      0.30001433116239296,
      0.3750126337576341,
      0.44999367579939703,
      0.5249161338684151,
      0.5997466152335518,
      0.6743599615830734,
      0.7488529989072567,
      0.8230725660203071,
      0.8961103677950081,
      0.9688456945606904,
      1.0382345824919896,
      1.1068247994823224,
      1.1752526328951054,
      1.2428724738529298,
      1.308733018882483,
      1.3735255009150338,
      1.4379519247722399
    ],
    "condition_number_X": Infinity,
    "singular_values_X_top20": [
      222.19650938482286,
      101.23872880005771,
      51.84027740905378,
      45.54431354922316,
      32.05268422705641,
      30.47149286622466,
      23.645707144493016,
      19.977652705162054,
      17.463475553879928,
      15.398831255081069,
      12.468824262802618,
      12.044810370865115,
      11.50607522333226,
      10.79008454814479,
      10.137511862458066,
      9.351311100934085,
      8.808985248566803,
      8.216735967803869,
      7.741208337255126,
      7.4623767061226856
    ],
    "explained_variance_X_pct_top20": [
      69.56248908469709,
      84.00338095212884,
      87.78985760325514,
      90.7124548498644,
      92.1599911367692,
      93.46823321299904,
      94.25601377807672,
      94.81834159490775,
      95.24803828716682,
      95.58213805138604,
      95.80119228814563,
      96.00560155634116,
      96.19213429534878,
      96.35617451600699,
      96.50097279504907,
      96.62418271068962,
      96.73351600017831,
      96.82864201720673,
      96.91307617207715,
      96.9915373794616
    ],
    "intra_class_mean_dist": 1.4136125901290786,
    "inter_class_centroid_dist": 0.04286579129310198,
    "spectral_separability": 0.030323577755619634,
    "variance_analysis": {
      "U_variance_mean": 4.184454251154024e-06,
      "U_variance_std": 1.2605718452735176e-06,
      "U_variance_max": 2.375327879112483e-05,
      "U_variance_min": 5.382763220296306e-07,
      "U_variance_ratio": 44.128329058264285,
      "X_variance_mean": 0.000168837121665472,
      "X_variance_std": 0.0013107156144508332,
      "X_variance_max": 0.05747255534487849,
      "X_variance_min": 0.0,
      "X_variance_ratio": 57472555344.87849,
      "variance_ratio_reduction": 1302395911.456199
    },
    "eigenvalue_stats": {
      "min": 0.018679526500746883,
      "max": 1.4632680674324416,
      "mean": 0.512431284398845,
      "std": 0.2313657656206391,
      "d_effective": 7697
    },
    "span_verification_error": 0.25537553600534746,
    "num_edges": 247962,
    "avg_degree": 14.37752587481518
  }
}