{
  "dataset": "coauthor-physics",
  "split_type": "fixed",
  "component_type": "lcc",
  "k": 8,
  "d_effective": 7697,
  "ortho_error": 5.193449004181616e-10,
  "analysis": {
    "condition_number_U": 761.3918317650229,
    "singular_values_U_top20": [
      0.707106781002933,
      0.7069233378723794,
      0.7067541493649785,
      0.7065119104224321,
      0.7064642686468912,
      0.7053109150246281,
      0.7016788304280748,
      0.6961505711180148,
      0.6955824043296911,
      0.6948612812582451,
      0.6836561517896674,
      0.6811582021822989,
      0.6765301519701615,
      0.6742149421392913,
      0.6726036968618639,
      0.6642366510788263,
      0.6592044614183202,
      0.6569051878606696,
      0.6556074189591837,
      0.6535741055261609
    ],
    "singular_values_U_bottom5": [
      0.004117243191429483,
      0.002492815016481471,
      0.00140997485490343,
      0.00124964974045161,
      0.0009287028721647187
    ],
    "explained_variance_U_pct_top20": [
      0.07580776485626427,
      0.15157620153685786,
      0.22730837512069108,
      0.30298864341962983,
      0.3786587054623488,
      0.45408189557335965,
      0.5287302839658422,
      0.6022070537389875,
      0.6755639355856032,
      0.7487687954179744,
      0.8196317310770498,
      0.8899777733894659,
      0.9593711471200987,
      1.0282903799236167,
      1.09688059866261,
      1.1637749363881997,
      1.2296595439953,
      1.295085348436641,
      1.3602529003780366,
      1.4250168553602864
    ],
    "condition_number_X": Infinity,
    "singular_values_X_top20": [
      222.80231208972424,
      111.44712670892984,
      63.62874513722315,
      53.62961635642608,
      40.15312594863487,
      38.165172973373316,
      32.36234621368098,
      28.157606320968814,
      24.247982629789185,
      20.843934181228082,
      20.674314284564076,
      17.441369695477356,
      16.41647857504948,
      15.920459067078433,
      15.257172153548918,
      14.563710315170088,
      12.081550632152808,
      11.855742696592607,
      11.369881955343265,
      11.088924510905397
    ],
    "explained_variance_X_pct_top20": [
      60.25885299210885,
      75.33600197755366,
      80.25060214074637,
      83.74193177347648,
      85.69906412629558,
      87.46720125615334,
      88.73854055968373,
      89.70097895291822,
      90.41470689350986,
      90.94210778594504,
      91.46096003319327,
      91.83022886243066,
      92.1573747629664,
      92.46505007311207,
      92.7476223605626,
      93.00509171126751,
      93.18227666140476,
      93.35290022360212,
      93.50982567465628,
      93.65909147984952
    ],
    "intra_class_mean_dist": 1.4138330954334906,
    "inter_class_centroid_dist": 0.042779386851657684,
    "spectral_separability": 0.030257734798987176,
    "variance_analysis": {
      "U_variance_mean": 4.140271284319954e-06,
      "U_variance_std": 1.1904982860061355e-06,
      "U_variance_max": 1.9830750305110937e-05,
      "U_variance_min": 4.966713327633356e-07,
      "U_variance_ratio": 39.92722967832454,
      "X_variance_mean": 0.00023279597627753074,
      "X_variance_std": 0.0016272119890074432,
      "X_variance_max": 0.06923496469267895,
      "X_variance_min": 0.0,
      "X_variance_ratio": 69234964692.67896,
      "variance_ratio_reduction": 1734028763.089043
    },
    "eigenvalue_stats": {
      "min": 0.018679964284321615,
      "max": 1.4282915522300443,
      "mean": 0.5192717902352229,
      "std": 0.23901272247676777,
      "d_effective": 7697
    },
    "span_verification_error": 0.2185737301718306,
    "num_edges": 247962,
    "avg_degree": 14.37752587481518
  }
}