{
  "dataset": "coauthor-physics",
  "split_type": "fixed",
  "component_type": "lcc",
  "k": 10,
  "d_effective": 7697,
  "ortho_error": 5.175198047879803e-10,
  "analysis": {
    "condition_number_U": 809.4802226371369,
    "singular_values_U_top20": [
      0.7071067810035764,
      0.7070674030245562,
      0.7070115258310259,
      0.7069582833039958,
      0.706942324748018,
      0.7066345462521445,
      0.7056161870854439,
      0.7040450871894063,
      0.7003044005373226,
      0.6986177233829234,
      0.6979724839483494,
      0.6959162317214452,
      0.6939013800940875,
      0.6772478919058427,
      0.6761967310321922,
      0.6747004814570071,
      0.6718936975779898,
      0.6563193110843163,
      0.6558089873470472,
      0.6550281838175697
    ],
    "singular_values_U_bottom5": [
      0.003868112259981163,
      0.0025063360444655806,
      0.0015474228471653924,
      0.001301864769712274,
      0.0008735318803712749
    ],
    "explained_variance_U_pct_top20": [
      0.07526186746460993,
      0.15051535266561777,
      0.2257569442695325,
      0.30098720394606665,
      0.37621406723334244,
      0.45137544237550753,
      0.5263203375212601,
      0.600931864939089,
      0.6747526563482019,
      0.7482182824907802,
      0.8215482664160165,
      0.8944468212025538,
      0.9669238679448405,
      1.0359637927721104,
      1.1047895692830105,
      1.1733110952720942,
      1.241263701927962,
      1.3061025591362376,
      1.370840624113647,
      1.4354246271015096
    ],
    "condition_number_X": Infinity,
    "singular_values_X_top20": [
      222.44327856467746,
      106.15192812235823,
      57.343844951010766,
      49.38329159490193,
      35.73452969976405,
      34.10305129673379,
      27.44456271670661,
      23.639080675136153,
      20.651441928784326,
      17.827929676885617,
      15.914944820234483,
      14.302217768409452,
      13.824123678668256,
      13.089536508204075,
      12.172180791079814,
      11.80585365644354,
      10.16291639533173,
      9.715976307039043,
      9.209532774408466,
      9.108024923491177
    ],
    "explained_variance_X_pct_top20": [
      65.37802373641591,
      80.26645662278293,
      84.61122703550097,
      87.83343288420184,
      89.52064371660782,
      91.0573104521175,
      92.0525000876374,
      92.790836656765,
      93.35433672688872,
      93.77428426362991,
      94.10894401797128,
      94.37921535268002,
      94.6317194529393,
      94.85810137923441,
      95.05386410435771,
      95.23802100809942,
      95.37448872294269,
      95.499217340181,
      95.61128193083432,
      95.72088977459796
    ],
    "intra_class_mean_dist": 1.413515716400637,
    "inter_class_centroid_dist": 0.042850067201044784,
    "spectral_separability": 0.03031453184698773,
    "variance_analysis": {
      "U_variance_mean": 4.170304280833147e-06,
      "U_variance_std": 1.208139477396226e-06,
      "U_variance_max": 2.0024009194924634e-05,
      "U_variance_min": 1.9245430935409235e-07,
      "U_variance_ratio": 104.04498198635352,
      "X_variance_mean": 0.0001952402292164497,
      "X_variance_std": 0.001447529435907214,
      "X_variance_max": 0.06295554102681315,
      "X_variance_min": 0.0,
      "X_variance_ratio": 62955541026.813156,
      "variance_ratio_reduction": 605080031.9718424
    },
    "eigenvalue_stats": {
      "min": 0.01866119863827016,
      "max": 1.4535931202128765,
      "mean": 0.514986341119482,
      "std": 0.23443152798004357,
      "d_effective": 7697
    },
    "span_verification_error": 0.23786666183070607,
    "num_edges": 247962,
    "avg_degree": 14.37752587481518
  }
}