{
  "dataset": "ogbn-arxiv",
  "k": 8,
  "num_splits": 5,
  "num_seeds": 5,
  "total_runs": 25,
  "precompute_time": 5.2532734870910645,
  "sgc_baseline": {
    "test_acc_mean": 0.4934408128261566,
    "test_acc_std": 0.0031149479605597098,
    "val_acc_mean": 0.49467224955558775,
    "val_acc_std": 0.0037812513520230576,
    "train_time_mean": 0.1537454032897949,
    "train_time_std": 0.003617118051255611
  },
  "rownorm_mlp": {
    "test_acc_mean": 0.7236339020729065,
    "test_acc_std": 0.0025263214735941164,
    "val_acc_mean": 0.725982038974762,
    "val_acc_std": 0.0014687212257854872,
    "train_time_mean": 3.1228335189819334,
    "train_time_std": 0.4526148021917664
  },
  "improvement": {
    "absolute_pp": 23.019308924674988,
    "relative_percent": 46.65059785556265
  }
}