{
  "dataset": "citeseer",
  "k": 12,
  "split_type": "fixed",
  "component_type": "lcc",
  "num_seeds": 15,
  "num_splits": 1,
  "total_runs_per_method": 15,
  "metadata": {
    "d_effective": 1881,
    "ortho_error": 1.6818446635369355e-10,
    "num_components": 0,
    "num_nodes": 2120,
    "num_features": 3703,
    "num_classes": 6
  },
  "experiments": {
    "sgc_mlp_baseline": {
      "test_acc_mean": 0.6473605036735535,
      "test_acc_std": 0.017530867389224623,
      "val_acc_mean": 0.6754064798355103,
      "val_acc_std": 0.01616589513654093,
      "per_run_test_acc": [
        0.6153846383094788,
        0.6470588445663452,
        0.657616913318634,
        0.6711915731430054,
        0.6410256624221802,
        0.6651583909988403,
        0.6274510025978088,
        0.6802413463592529,
        0.6395173668861389,
        0.6425339579582214,
        0.6500754356384277,
        0.6500754356384277,
        0.6365007758140564,
        0.6229261159896851,
        0.6636500954627991
      ],
      "n_runs": 15,
      "train_acc_mean": 0.8483333468437195,
      "train_acc_std": 0.07414325878707427,
      "num_params": 1015558,
      "param_to_train_ratio": 12694.475
    },
    "restricted_standard_mlp": {
      "test_acc_mean": 0.2962292701005936,
      "test_acc_std": 0.03292463816228533,
      "val_acc_mean": 0.3193089326222738,
      "val_acc_std": 0.022250289024839085,
      "per_run_test_acc": [
        0.31674209237098694,
        0.31221720576286316,
        0.3107089102268219,
        0.23529411852359772,
        0.31674209237098694,
        0.30920061469078064,
        0.23076923191547394,
        0.31221720576286316,
        0.3182503879070282,
        0.29411765933036804,
        0.3182503879070282,
        0.23529411852359772,
        0.3363499343395233,
        0.30920061469078064,
        0.288084477186203
      ],
      "n_runs": 15,
      "train_acc_mean": 0.8891666690508525,
      "train_acc_std": 0.2327313632719711,
      "num_params": 549126,
      "param_to_train_ratio": 6864.075
    },
    "restricted_rownorm_mlp": {
      "test_acc_mean": 0.29592761397361755,
      "test_acc_std": 0.010948743511358704,
      "val_acc_mean": 0.3138211230436961,
      "val_acc_std": 0.014146106565694526,
      "per_run_test_acc": [
        0.3001508414745331,
        0.28657618165016174,
        0.2805429995059967,
        0.288084477186203,
        0.30920061469078064,
        0.2805429995059967,
        0.2986425459384918,
        0.3031674325466156,
        0.2911010682582855,
        0.3212669789791107,
        0.2926093637943268,
        0.2835595905780792,
        0.3031674325466156,
        0.30165913701057434,
        0.2986425459384918
      ],
      "n_runs": 15,
      "train_acc_mean": 1.0,
      "train_acc_std": 0.0,
      "num_params": 548608,
      "param_to_train_ratio": 6857.6
    }
  },
  "framework_analysis": {
    "sgc_mlp_acc_pct": 64.73605036735535,
    "restricted_std_acc_pct": 29.622927010059357,
    "restricted_rownorm_acc_pct": 29.592761397361755,
    "part_a_pp": 35.11312335729599,
    "part_b_pp": -0.03016561269760132,
    "remaining_gap_pp": 35.14328896999359
  }
}