{
  "dataset": "citeseer",
  "k": 12,
  "split_type": "fixed",
  "component_type": "lcc",
  "num_seeds": 15,
  "num_splits": 1,
  "total_runs_per_method": 15,
  "metadata": {
    "d_effective": 1653,
    "ortho_error": 2.149936895179394e-10,
    "num_components": 0,
    "num_nodes": 2120,
    "num_features": 3703,
    "num_classes": 6
  },
  "experiments": {
    "sgc_mlp_baseline": {
      "test_acc_mean": 0.6740070581436157,
      "test_acc_std": 0.02260006373647898,
      "val_acc_mean": 0.6906503756841024,
      "val_acc_std": 0.018322026169862695,
      "per_run_test_acc": [
        0.6636500954627991,
        0.6561086177825928,
        0.6726998686790466,
        0.6696832776069641,
        0.692307710647583,
        0.7194570302963257,
        0.6485671401023865,
        0.6832579374313354,
        0.692307710647583,
        0.6726998686790466,
        0.6711915731430054,
        0.6998491883277893,
        0.6244344115257263,
        0.6546003222465515,
        0.6892911195755005
      ],
      "n_runs": 15,
      "train_acc_mean": 0.8083333412806193,
      "train_acc_std": 0.06962199686446562,
      "num_params": 1015558,
      "param_to_train_ratio": 12694.475
    },
    "restricted_standard_mlp": {
      "test_acc_mean": 0.32830569048722585,
      "test_acc_std": 0.02840334379472025,
      "val_acc_mean": 0.33617884715398155,
      "val_acc_std": 0.017441818445039958,
      "per_run_test_acc": [
        0.3438914120197296,
        0.322775274515152,
        0.3363499343395233,
        0.3257918655872345,
        0.3363499343395233,
        0.3061840236186981,
        0.2322775274515152,
        0.3589743673801422,
        0.33484163880348206,
        0.32730016112327576,
        0.33182504773139954,
        0.3529411852359772,
        0.33182504773139954,
        0.3438914120197296,
        0.33936652541160583
      ],
      "n_runs": 15,
      "train_acc_mean": 0.984166665871938,
      "train_acc_std": 0.05924291159752287,
      "num_params": 490758,
      "param_to_train_ratio": 6134.475
    },
    "restricted_rownorm_mlp": {
      "test_acc_mean": 0.29592761397361755,
      "test_acc_std": 0.013413940795762738,
      "val_acc_mean": 0.328658523162206,
      "val_acc_std": 0.011844554248683293,
      "per_run_test_acc": [
        0.28959277272224426,
        0.2956259548664093,
        0.3137255012989044,
        0.3076923191547394,
        0.27903470396995544,
        0.3031674325466156,
        0.2730015218257904,
        0.3212669789791107,
        0.2775264084339142,
        0.28959277272224426,
        0.3001508414745331,
        0.3076923191547394,
        0.3031674325466156,
        0.28657618165016174,
        0.2911010682582855
      ],
      "n_runs": 15,
      "train_acc_mean": 1.0,
      "train_acc_std": 0.0,
      "num_params": 490240,
      "param_to_train_ratio": 6128.0
    }
  },
  "framework_analysis": {
    "sgc_mlp_acc_pct": 67.40070581436157,
    "restricted_std_acc_pct": 32.83056904872259,
    "restricted_rownorm_acc_pct": 29.592761397361755,
    "part_a_pp": 34.570136765638985,
    "part_b_pp": -3.237807651360832,
    "remaining_gap_pp": 37.80794441699982
  }
}