{
  "dataset": "wikics",
  "k": 1,
  "split_type": "fixed",
  "component_type": "lcc",
  "num_seeds": 15,
  "num_splits": 1,
  "total_runs_per_method": 15,
  "metadata": {
    "d_effective": 300,
    "ortho_error": 2.6857838175686766e-10,
    "num_components": 0,
    "num_nodes": 11311,
    "num_features": 300,
    "num_classes": 10
  },
  "experiments": {
    "sgc_mlp_baseline": {
      "test_acc_mean": 0.7791157762209574,
      "test_acc_std": 0.001964149495229937,
      "val_acc_mean": 0.8030427296956381,
      "val_acc_std": 0.0032389203812409665,
      "per_run_test_acc": [
        0.7812998294830322,
        0.7789977192878723,
        0.7795289754867554,
        0.7752789258956909,
        0.7802373170852661,
        0.7782893776893616,
        0.7795289754867554,
        0.7774039506912231,
        0.7754560112953186,
        0.7774039506912231,
        0.7816540002822876,
        0.7798831462860107,
        0.7791748046875,
        0.7809456586837769,
        0.7816540002822876
      ],
      "n_runs": 15,
      "train_acc_mean": 0.9691027720769246,
      "train_acc_std": 0.013601334085201545,
      "num_params": 145418,
      "param_to_train_ratio": 259.2121212121212
    },
    "restricted_standard_mlp": {
      "test_acc_mean": 0.5465439160664877,
      "test_acc_std": 0.004706460720863961,
      "val_acc_mean": 0.5386385798454285,
      "val_acc_std": 0.004336164520250044,
      "per_run_test_acc": [
        0.5471932291984558,
        0.5489640831947327,
        0.5422348380088806,
        0.5507349371910095,
        0.5482557415962219,
        0.5319638848304749,
        0.5463078022003174,
        0.5540995597839355,
        0.5461307168006897,
        0.548786997795105,
        0.5468390583992004,
        0.5443598628044128,
        0.5461307168006897,
        0.5470161437988281,
        0.5491411685943604
      ],
      "n_runs": 15,
      "train_acc_mean": 1.0,
      "train_acc_std": 0.0,
      "num_params": 145418,
      "param_to_train_ratio": 259.2121212121212
    },
    "restricted_rownorm_mlp": {
      "test_acc_mean": 0.550723131497701,
      "test_acc_std": 0.0027391752688035844,
      "val_acc_mean": 0.5534230709075928,
      "val_acc_std": 0.004533451917627507,
      "per_run_test_acc": [
        0.5496724247932434,
        0.5510891079902649,
        0.5512661933898926,
        0.5473703145980835,
        0.5532141327857971,
        0.548786997795105,
        0.5560474991798401,
        0.5468390583992004,
        0.5498495101928711,
        0.5486099123954773,
        0.5519745349884033,
        0.5480786561965942,
        0.555516242980957,
        0.5491411685943604,
        0.5533912181854248
      ],
      "n_runs": 15,
      "train_acc_mean": 0.9995246569315592,
      "train_acc_std": 0.00102226392204037,
      "num_params": 144896,
      "param_to_train_ratio": 258.2816399286988
    }
  },
  "framework_analysis": {
    "sgc_mlp_acc_pct": 77.91157762209573,
    "restricted_std_acc_pct": 54.654391606648765,
    "restricted_rownorm_acc_pct": 55.0723131497701,
    "part_a_pp": 23.25718601544697,
    "part_b_pp": 0.4179215431213379,
    "remaining_gap_pp": 22.83926447232563
  }
}