{
  "dataset": "wikics",
  "diffusion_type": "cmg",
  "k": 2,
  "num_seeds": 3,
  "num_splits": 3,
  "avg_diffusion_time": NaN,
  "results": {
    "a_raw_std": {
      "mean": 0.7977597183651395,
      "std": 0.006508847370733382
    },
    "b_restricted_std": {
      "mean": 0.7481607860989041,
      "std": 0.00520235100647736
    },
    "c_restricted_rownorm": {
      "mean": 0.7296976380878024,
      "std": 0.004389247903340667
    }
  }
}