{
  "dataset": "ogbn-arxiv",
  "diffusion_type": "cmg",
  "k": 16,
  "num_seeds": 3,
  "num_splits": 3,
  "avg_diffusion_time": NaN,
  "results": {
    "a_raw_std": {
      "mean": 0.6073286864492627,
      "std": 0.002863758963707252
    },
    "b_restricted_std": {
      "mean": 0.6300101810031467,
      "std": 0.001742306194648158
    },
    "c_restricted_rownorm": {
      "mean": 0.6857068008846706,
      "std": 0.0018726263834594554
    }
  }
}