{
  "dataset": "pubmed",
  "split_type": "fixed-splits",
  "num_seeds": 5,
  "num_splits": 1,
  "total_runs_per_model": 5,
  "k_eigenvectors": 6,
  "ncc_components": 1,
  "epochs": 100,
  "hidden_dim": 256,
  "batch_size": 60,
  "learning_rate": 0.01,
  "weight_decay": 0.0005,
  "models": {
    "standard_train_scaled": {
      "name": "Standard MLP (train-only scaled)",
      "test_accuracy": {
        "mean": 0.7106000423431397,
        "std": 0.004923428512302687,
        "all": [
          0.7090000510215759,
          0.703000009059906,
          0.718000054359436,
          0.7100000381469727,
          0.7130000591278076
        ]
      },
      "convergence_metrics": {
        "speed_to_90": {
          "mean": 0.8,
          "std": 0.4000000000000001
        },
        "speed_to_95": {
          "mean": 1.8,
          "std": 0.4
        },
        "speed_to_99": {
          "mean": 45.2,
          "std": 4.791659420284375
        },
        "auc": {
          "mean": 0.6990880330204965,
          "std": 0.003296600987167396
        },
        "convergence_rate": {
          "mean": 0.0092000013589859,
          "std": 0.005797586093113687
        },
        "final_acc": {
          "mean": 0.7212000370025635,
          "std": 0.003919192747598293
        }
      },
      "checkpoint_accuracies": {
        "10": {
          "mean": 0.690000033378601,
          "std": 0.005215354207540486
        },
        "20": {
          "mean": 0.6796000480651856,
          "std": 0.012547514619979494
        },
        "40": {
          "mean": 0.707200038433075,
          "std": 0.004308136149078676
        },
        "80": {
          "mean": 0.7208000421524048,
          "std": 0.002712925187659728
        }
      }
    },
    "standard_full_scaled": {
      "name": "Full-Data Scaled MLP",
      "test_accuracy": {
        "mean": 0.680400037765503,
        "std": 0.004543128011717781,
        "all": [
          0.6730000376701355,
          0.6810000538825989,
          0.6820000410079956,
          0.687000036239624,
          0.6790000200271606
        ]
      },
      "convergence_metrics": {
        "speed_to_90": {
          "mean": 1.4,
          "std": 0.4898979485566356
        },
        "speed_to_95": {
          "mean": 1.8,
          "std": 0.4
        },
        "speed_to_99": {
          "mean": 3.4,
          "std": 0.8
        },
        "auc": {
          "mean": 0.6672840336263179,
          "std": 0.0027325422141624557
        },
        "convergence_rate": {
          "mean": 0.018600001633167267,
          "std": 0.00426661494534161
        },
        "final_acc": {
          "mean": 0.6772000432014466,
          "std": 0.0051536379066797755
        }
      },
      "checkpoint_accuracies": {
        "10": {
          "mean": 0.6896000266075134,
          "std": 0.0034409301512066536
        },
        "20": {
          "mean": 0.6772000432014466,
          "std": 0.005741080874986381
        },
        "40": {
          "mean": 0.6748000264167786,
          "std": 0.0053066104187002305
        },
        "80": {
          "mean": 0.6772000312805175,
          "std": 0.004664770969285647
        }
      }
    },
    "standard_no_scale": {
      "name": "No-Scaling MLP",
      "test_accuracy": {
        "mean": 0.4172000169754028,
        "std": 0.011196431420815429,
        "all": [
          0.4020000100135803,
          0.4230000078678131,
          0.4240000247955322,
          0.406000018119812,
          0.4310000240802765
        ]
      },
      "convergence_metrics": {
        "speed_to_90": {
          "mean": 0.8,
          "std": 0.9797958971132713
        },
        "speed_to_95": {
          "mean": 0.8,
          "std": 0.9797958971132713
        },
        "speed_to_99": {
          "mean": 1.8,
          "std": 2.7129319932501077
        },
        "auc": {
          "mean": 0.35838601574301726,
          "std": 0.009916807340762092
        },
        "convergence_rate": {
          "mean": -0.0021999999880790715,
          "std": 0.007498266495068097
        },
        "final_acc": {
          "mean": 0.4004000246524811,
          "std": 0.010836981848771448
        }
      },
      "checkpoint_accuracies": {
        "10": {
          "mean": 0.27840000987052915,
          "std": 0.10130666319424948
        },
        "20": {
          "mean": 0.27840000987052915,
          "std": 0.10130666319424948
        },
        "40": {
          "mean": 0.27880001068115234,
          "std": 0.10185165797472628
        },
        "80": {
          "mean": 0.4020000219345093,
          "std": 0.008294580416013206
        }
      }
    },
    "standard_weighted": {
      "name": "Eigenvalue-Weighted MLP",
      "test_accuracy": {
        "mean": 0.6824000477790833,
        "std": 0.0021540802497185497,
        "all": [
          0.6810000538825989,
          0.6850000619888306,
          0.6850000619888306,
          0.6810000538825989,
          0.6800000071525574
        ]
      },
      "convergence_metrics": {
        "speed_to_90": {
          "mean": 5.6,
          "std": 0.7999999999999999
        },
        "speed_to_95": {
          "mean": 6.6,
          "std": 2.33238075793812
        },
        "speed_to_99": {
          "mean": 9.2,
          "std": 2.6381811916545836
        },
        "auc": {
          "mean": 0.65881403028965,
          "std": 0.002249627476743967
        },
        "convergence_rate": {
          "mean": 0.014280000925064087,
          "std": 0.0007110564578968427
        },
        "final_acc": {
          "mean": 0.6836000204086303,
          "std": 0.0007999897003173828
        }
      },
      "checkpoint_accuracies": {
        "10": {
          "mean": 0.601600033044815,
          "std": 0.10275719558951829
        },
        "20": {
          "mean": 0.6848000407218933,
          "std": 0.005878779996317707
        },
        "40": {
          "mean": 0.6872000336647034,
          "std": 0.003709463913893911
        },
        "80": {
          "mean": 0.6844000220298767,
          "std": 0.0026533088036697784
        }
      }
    },
    "rownorm": {
      "name": "Row-Normalized MLP",
      "test_accuracy": {
        "mean": 0.7428000330924988,
        "std": 0.004534318339200237,
        "all": [
          0.7350000143051147,
          0.7460000514984131,
          0.7410000562667847,
          0.7440000176429749,
          0.7480000257492065
        ]
      },
      "convergence_metrics": {
        "speed_to_90": {
          "mean": 3.0,
          "std": 2.0
        },
        "speed_to_95": {
          "mean": 33.2,
          "std": 1.7204650534085253
        },
        "speed_to_99": {
          "mean": 59.8,
          "std": 9.927738916792686
        },
        "auc": {
          "mean": 0.721006034731865,
          "std": 0.003279106555012569
        },
        "convergence_rate": {
          "mean": 0.0034799998998641967,
          "std": 0.0015866947977728892
        },
        "final_acc": {
          "mean": 0.759600031375885,
          "std": 0.0042708354899329845
        }
      },
      "checkpoint_accuracies": {
        "10": {
          "mean": 0.6784000277519227,
          "std": 0.0014966436857678034
        },
        "20": {
          "mean": 0.6912000417709351,
          "std": 0.0009797832826298088
        },
        "40": {
          "mean": 0.7328000426292419,
          "std": 0.005878764585101551
        },
        "80": {
          "mean": 0.7584000349044799,
          "std": 0.004270835489932985
        }
      }
    },
    "cosine": {
      "name": "Cosine Classifier MLP",
      "test_accuracy": {
        "mean": 0.7194000363349915,
        "std": 0.002727636185594639,
        "all": [
          0.718000054359436,
          0.7210000157356262,
          0.7230000495910645,
          0.7200000286102295,
          0.7150000333786011
        ]
      },
      "convergence_metrics": {
        "speed_to_90": {
          "mean": 4.6,