{
  "dataset": "citeseer",
  "k": 2,
  "split_type": "random",
  "component_type": "lcc",
  "num_seeds": 15,
  "num_splits": 5,
  "total_runs_per_method": 75,
  "metadata": {
    "d_effective": 2023,
    "ortho_error": 1.770710245097007e-10,
    "num_components": 0,
    "num_nodes": 2120,
    "num_features": 3703,
    "num_classes": 6
  },
  "experiments": {
    "sgc_mlp_baseline": {
      "test_acc_mean": 0.738364794254303,
      "test_acc_std": 0.02380505160952056,
      "val_acc_mean": 0.7498427820205689,
      "val_acc_std": 0.02363307146364709,
      "per_run_test_acc": [
        0.7264150977134705,
        0.7216981053352356,
        0.7334905862808228,
        0.7146226763725281,
        0.7264150977134705,
        0.7429245114326477,
        0.7311320900917053,
        0.740566074848175,
        0.7264150977134705,
        0.6816037893295288,
        0.7075471878051758,
        0.7169811725616455,
        0.7193396091461182,
        0.740566074848175,
        0.7264150977134705,
        0.7547169923782349,
        0.7594339847564697,
        0.766509473323822,
        0.75,
        0.7452830076217651,
        0.7547169923782349,
        0.7570754885673523,
        0.7735849022865295,
        0.7594339847564697,
        0.766509473323822,
        0.7429245114326477,
        0.7547169923782349,
        0.7570754885673523,
        0.7594339847564697,
        0.7594339847564697,
        0.7783018946647644,
        0.7617924809455872,
        0.7830188870429993,
        0.7617924809455872,
        0.7806603908538818,
        0.7429245114326477,
        0.7806603908538818,
        0.775943398475647,
        0.7806603908538818,
        0.7617924809455872,
        0.7735849022865295,
        0.7617924809455872,
        0.7617924809455872,
        0.7570754885673523,
        0.7712264060974121,
        0.7169811725616455,
        0.724056601524353,
        0.7216981053352356,
        0.7193396091461182,
        0.740566074848175,
        0.7358490824699402,
        0.7193396091461182,
        0.7452830076217651,
        0.724056601524353,
        0.740566074848175,
        0.7122641801834106,
        0.7334905862808228,
        0.724056601524353,
        0.7075471878051758,
        0.7334905862808228,
        0.7311320900917053,
        0.7311320900917053,
        0.7169811725616455,
        0.7146226763725281,
        0.7004716992378235,
        0.7099056839942932,
        0.7004716992378235,
        0.7169811725616455,
        0.7051886916160583,
        0.7287735939025879,
        0.6910377740859985,
        0.7264150977134705,
        0.7169811725616455,
        0.7146226763725281,
        0.724056601524353
      ],
      "n_runs": 75,
      "train_acc_mean": 0.8979664238293966,
      "train_acc_std": 0.023063876367971557,
      "num_params": 1015558,
      "param_to_train_ratio": 798.3946540880503
    },
    "restricted_standard_mlp": {
      "test_acc_mean": 0.5887107022603353,
      "test_acc_std": 0.02282711287397745,
      "val_acc_mean": 0.6175786177317302,
      "val_acc_std": 0.025725767986835003,
      "per_run_test_acc": [
        0.5801886916160583,
        0.5495283007621765,
        0.5400943756103516,
        0.5542452931404114,
        0.5589622855186462,
        0.5636792778968811,
        0.573113203048706,
        0.5683962106704712,
        0.5495283007621765,
        0.5566037893295288,
        0.5589622855186462,
        0.5613207817077637,
        0.5636792778968811,
        0.5896226763725281,
        0.5566037893295288,
        0.5778301954269409,
        0.5801886916160583,
        0.5825471878051758,
        0.5683962106704712,
        0.5778301954269409,
        0.6132075786590576,
        0.5919811129570007,
        0.5896226763725281,
        0.5896226763725281,
        0.5660377740859985,
        0.5754716992378235,
        0.5966981053352356,
        0.5849056839942932,
        0.6226415038108826,
        0.5872641801834106,
        0.599056601524353,
        0.5613207817077637,
        0.5707547068595886,
        0.5919811129570007,
        0.5660377740859985,
        0.6084905862808228,
        0.6037735939025879,
        0.6014150977134705,
        0.6297169923782349,
        0.5919811129570007,
        0.6014150977134705,
        0.6084905862808228,
        0.6132075786590576,
        0.6391509771347046,
        0.6344339847564697,
        0.5966981053352356,
        0.5943396091461182,
        0.5872641801834106,
        0.6014150977134705,
        0.5683962106704712,
        0.6037735939025879,
        0.5778301954269409,
        0.5683962106704712,
        0.5589622855186462,
        0.5801886916160583,
        0.5778301954269409,
        0.6108490824699402,
        0.5919811129570007,
        0.599056601524353,
        0.573113203048706,
        0.6084905862808228,
        0.5849056839942932,
        0.5825471878051758,
        0.6108490824699402,
        0.6202830076217651,
        0.6297169923782349,
        0.599056601524353,
        0.615566074848175,
        0.6179245114326477,
        0.6297169923782349,
        0.5778301954269409,
        0.6061320900917053,
        0.615566074848175,
        0.6226415038108826,
        0.5919811129570007
      ],
      "n_runs": 75,
      "train_acc_mean": 0.9999999403953552,
      "train_acc_std": 0.0,
      "num_params": 585478,
      "param_to_train_ratio": 460.2814465408805
    },
    "restricted_rownorm_mlp": {
      "test_acc_mean": 0.6451572434107462,
      "test_acc_std": 0.024583547097932056,
      "val_acc_mean": 0.6642138449350993,
      "val_acc_std": 0.016465680256911204,
      "per_run_test_acc": [
        0.650943398475647,
        0.6674528121948242,
        0.6297169923782349,
        0.6320754885673523,
        0.6792452931404114,
        0.6462264060974121,
        0.6415094137191772,
        0.6108490824699402,
        0.6391509771347046,
        0.625,
        0.6367924809455872,
        0.6391509771347046,
        0.6415094137191772,
        0.6297169923782349,
        0.650943398475647,
        0.6462264060974121,
        0.6698113083839417,
        0.6367924809455872,
        0.6462264060974121,
        0.6438679099082947,
        0.650943398475647,
        0.6367924809455872,
        0.6627358794212341,
        0.6367924809455872,
        0.6485849022865295,
        0.6721698045730591,
        0.6391509771347046,
        0.6485849022865295,
        0.6132075786590576,
        0.6438679099082947,
        0.6650943756103516,
        0.6650943756103516,
        0.6462264060974121,
        0.7051886916160583,
        0.6438679099082947,
        0.6816037893295288,
        0.6674528121948242,
        0.6957547068595886,
        0.6839622855186462,
        0.6933962106704712,
        0.7004716992378235,
        0.676886796951294,
        0.6721698045730591,
        0.6674528121948242,
        0.650943398475647,
        0.615566074848175,
        0.6438679099082947,
        0.5754716992378235,
        0.625,
        0.6344339847564697,
        0.6084905862808228,
        0.6108490824699402,
        0.6650943756103516,
        0.6320754885673523,
        0.6344339847564697,
        0.6391509771347046,
        0.6108490824699402,
        0.6084905862808228,
        0.6132075786590576,
        0.5896226763725281,
        0.6132075786590576,
        0.6462264060974121,
        0.615566074848175,
        0.6462264060974121,
        0.6485849022865295,
        0.6603773832321167,
        0.6674528121948242,
        0.6391509771347046,
        0.6556603908538818,
        0.6580188870429993,
        0.6650943756103516,
        0.6344339847564697,
        0.6202830076217651,
        0.6391509771347046,
        0.6391509771347046
      ],
      "n_runs": 75,
      "train_acc_mean": 0.9997064479192098,
      "train_acc_std": 0.0007570330400576686,
      "num_params": 584960,
      "param_to_train_ratio": 459.87421383647796
    }
  },
  "framework_analysis": {
    "sgc_mlp_acc_pct": 73.8364794254303,
    "restricted_std_acc_pct": 58.87107022603353,