{
  "metadata": {
    "dataset": "coauthor-cs",
    "split_type": "random",
    "component_type": "lcc",
    "k_diffusion": 0,
    "num_nodes": 18333,
    "num_features": 6805,
    "num_classes": 15,
    "num_random_splits": 5,
    "num_seeds": 5,
    "epochs": 200,
    "whitening_eps": 1e-06,
    "wadia_regime": "n > d (structure retained)",
    "timestamp": "2026-01-01T22:06:45.156257"
  },
  "final_results": {
    "original_Linear": {
      "val_acc_mean": 0.9451827740669251,
      "val_acc_std": 0.004201452788987739,
      "test_acc_mean": 0.9438494658470153,
      "test_acc_std": 0.004124877139060512,
      "train_time_mean": 0.25099356651306154
    },
    "original_Linear+RowNorm": {
      "val_acc_mean": 0.9178832674026489,
      "val_acc_std": 0.00512789925555103,
      "test_acc_mean": 0.9158232975006103,
      "test_acc_std": 0.0023620145765451215,
      "train_time_mean": 0.5607662677764893
    },
    "original_MLP": {
      "val_acc_mean": 0.9446699500083924,
      "val_acc_std": 0.0027459056233168446,
      "test_acc_mean": 0.9419410753250123,
      "test_acc_std": 0.003403793794651218,
      "train_time_mean": 0.7390885448455811
    },
    "original_MLP+RowNorm": {
      "val_acc_mean": 0.9408401703834534,
      "val_acc_std": 0.0036444609416452626,
      "test_acc_mean": 0.9397709512710571,
      "test_acc_std": 0.004266198861869105,
      "train_time_mean": 1.0953663444519044
    },
    "full_zca_whiten_Linear": {
      "val_acc_mean": 0.5375013732910157,
      "val_acc_std": 0.0077396012441792944,
      "test_acc_mean": 0.5360086989402771,
      "test_acc_std": 0.00634979673193899,
      "train_time_mean": 0.24576255798339844
    },
    "full_zca_whiten_Linear+RowNorm": {
      "val_acc_mean": 0.6968685340881348,
      "val_acc_std": 0.005475966178204478,
      "test_acc_mean": 0.6918538546562195,
      "test_acc_std": 0.005231917799040702,
      "train_time_mean": 0.559394941329956
    },
    "full_zca_whiten_MLP": {
      "val_acc_mean": 0.8235242986679077,
      "val_acc_std": 0.006246758059502963,
      "test_acc_mean": 0.8204470753669739,
      "test_acc_std": 0.007524143165638587,
      "train_time_mean": 0.7705072784423828
    },
    "full_zca_whiten_MLP+RowNorm": {
      "val_acc_mean": 0.8169012713432312,
      "val_acc_std": 0.009588181893646179,
      "test_acc_mean": 0.8167938661575317,
      "test_acc_std": 0.011591284224972307,
      "train_time_mean": 1.1596284484863282
    },
    "rayleigh_ritz_Linear": {
      "val_acc_mean": 0.24948172867298127,
      "val_acc_std": 0.011483873567998685,
      "test_acc_mean": 0.24408941030502318,
      "test_acc_std": 0.015033600517181927,
      "train_time_mean": 0.24536995887756347
    },
    "rayleigh_ritz_Linear+RowNorm": {
      "val_acc_mean": 0.5108783507347107,
      "val_acc_std": 0.0025182161714634196,
      "test_acc_mean": 0.5102071738243104,
      "test_acc_std": 0.006733452167962759,
      "train_time_mean": 0.5591969203948974
    },
    "rayleigh_ritz_MLP": {
      "val_acc_mean": 0.4683688008785248,
      "val_acc_std": 0.01479114123555672,
      "test_acc_mean": 0.46522353649139403,
      "test_acc_std": 0.019476575564067296,
      "train_time_mean": 0.7677611637115479
    },
    "rayleigh_ritz_MLP+RowNorm": {
      "val_acc_mean": 0.8775232076644898,
      "val_acc_std": 0.009379400597095916,
      "test_acc_mean": 0.878113374710083,
      "test_acc_std": 0.0068163237788982116,
      "train_time_mean": 1.1557240200042724
    },
    "pca_whiten_Linear": {
      "val_acc_mean": 0.5329732775688172,
      "val_acc_std": 0.00934962214410442,
      "test_acc_mean": 0.5292693376541138,
      "test_acc_std": 0.0038938140156330407,
      "train_time_mean": 0.24588515281677245
    },
    "pca_whiten_Linear+RowNorm": {
      "val_acc_mean": 0.6744571852684021,
      "val_acc_std": 0.006206413258957021,
      "test_acc_mean": 0.6698691058158874,
      "test_acc_std": 0.007276228056650005,
      "train_time_mean": 0.5594735527038575
    },
    "pca_whiten_MLP": {
      "val_acc_mean": 0.786110212802887,
      "val_acc_std": 0.009109049731753194,
      "test_acc_mean": 0.7817993140220643,
      "test_acc_std": 0.0061620569087101765,
      "train_time_mean": 0.7749541282653809
    },
    "pca_whiten_MLP+RowNorm": {
      "val_acc_mean": 0.8532787847518921,
      "val_acc_std": 0.01880670456520551,
      "test_acc_mean": 0.8529661607742309,
      "test_acc_std": 0.01944734516309088,
      "train_time_mean": 1.1638159465789795
    },
    "zca_whiten_Linear": {
      "val_acc_mean": 0.6316093945503235,
      "val_acc_std": 0.006828417852414856,
      "test_acc_mean": 0.6287349796295166,
      "test_acc_std": 0.004933888678741911,
      "train_time_mean": 0.24597169876098632
    },
    "zca_whiten_Linear+RowNorm": {
      "val_acc_mean": 0.7448990869522095,
      "val_acc_std": 0.009988548431640978,
      "test_acc_mean": 0.7422246170043946,
      "test_acc_std": 0.0025784473813732496,
      "train_time_mean": 0.5594621849060059
    },
    "zca_whiten_MLP": {
      "val_acc_mean": 0.7757665133476257,
      "val_acc_std": 0.008794590587855455,
      "test_acc_mean": 0.7711231899261475,
      "test_acc_std": 0.009693330784824308,
      "train_time_mean": 0.774105863571167
    },
    "zca_whiten_MLP+RowNorm": {
      "val_acc_mean": 0.7776432204246521,
      "val_acc_std": 0.019321030074202904,
      "test_acc_mean": 0.7765539455413818,
      "test_acc_std": 0.02014748937236782,
      "train_time_mean": 1.163471622467041
    }
  },
  "whitening_analysis": {
    "full_zca_whiten": {
      "name": "full_zca_whiten",
      "dim_original": 6805,
      "dim_whitened": 6805,
      "dist_from_I_original": 687.9008140209033,
      "dist_from_I_whitened": 1.4144216492832162,
      "condition_original": 251101.109375,
      "condition_whitened": 8784091.0,
      "entropy_original": 7.054906845092773,
      "entropy_whitened": 8.825118064880371,
      "max_entropy_original": 8.825118970345061,
      "max_entropy_whitened": 8.825265953515752,
      "uniformity_original": 0.7994120950436238,
      "uniformity_whitened": 0.9999832425859845,
      "whitening_indicators": 2
    },
    "rayleigh_ritz": {
      "name": "rayleigh_ritz",
      "dim_original": 6805,
      "dim_whitened": 6802,
      "dist_from_I_original": 687.9008140209033,
      "dist_from_I_whitened": 42.645181224055115,
      "condition_original": 251101.109375,
      "condition_whitened": 41.817989349365234,
      "entropy_original": 7.054906845092773,
      "entropy_whitened": 8.691113471984863,
      "max_entropy_original": 8.825118970345061,
      "max_entropy_whitened": 8.82497196556714,
      "uniformity_original": 0.7994120950436238,
      "uniformity_whitened": 0.9848318505594624,
      "whitening_indicators": 3
    }
  },
  "gram_matrix_analysis": {
    "original": {
      "name": "original",
      "n_samples": 18333,
      "n_features": 6805,
      "wadia_regime": "n > d (structure retained)",
      "F_shape": "6805x6805",
      "F_n_nonzero_eig": 6804,
      "F_eig_mean": 0.008310241624712944,
      "F_eig_std": 0.04601278528571129,
      "F_dist_from_1_mean": 0.9924695491790771,
      "K_shape": "18333x18333",
      "K_n_nonzero_eig": 6804,
      "K_eig_min": 4.65659155679532e-09,
      "K_eig_max": 2.373140335083008,
      "K_eig_mean": 0.008310241624712944,
      "K_eig_std": 0.04601278528571129,
      "K_dist_from_1_mean": 0.9924695491790771,
      "K_dist_from_1_max": 1.3731403350830078,
      "K_condition_number": 509630336.0,
      "K_is_approximately_identity": false,
      "K_eig_first_10": [
        2.373140335083008,
        2.0255236625671387,
        1.254285216331482,
        0.7373945713043213,
        0.6077784299850464,
        0.47733452916145325,
        0.38127636909484863,
        0.3376712501049042,
        0.3132675886154175,
        0.2942814826965332
      ],