{
  "dataset": "cora",
  "split_type": "random_splits",
  "num_seeds": 5,
  "num_splits": 5,
  "total_runs_per_model": 25,
  "d_raw": 1433,
  "d_effective": 1431,
  "rank_deficiency": true,
  "orthonormality_error": 1.10451633394959e-08,
  "epochs": 200,
  "hidden_dim": 256,
  "batch_size": 140,
  "learning_rate": 0.01,
  "weight_decay": 0.0005,
  "models": {
    "standard_X_scaled": {
      "name": "(a) Standard MLP on X (scaled)",
      "test_accuracy": {
        "mean": 0.6779373931884766,
        "std": 0.02150407167294974,
        "min": 0.6335175037384033,
        "max": 0.7237569093704224
      },
      "convergence_metrics": {
        "speed_to_90": {
          "mean": 0.0,
          "std": 0.0
        },
        "speed_to_95": {
          "mean": 0.0,
          "std": 0.0
        },
        "speed_to_99": {
          "mean": 0.24,
          "std": 0.5122499389946279
        },
        "auc": {
          "mean": 0.9898965335902701,
          "std": 0.027186851191514823
        },
        "convergence_rate": {
          "mean": -0.0011016633510589598,
          "std": 0.0009700003398701257
        },
        "final_acc": {
          "mean": 0.6611460375785828,
          "std": 0.021196372407780887
        }
      },
      "checkpoint_accuracies": {
        "10": {
          "mean": 0.6612199759483337,
          "std": 0.025668655419316712
        },
        "20": {
          "mean": 0.6560443758964538,
          "std": 0.01855012064104826
        },
        "40": {
          "mean": 0.6494639635086059,
          "std": 0.021561771955110158
        },
        "80": {
          "mean": 0.6527911424636841,
          "std": 0.02486905058643273
        },
        "160": {
          "mean": 0.6594454765319824,
          "std": 0.02823817794732783
        },
        "200": {
          "mean": 0.6611460375785828,
          "std": 0.021196372407780887
        }
      }
    },
    "standard_V_scaled": {
      "name": "(b) Standard MLP on V (scaled)",
      "test_accuracy": {
        "mean": 0.4523020327091217,
        "std": 0.05074859912286366,
        "min": 0.37937384843826294,
        "max": 0.5635359287261963
      },
      "convergence_metrics": {
        "speed_to_90": {
          "mean": 17.68,
          "std": 17.899094949186676
        },
        "speed_to_95": {
          "mean": 32.8,
          "std": 37.480661680391925
        },
        "speed_to_99": {
          "mean": 62.32,
          "std": 62.16411826769524
        },
        "auc": {
          "mean": 0.9577542186462543,
          "std": 0.08109256794954912
        },
        "convergence_rate": {
          "mean": 0.0046358594894409175,
          "std": 0.0016853535345073259
        },
        "final_acc": {
          "mean": 0.4533086955547333,
          "std": 0.04818207231897754
        }
      },
      "checkpoint_accuracies": {
        "10": {
          "mean": 0.39179298520088196,
          "std": 0.021729732735987415
        },
        "20": {
          "mean": 0.40554529428482056,
          "std": 0.021556198028335853
        },
        "40": {
          "mean": 0.4156746816635132,
          "std": 0.03996137449204259
        },
        "80": {
          "mean": 0.4304621124267578,
          "std": 0.057733317118627475
        },
        "160": {
          "mean": 0.4465804147720337,
          "std": 0.04837942718601539
        },
        "200": {
          "mean": 0.4533086955547333,
          "std": 0.04818207231897754
        }
      }
    },
    "rownorm_V": {
      "name": "(c) RowNorm MLP on V (unscaled)",
      "test_accuracy": {
        "mean": 0.4335911679267883,
        "std": 0.0239103380846441,
        "min": 0.3867403268814087,
        "max": 0.48802947998046875
      },
      "convergence_metrics": {
        "speed_to_90": {
          "mean": 2.8,
          "std": 2.4331050121192876
        },
        "speed_to_95": {
          "mean": 7.12,
          "std": 9.84812672542347
        },
        "speed_to_99": {
          "mean": 18.4,
          "std": 24.851559307214508
        },
        "auc": {
          "mean": 0.9817302362725225,
          "std": 0.051316388626163584
        },
        "convergence_rate": {
          "mean": 0.005201478600502014,
          "std": 0.0009698598127966106
        },
        "final_acc": {
          "mean": 0.43415897130966186,
          "std": 0.02929777652625039
        }
      },
      "checkpoint_accuracies": {
        "10": {
          "mean": 0.4136044454574585,
          "std": 0.02366150537626217
        },
        "20": {
          "mean": 0.4212199687957764,
          "std": 0.021741290926819267
        },
        "40": {
          "mean": 0.4291312474012375,
          "std": 0.06757605150925568
        },
        "80": {
          "mean": 0.4317929792404175,
          "std": 0.0380255507768797
        },
        "160": {
          "mean": 0.43142329931259155,
          "std": 0.02772889348156795
        },
        "200": {
          "mean": 0.43415897130966186,
          "std": 0.02929777652625039
        }
      }
    }
  }
}