{
  "dataset": "wikics",
  "k_diffusion": 16,
  "dimension": 300,
  "num_random_subspaces": 3,
  "num_splits": 5,
  "num_seeds": 5,
  "total_runs_per_exp": 75,
  "avg_diffusion_time_seconds": 0.8802825609842936,
  "baseline_engineered": {
    "a_raw_std": {
      "mean": 0.7991456317901612,
      "std": 0.010298769513476124
    },
    "b_restricted_std": {
      "mean": 0.7764886498451233,
      "std": 0.011675038757885843
    },
    "c_restricted_rownorm": {
      "mean": 0.7359931349754334,
      "std": 0.012099801736667408
    }
  },
  "random_no_diffusion": {
    "a_raw_std": {
      "mean": 0.14672361791133878,
      "std": 0.0031047091710258803
    },
    "b_restricted_std": {
      "mean": 0.1504314321279526,
      "std": 0.0031853781904364505
    },
    "c_restricted_rownorm": {
      "mean": 0.14062366008758545,
      "std": 0.0032804704486443215
    }
  },
  "graph_diffused": {
    "a_raw_std": {
      "mean": 0.5152840459346771,
      "std": 0.009278346679150428
    },
    "b_restricted_std": {
      "mean": 0.7845194077491761,
      "std": 0.006658429029896033
    },
    "c_restricted_rownorm": {
      "mean": 0.7399743485450744,
      "std": 0.008280728206818657
    }
  },
  "comparisons": {
    "diffusion_improvement_raw": 36.85604280233383,
    "gap_to_engineered": 28.386158585548404,
    "rownorm_effect_diffused": -5.678006020514342,
    "rownorm_effect_random": -6.5197624602981525
  }
}