{
  "fisher_score": 0.006286586455764758,
  "mean_fisher_score": 0.007819126396790572,
  "std_fisher_score": 0.0008757767303908722,
  "per_split": [
    {
      "split": 0,
      "fisher_score": 0.006286586455764758,
      "fisher_score_U": 0.006286586455764758,
      "between_class_variance": 0.0008327263741190061,
      "within_class_variance": 0.13246081637124413,
      "per_feature_U_stats": {
        "mean": 0.00018176975164336756,
        "std": 0.00019944929742121185,
        "max": 0.0028875936718753283,
        "top5": [
          0.0028875936718753283,
          0.0008108417951080116,
          0.0006953887391307345,
          0.0006912648688255662,
          0.0006724631793373081
        ]
      },
      "note": "Computed on training set only to prevent data leakage",
      "fisher_score_X_diffused": 0.1265705995702778,
      "between_class_variance_X": 0.1290521917419678,
      "within_class_variance_X": 1.0196063871081855,
      "per_feature_X_stats": {
        "mean": 0.0038615638780561254,
        "std": 0.006448200627342278,
        "max": 0.0692049633225027,
        "top5": [
          0.0692049633225027,
          0.05657237777025689,
          0.05439985662385598,
          0.03053652803848553,
          0.02325232945642081
        ],
        "n_cols_sampled": 300
      }
    },
    {
      "split": 1,
      "fisher_score": 0.00837870479692492,
      "fisher_score_U": 0.00837870479692492,
      "between_class_variance": 0.0011261685489298108,
      "within_class_variance": 0.13440842901436595,
      "per_feature_U_stats": {
        "mean": 0.00023315643825423037,
        "std": 0.0002821722479467035,
        "max": 0.003893815229784756,
        "top5": [
          0.003893815229784756,
          0.0016515042318149139,
          0.000951012538622154,
          0.0009364387871731335,
          0.0009149057880552222
        ]
      },
      "note": "Computed on training set only to prevent data leakage",
      "fisher_score_X_diffused": 0.12194421805973463,
      "between_class_variance_X": 0.12337490927148657,
      "within_class_variance_X": 1.011732341512503,
      "per_feature_X_stats": {
        "mean": 0.0037439899053063716,
        "std": 0.00621187729603107,
        "max": 0.06665969898589154,
        "top5": [
          0.06665969898589154,
          0.05452127402361027,
          0.052285102618829925,
          0.02985519030507744,
          0.02227397506073127
        ],
        "n_cols_sampled": 300
      }
    },
    {
      "split": 2,
      "fisher_score": 0.0077824719781731,
      "fisher_score_U": 0.0077824719781731,
      "between_class_variance": 0.0010408855436693655,
      "within_class_variance": 0.13374741940461296,
      "per_feature_U_stats": {
        "mean": 0.00022047147004531557,
        "std": 0.00022390128773490986,
        "max": 0.0031795391066896444,
        "top5": [
          0.0031795391066896444,
          0.0008489071265288415,
          0.0008203002742776393,
          0.0007973930279632273,
          0.0007973771633256279
        ]
      },
      "note": "Computed on training set only to prevent data leakage",
      "fisher_score_X_diffused": 0.12493430560472402,
      "between_class_variance_X": 0.12438091958577921,
      "within_class_variance_X": 0.9955705839459688,
      "per_feature_X_stats": {
        "mean": 0.003819140313513724,
        "std": 0.006367591926907314,
        "max": 0.06834297905831141,
        "top5": [
          0.06834297905831141,
          0.055898062746506716,
          0.053541951580754976,
          0.030325955840063114,
          0.022878924849756347
        ],
        "n_cols_sampled": 300
      }
    },
    {
      "split": 3,
      "fisher_score": 0.00889930904208157,
      "fisher_score_U": 0.00889930904208157,
      "between_class_variance": 0.00118997290834411,
      "within_class_variance": 0.13371520223841699,
      "per_feature_U_stats": {
        "mean": 0.00023775830603014103,
        "std": 0.00028161102331440317,
        "max": 0.0038442697328293705,
        "top5": [
          0.0038442697328293705,
          0.0010020256697198192,
          0.0009915026650418768,
          0.0009855936628499192,
          0.0009195055773113484
        ]
      },
      "note": "Computed on training set only to prevent data leakage",
      "fisher_score_X_diffused": 0.12121552536079372,
      "between_class_variance_X": 0.12410764121819122,
      "within_class_variance_X": 1.023859285753943,
      "per_feature_X_stats": {
        "mean": 0.003732006682818782,
        "std": 0.006175630892160649,
        "max": 0.06639643500667257,
        "top5": [
          0.06639643500667257,
          0.054125317873356574,
          0.051937274186446634,
          0.02952242003996264,
          0.022119263993259333
        ],
        "n_cols_sampled": 300
      }
    },
    {
      "split": 4,
      "fisher_score": 0.0077485597110085016,
      "fisher_score_U": 0.0077485597110085016,
      "between_class_variance": 0.0010440551369032703,
      "within_class_variance": 0.13474183278473864,
      "per_feature_U_stats": {
        "mean": 0.00019585370788297642,
        "std": 0.00023515503968408427,
        "max": 0.0031564407790525876,
        "top5": [
          0.0031564407790525876,
          0.0017271367698114344,
          0.000855598245529863,
          0.0008326505565666016,
          0.0007319490715907008
        ]
      },
      "note": "Computed on training set only to prevent data leakage",
      "fisher_score_X_diffused": 0.1198955454646892,
      "between_class_variance_X": 0.11998084294158758,
      "within_class_variance_X": 1.0007114315762757,
      "per_feature_X_stats": {
        "mean": 0.0036896315526330097,
        "std": 0.006109919839017484,
        "max": 0.06561197592757827,
        "top5": [
          0.06561197592757827,
          0.053573742251105845,
          0.05142293651807527,
          0.029301833159142348,
          0.021947934743275672
        ],
        "n_cols_sampled": 300
      }
    }
  ],
  "note": "Fisher score computed on training set only (no leakage)"
}