{
  "dataset": "cora",
  "k": 8,
  "split_type": "random",
  "component_type": "lcc",
  "num_seeds": 15,
  "num_splits": 5,
  "total_runs_per_method": 75,
  "metadata": {
    "d_effective": 1427,
    "ortho_error": 2.4104429563465146e-10,
    "num_components": 0,
    "num_nodes": 2485,
    "num_features": 1433,
    "num_classes": 7
  },
  "experiments": {
    "sgc_mlp_baseline": {
      "test_acc_mean": 0.8571696464220683,
      "test_acc_std": 0.017449797685159578,
      "val_acc_mean": 0.8724345684051513,
      "val_acc_std": 0.007528491521199223,
      "per_run_test_acc": [
        0.8430583477020264,
        0.8470824360847473,
        0.8430583477020264,
        0.8531186580657959,
        0.8591548800468445,
        0.8571428060531616,
        0.8470824360847473,
        0.8571428060531616,
        0.8531186580657959,
        0.8450704216957092,
        0.8490945100784302,
        0.8591548800468445,
        0.8651911020278931,
        0.8551307320594788,
        0.8591548800468445,
        0.8933601379394531,
        0.8792756199836731,
        0.8732393980026245,
        0.8732393980026245,
        0.8853118419647217,
        0.8913480639457703,
        0.8832997679710388,
        0.8732393980026245,
        0.8712273240089417,
        0.8772635459899902,
        0.881287693977356,
        0.881287693977356,
        0.8732393980026245,
        0.8792756199836731,
        0.8832997679710388,
        0.8672031760215759,
        0.8651911020278931,
        0.8531186580657959,
        0.8531186580657959,
        0.8672031760215759,
        0.8631790280342102,
        0.8631790280342102,
        0.8571428060531616,
        0.8672031760215759,
        0.8792756199836731,
        0.8531186580657959,
        0.8631790280342102,
        0.8672031760215759,
        0.8792756199836731,
        0.8692152500152588,
        0.8289738297462463,
        0.8249496817588806,
        0.8390341997146606,
        0.8350100517272949,
        0.851106584072113,
        0.818913459777832,
        0.8229376077651978,
        0.8329979777336121,
        0.851106584072113,
        0.8410462737083435,
        0.8249496817588806,
        0.8490945100784302,
        0.818913459777832,
        0.8309859037399292,
        0.8209255337715149,
        0.8531186580657959,
        0.8470824360847473,
        0.8712273240089417,
        0.8490945100784302,
        0.8651911020278931,
        0.8591548800468445,
        0.8591548800468445,
        0.8672031760215759,
        0.8571428060531616,
        0.8410462737083435,
        0.8571428060531616,
        0.8571428060531616,
        0.8571428060531616,
        0.8490945100784302,
        0.8470824360847473
      ],
      "n_runs": 75,
      "train_acc_mean": 0.9402816557884216,
      "train_acc_std": 0.032027374432240366,
      "num_params": 434695,
      "param_to_train_ratio": 291.5459423205902
    },
    "restricted_standard_mlp": {
      "test_acc_mean": 0.7502347199122111,
      "test_acc_std": 0.017640061925393205,
      "val_acc_mean": 0.759758533636729,
      "val_acc_std": 0.012648875814568004,
      "per_run_test_acc": [
        0.772635817527771,
        0.7605633735656738,
        0.7766599059104919,
        0.7706237435340881,
        0.7746478319168091,
        0.7766599059104919,
        0.7645875215530396,
        0.7927564978599548,
        0.7766599059104919,
        0.772635817527771,
        0.7766599059104919,
        0.7927564978599548,
        0.7806840538978577,
        0.7706237435340881,
        0.7847082018852234,
        0.758551299571991,
        0.7505030035972595,
        0.7545271515846252,
        0.7525150775909424,
        0.7464788556098938,
        0.7565392255783081,
        0.7344064116477966,
        0.7424547076225281,
        0.7605633735656738,
        0.7545271515846252,
        0.7444667816162109,
        0.7545271515846252,
        0.7545271515846252,
        0.7424547076225281,
        0.758551299571991,
        0.7243460416793823,
        0.7424547076225281,
        0.7424547076225281,
        0.7022132277488708,
        0.7384305596351624,
        0.7464788556098938,
        0.7706237435340881,
        0.7605633735656738,
        0.7605633735656738,
        0.7384305596351624,
        0.7344064116477966,
        0.7243460416793823,
        0.7605633735656738,
        0.7424547076225281,
        0.7464788556098938,
        0.7384305596351624,
        0.7364184856414795,
        0.7444667816162109,
        0.7505030035972595,
        0.7444667816162109,
        0.7162977457046509,
        0.7505030035972595,
        0.7223339676856995,
        0.7384305596351624,
        0.7323943376541138,
        0.7484909296035767,
        0.7243460416793823,
        0.7364184856414795,
        0.7545271515846252,
        0.7545271515846252,
        0.7505030035972595,
        0.7525150775909424,
        0.7605633735656738,
        0.7484909296035767,
        0.7444667816162109,
        0.7505030035972595,
        0.7323943376541138,
        0.7364184856414795,
        0.7484909296035767,
        0.7323943376541138,
        0.7505030035972595,
        0.7303822636604309,
        0.7323943376541138,
        0.7303822636604309,
        0.7303822636604309
      ],
      "n_runs": 75,
      "train_acc_mean": 0.9999820558230083,
      "train_acc_std": 0.00010805005494347103,
      "num_params": 433159,
      "param_to_train_ratio": 290.5157612340711
    },
    "restricted_rownorm_mlp": {
      "test_acc_mean": 0.7272970922787985,
      "test_acc_std": 0.024544719699558043,
      "val_acc_mean": 0.7337088942527771,
      "val_acc_std": 0.0184511815516576,
      "per_run_test_acc": [
        0.7183098196983337,
        0.728370189666748,
        0.7424547076225281,
        0.7424547076225281,
        0.7545271515846252,
        0.7484909296035767,
        0.7344064116477966,
        0.7424547076225281,
        0.7404426336288452,
        0.728370189666748,
        0.7203218936920166,
        0.714285671710968,
        0.7505030035972595,
        0.7545271515846252,
        0.7505030035972595,
        0.7545271515846252,
        0.7404426336288452,
        0.7746478319168091,
        0.7424547076225281,
        0.7424547076225281,
        0.7645875215530396,
        0.7645875215530396,
        0.7545271515846252,
        0.7645875215530396,
        0.7424547076225281,
        0.7384305596351624,
        0.7625754475593567,
        0.7344064116477966,
        0.758551299571991,
        0.7464788556098938,
        0.7042253017425537,
        0.7384305596351624,
        0.7484909296035767,
        0.7042253017425537,
        0.696177065372467,
        0.7263581156730652,
        0.7102615237236023,
        0.7102615237236023,
        0.6921529173851013,
        0.7243460416793823,
        0.7223339676856995,
        0.7162977457046509,
        0.7243460416793823,
        0.6599597334861755,
        0.7263581156730652,
        0.6981891393661499,
        0.6720321774482727,
        0.7203218936920166,
        0.7102615237236023,
        0.7022132277488708,
        0.6901408433914185,
        0.6901408433914185,
        0.6901408433914185,
        0.6901408433914185,
        0.7082494497299194,
        0.6981891393661499,
        0.7082494497299194,
        0.682092547416687,
        0.6780683994293213,
        0.7042253017425537,
        0.7444667816162109,
        0.7344064116477966,
        0.7444667816162109,
        0.7484909296035767,
        0.7323943376541138,
        0.7183098196983337,
        0.7344064116477966,
        0.7444667816162109,
        0.7505030035972595,
        0.7545271515846252,
        0.7183098196983337,
        0.7344064116477966,
        0.7344064116477966,
        0.7122735977172852,
        0.7384305596351624
      ],
      "n_runs": 75,
      "train_acc_mean": 0.9954839769999186,
      "train_acc_std": 0.009209299036575283,
      "num_params": 432640,
      "param_to_train_ratio": 290.167672702884
    }
  },