{
  "dataset": "citeseer",
  "split_type": "random",
  "component_type": "lcc",
  "num_components": 1,
  "k_diffusion": 6,
  "num_splits": 5,
  "num_seeds": 5,
  "total_runs": 25,
  "precompute_time": 0.33919692039489746,
  "metadata": {
    "d_restricted_std": 2022,
    "ortho_error_std": 2.1140351358361897e-08,
    "d_full": 2022,
    "ortho_error": 2.1140351358361897e-08
  },
  "results": {
    "sgc_baseline": {
      "val_acc_mean": 0.7881132173538208,
      "val_acc_std": 0.016240115319767972,
      "test_acc_mean": 0.770566041469574,
      "test_acc_std": 0.01788127732754143,
      "train_time_mean": 0.17673287391662598,
      "train_time_std": 0.045036344620680804
    },
    "sgc_mlp_baseline": {
      "val_acc_mean": 0.7353773665428162,
      "val_acc_std": 0.021605629559352205,
      "test_acc_mean": 0.7305660462379455,
      "test_acc_std": 0.022565518477657562,
      "train_time_mean": 0.25042311668395995,
      "train_time_std": 0.08205959308239771
    },
    "restricted_standard_mlp": {
      "val_acc_mean": 0.5941509509086609,
      "val_acc_std": 0.024345473156611987,
      "test_acc_mean": 0.5691509509086609,
      "test_acc_std": 0.028331115084464075,
      "train_time_mean": 0.23591440200805663,
      "train_time_std": 0.08823394045086862
    },
    "full_rownorm_mlp": {
      "val_acc_mean": 0.7528302001953125,
      "val_acc_std": 0.01595427768647221,
      "test_acc_mean": 0.7393396377563477,
      "test_acc_std": 0.025793906534168264,
      "train_time_mean": 0.2925912570953369,
      "train_time_std": 0.0763582970256432
    },
    "jl_binary_nc": {
      "val_acc_mean": 0.3466981208324432,
      "val_acc_std": 0.015501586309400682,
      "test_acc_mean": 0.34094340205192564,
      "test_acc_std": 0.013459195839057435,
      "train_time_mean": 0.3438296127319336,
      "train_time_std": 0.11101511961893287
    },
    "jl_binary_2nc": {
      "val_acc_mean": 0.44462264895439146,
      "val_acc_std": 0.021760777873554227,
      "test_acc_mean": 0.41273585438728333,
      "test_acc_std": 0.020999842294453914,
      "train_time_mean": 0.3479701042175293,
      "train_time_std": 0.12055868566741836
    },
    "jl_binary_4nc": {
      "val_acc_mean": 0.5020754778385162,
      "val_acc_std": 0.015972678222469255,
      "test_acc_mean": 0.48594340443611145,
      "test_acc_std": 0.020511872229213482,
      "train_time_mean": 0.2940018653869629,
      "train_time_std": 0.10213011731118361
    },
    "jl_ortho_nc": {
      "val_acc_mean": 0.359811327457428,
      "val_acc_std": 0.013704919599712862,
      "test_acc_mean": 0.34613208174705506,
      "test_acc_std": 0.013821322462113372,
      "train_time_mean": 0.28640164375305177,
      "train_time_std": 0.12344867850070888
    },
    "jl_ortho_2nc": {
      "val_acc_mean": 0.41660377860069275,
      "val_acc_std": 0.023460808251154968,
      "test_acc_mean": 0.3926415181159973,
      "test_acc_std": 0.023830046875928202,
      "train_time_mean": 0.3224199867248535,
      "train_time_std": 0.09485498871461481
    },
    "jl_ortho_4nc": {
      "val_acc_mean": 0.516320766210556,
      "val_acc_std": 0.016379814044160997,
      "test_acc_mean": 0.5018868029117585,
      "test_acc_std": 0.025818743266367412,
      "train_time_mean": 0.3589359188079834,
      "train_time_std": 0.13261357725815845
    }
  },
  "improvements": {
    "restricted_standard_mlp": {
      "vs_sgc": -20.141509056091312,
      "vs_sgc_mlp": -16.141509532928467
    },
    "full_rownorm_mlp": {
      "vs_sgc": -3.122640371322627,
      "vs_sgc_mlp": 0.877359151840218
    },
    "jl_binary_nc": {
      "vs_sgc": -42.96226394176483,
      "vs_sgc_mlp": -38.96226441860199
    },
    "jl_binary_2nc": {
      "vs_sgc": -35.783018708229065,
      "vs_sgc_mlp": -31.78301918506622
    },
    "jl_binary_4nc": {
      "vs_sgc": -28.462263703346252,
      "vs_sgc_mlp": -24.462264180183407
    },
    "jl_ortho_nc": {
      "vs_sgc": -42.44339597225189,
      "vs_sgc_mlp": -38.44339644908904
    },
    "jl_ortho_2nc": {
      "vs_sgc": -37.792452335357666,
      "vs_sgc_mlp": -33.792452812194824
    },
    "jl_ortho_4nc": {
      "vs_sgc": -26.86792385578155,
      "vs_sgc_mlp": -22.867924332618706
    }
  },
  "parameter_counts": {
    "sgc_baseline": 22218,
    "sgc_mlp_baseline": 1015040,
    "restricted_standard_mlp": 584704,
    "full_rownorm_mlp": 584704,
    "jl_binary_nc": 68608,
    "jl_ortho_nc": 68608,
    "jl_binary_2nc": 70144,
    "jl_ortho_2nc": 70144,
    "jl_binary_4nc": 73216,
    "jl_ortho_4nc": 73216
  }
}