{
  "fisher_score": 0.08355779522069307,
  "mean_fisher_score": 0.0765448395392324,
  "std_fisher_score": 0.00376995649460388,
  "per_split": [
    {
      "split": 0,
      "fisher_score": 0.08355779522069307,
      "fisher_score_U": 0.08355779522069307,
      "between_class_variance": 0.011567658199038015,
      "within_class_variance": 0.13843900701886025,
      "per_feature_U_stats": {
        "mean": 0.00027013350380522127,
        "std": 0.0038847637497071404,
        "max": 0.2956344970339638,
        "top5": [
          0.2956344970339638,
          0.08629578464932697,
          0.03860335743889475,
          0.03703134408775571,
          0.03582154280542767
        ]
      },
      "note": "Computed on training set only to prevent data leakage",
      "fisher_score_X_diffused": 0.8482177577578239,
      "between_class_variance_X": 0.6793859584589488,
      "within_class_variance_X": 0.8009570092647381,
      "per_feature_X_stats": {
        "mean": 0.009597871582964412,
        "std": 0.021265463605052624,
        "max": 0.20691932749972808,
        "top5": [
          0.20691932749972808,
          0.14821482763917843,
          0.13722979123410267,
          0.11545176452011446,
          0.11095691555591895
        ],
        "n_cols_sampled": 500
      }
    },
    {
      "split": 1,
      "fisher_score": 0.07509757845222503,
      "fisher_score_U": 0.07509757845222503,
      "between_class_variance": 0.010467303047203258,
      "within_class_variance": 0.13938269732441855,
      "per_feature_U_stats": {
        "mean": 0.0002481297096991926,
        "std": 0.003552814422459865,
        "max": 0.26717903505603446,
        "top5": [
          0.26717903505603446,
          0.0842921752956738,
          0.04151199728509997,
          0.038801856764388354,
          0.031924055190231115
        ]
      },
      "note": "Computed on training set only to prevent data leakage",
      "fisher_score_X_diffused": 0.8703466054355317,
      "between_class_variance_X": 0.6906824696078091,
      "within_class_variance_X": 0.793571739459113,
      "per_feature_X_stats": {
        "mean": 0.010348708433187564,
        "std": 0.029119609443094576,
        "max": 0.27983086415990005,
        "top5": [
          0.27983086415990005,
          0.24199545097675754,
          0.2271183656740516,
          0.19254693949961918,
          0.1917751885604474
        ],
        "n_cols_sampled": 500
      }
    },
    {
      "split": 2,
      "fisher_score": 0.07410238574824594,
      "fisher_score_U": 0.07410238574824594,
      "between_class_variance": 0.01036060688380076,
      "within_class_variance": 0.13981475466929894,
      "per_feature_U_stats": {
        "mean": 0.0002437126060603538,
        "std": 0.0033607499833568587,
        "max": 0.2466871284001108,
        "top5": [
          0.2466871284001108,
          0.09165817784960452,
          0.04346452198166181,
          0.03468486993488693,
          0.033033777889999956
        ]
      },
      "note": "Computed on training set only to prevent data leakage",
      "fisher_score_X_diffused": 0.8595502174626322,
      "between_class_variance_X": 0.6822924833957507,
      "within_class_variance_X": 0.7937785012839141,
      "per_feature_X_stats": {
        "mean": 0.010142053346105637,
        "std": 0.028542432543231078,
        "max": 0.2750582798227456,
        "top5": [
          0.2750582798227456,
          0.23903118116490854,
          0.23484626299457093,
          0.20170529929749173,
          0.1899349408798651
        ],
        "n_cols_sampled": 500
      }
    },
    {
      "split": 3,
      "fisher_score": 0.07709791187317108,
      "fisher_score_U": 0.07709791187317108,
      "between_class_variance": 0.010795361253174896,
      "within_class_variance": 0.140021447934072,
      "per_feature_U_stats": {
        "mean": 0.00024715431006899216,
        "std": 0.0034858911462022006,
        "max": 0.2665114886158856,
        "top5": [
          0.2665114886158856,
          0.07889525802769803,
          0.03378366266713966,
          0.02767344843947318,
          0.027557506083372197
        ]
      },
      "note": "Computed on training set only to prevent data leakage",
      "fisher_score_X_diffused": 0.839528342374106,
      "between_class_variance_X": 0.6760070009288629,
      "within_class_variance_X": 0.8052223692855677,
      "per_feature_X_stats": {
        "mean": 0.010258476519133194,
        "std": 0.029170090724899247,
        "max": 0.27701517718021307,
        "top5": [
          0.27701517718021307,
          0.2462890907756327,
          0.2409735241099358,
          0.20934438087611656,
          0.1866655008500708
        ],
        "n_cols_sampled": 500
      }
    },
    {
      "split": 4,
      "fisher_score": 0.07286852640182691,
      "fisher_score_U": 0.07286852640182691,
      "between_class_variance": 0.01017746014752349,
      "within_class_variance": 0.13966880696064587,
      "per_feature_U_stats": {
        "mean": 0.00024674746992902843,
        "std": 0.00367034892458249,
        "max": 0.2789839834758295,
        "top5": [
          0.2789839834758295,
          0.08583745345291523,
          0.03760733054606622,
          0.03284874825119485,
          0.029141110893527822
        ]
      },
      "note": "Computed on training set only to prevent data leakage",
      "fisher_score_X_diffused": 0.8559851298049339,
      "between_class_variance_X": 0.6809701781483207,
      "within_class_variance_X": 0.7955397289477488,
      "per_feature_X_stats": {
        "mean": 0.010193423871222584,
        "std": 0.028992382575021524,
        "max": 0.27552244674838444,
        "top5": [
          0.27552244674838444,
          0.23475486801076867,
          0.23124606184948723,
          0.20647789232752803,
          0.19372619243459147
        ],
        "n_cols_sampled": 500
      }
    }
  ],
  "note": "Fisher score computed on training set only (no leakage)"
}