{
  "dataset": "wikics",
  "k": 2,
  "split_type": "random",
  "component_type": "lcc",
  "num_seeds": 15,
  "num_splits": 5,
  "total_runs_per_method": 75,
  "metadata": {
    "d_effective": 300,
    "ortho_error": 2.7671842595111684e-10,
    "num_components": 0,
    "num_nodes": 11311,
    "num_features": 300,
    "num_classes": 10
  },
  "experiments": {
    "sgc_mlp_baseline": {
      "test_acc_mean": 0.8420032302538554,
      "test_acc_std": 0.009450358103207086,
      "val_acc_mean": 0.852572968006134,
      "val_acc_std": 0.006795453313665182,
      "per_run_test_acc": [
        0.8471056222915649,
        0.8382677435874939,
        0.8387096524238586,
        0.8391515612602234,
        0.8453380465507507,
        0.8387096524238586,
        0.8418028950691223,
        0.8444542288780212,
        0.8440123796463013,
        0.8435704708099365,
        0.8400353193283081,
        0.8435704708099365,
        0.8475474715232849,
        0.8422448039054871,
        0.8395934700965881,
        0.8365002274513245,
        0.8228015899658203,
        0.8409191370010376,
        0.835174560546875,
        0.8334069848060608,
        0.8365002274513245,
        0.8342907428741455,
        0.8360583186149597,
        0.8320813179016113,
        0.8387096524238586,
        0.8365002274513245,
        0.8373839855194092,
        0.8365002274513245,
        0.8382677435874939,
        0.8320813179016113,
        0.8528501987457275,
        0.8506407141685486,
        0.8528501987457275,
        0.8555015325546265,
        0.8475474715232849,
        0.8577110171318054,
        0.8559434413909912,
        0.8501988649368286,
        0.8497569561004639,
        0.8563852906227112,
        0.8501988649368286,
        0.8559434413909912,
        0.8524082899093628,
        0.8515245318412781,
        0.8506407141685486,
        0.8360583186149597,
        0.8294299244880676,
        0.826336681842804,
        0.8294299244880676,
        0.8289880752563477,
        0.8289880752563477,
        0.8294299244880676,
        0.8316394090652466,
        0.8298718333244324,
        0.8320813179016113,
        0.8382677435874939,
        0.8245691657066345,
        0.825894832611084,
        0.823685348033905,
        0.8303137421607971,
        0.8515245318412781,
        0.8493150472640991,
        0.8546177744865417,
        0.8550596237182617,
        0.8462218046188354,
        0.8550596237182617,
        0.8493150472640991,
        0.8426867127418518,
        0.8572691082954407,
        0.8462218046188354,
        0.8493150472640991,
        0.8435704708099365,
        0.8497569561004639,
        0.8528501987457275,
        0.8510826230049133
      ],
      "n_runs": 75,
      "train_acc_mean": 0.944790218671163,
      "train_acc_std": 0.02148876597317477,
      "num_params": 145418,
      "param_to_train_ratio": 21.42911877394636
    },
    "restricted_standard_mlp": {
      "test_acc_mean": 0.7935130206743876,
      "test_acc_std": 0.007773793556212892,
      "val_acc_mean": 0.8056764181454976,
      "val_acc_std": 0.007912652225456061,
      "per_run_test_acc": [
        0.8015908002853394,
        0.8002651333808899,
        0.7993813157081604,
        0.7989394664764404,
        0.7971718907356262,
        0.7998232245445251,
        0.7940786480903625,
        0.7940786480903625,
        0.8060097098350525,
        0.7918691635131836,
        0.7958462238311768,
        0.804684042930603,
        0.8002651333808899,
        0.8002651333808899,
        0.7958462238311768,
        0.7799381017684937,
        0.7847989201545715,
        0.7825894951820374,
        0.7786124348640442,
        0.7870084047317505,
        0.8038002252578735,
        0.7847989201545715,
        0.7896597385406494,
        0.7896597385406494,
        0.7896597385406494,
        0.7923110723495483,
        0.7883340716362,
        0.7865664958953857,
        0.7852408289909363,
        0.7892178297042847,
        0.7984975576400757,
        0.7940786480903625,
        0.804684042930603,
        0.7993813157081604,
        0.7971718907356262,
        0.8051259517669678,
        0.795404314994812,
        0.7931948304176331,
        0.7980556488037109,
        0.7980556488037109,
        0.8007069826126099,
        0.8024745583534241,
        0.8015908002853394,
        0.7949624061584473,
        0.7878921627998352,
        0.7865664958953857,
        0.7817056775093079,
        0.7812637686729431,
        0.7865664958953857,
        0.7830313444137573,
        0.7878921627998352,
        0.7878921627998352,
        0.7830313444137573,
        0.7843570113182068,
        0.7821475863456726,
        0.7865664958953857,
        0.786124587059021,
        0.7892178297042847,
        0.7878921627998352,
        0.77684485912323,
        0.8007069826126099,
        0.7852408289909363,
        0.8002651333808899,
        0.7914273142814636,
        0.8051259517669678,
        0.8020327091217041,
        0.8091029524803162,
        0.7958462238311768,
        0.7989394664764404,
        0.8029164671897888,
        0.8042421340942383,
        0.8011488914489746,
        0.7993813157081604,
        0.7905434966087341,
        0.7918691635131836
      ],
      "n_runs": 75,
      "train_acc_mean": 0.935553556283315,
      "train_acc_std": 0.00954010178435729,
      "num_params": 145418,
      "param_to_train_ratio": 21.42911877394636
    },
    "restricted_rownorm_mlp": {
      "test_acc_mean": 0.8051082491874695,
      "test_acc_std": 0.007926646054401014,
      "val_acc_mean": 0.8159858743349712,
      "val_acc_std": 0.0068266061093138096,
      "per_run_test_acc": [
        0.8113123774528503,
        0.8051259517669678,
        0.8055678009986877,
        0.8042421340942383,
        0.8095448613166809,
        0.8091029524803162,
        0.8091029524803162,
        0.8015908002853394,
        0.8024745583534241,
        0.8060097098350525,
        0.8077772855758667,
        0.8020327091217041,
        0.807335376739502,
        0.8042421340942383,
        0.8029164671897888,
        0.8024745583534241,
        0.7945205569267273,
        0.8042421340942383,
        0.795404314994812,
        0.7883340716362,
        0.7980556488037109,
        0.8024745583534241,
        0.7962880730628967,
        0.8024745583534241,
        0.7883340716362,
        0.8011488914489746,
        0.7905434966087341,
        0.7958462238311768,
        0.7940786480903625,
        0.8011488914489746,
        0.814405620098114,
        0.8064516186714172,
        0.8126381039619446,
        0.8091029524803162,
        0.8095448613166809,
        0.8068934679031372,
        0.8068934679031372,
        0.8077772855758667,
        0.8148475289344788,
        0.8126381039619446,
        0.8104286193847656,
        0.8011488914489746,
        0.813963770866394,
        0.8126381039619446,
        0.8157312870025635,
        0.797613799571991,
        0.7967299818992615,
        0.8015908002853394,
        0.7962880730628967,
        0.8051259517669678,
        0.8007069826126099,
        0.7993813157081604,
        0.797613799571991,
        0.7958462238311768,
        0.8033583760261536,
        0.7918691635131836,
        0.8011488914489746,
        0.8033583760261536,
        0.7892178297042847,
        0.795404314994812,
        0.8161731958389282,
        0.8157312870025635,
        0.8130799531936646,
        0.8170570135116577,
        0.8117542862892151,
        0.816615104675293,
        0.8179407715797424,
        0.8126381039619446,
        0.8135218620300293,
        0.813963770866394,
        0.816615104675293,
        0.8135218620300293,
        0.8179407715797424,
        0.7949624061584473,
        0.8174988627433777
      ],
      "n_runs": 75,
      "train_acc_mean": 0.993325437704722,
      "train_acc_std": 0.0029872316020962924,
      "num_params": 144896,
      "param_to_train_ratio": 21.352195697023284
    }
  },
  "framework_analysis": {
    "sgc_mlp_acc_pct": 84.20032302538554,