{
  "dataset": "wikics",
  "k": 12,
  "split_type": "random",
  "component_type": "lcc",
  "num_seeds": 15,
  "num_splits": 5,
  "total_runs_per_method": 75,
  "metadata": {
    "d_effective": 300,
    "ortho_error": 2.5327011599074467e-09,
    "num_components": 0,
    "num_nodes": 11311,
    "num_features": 300,
    "num_classes": 10
  },
  "experiments": {
    "sgc_mlp_baseline": {
      "test_acc_mean": 0.8115775322914124,
      "test_acc_std": 0.010326275464615882,
      "val_acc_mean": 0.8187739658355713,
      "val_acc_std": 0.0072954826217192,
      "per_run_test_acc": [
        0.8068934679031372,
        0.8068934679031372,
        0.8121961951255798,
        0.8055678009986877,
        0.807335376739502,
        0.8082191348075867,
        0.807335376739502,
        0.8060097098350525,
        0.8068934679031372,
        0.8051259517669678,
        0.8082191348075867,
        0.8038002252578735,
        0.8038002252578735,
        0.8095448613166809,
        0.8055678009986877,
        0.807335376739502,
        0.8029164671897888,
        0.8099867105484009,
        0.807335376739502,
        0.8091029524803162,
        0.814405620098114,
        0.8033583760261536,
        0.8095448613166809,
        0.807335376739502,
        0.8007069826126099,
        0.8113123774528503,
        0.8068934679031372,
        0.8091029524803162,
        0.8135218620300293,
        0.813963770866394,
        0.8254529237747192,
        0.832965075969696,
        0.8272204995155334,
        0.8241272568702698,
        0.8197083473205566,
        0.8307555913925171,
        0.8272204995155334,
        0.8241272568702698,
        0.8276624083518982,
        0.8267785906791687,
        0.8214759230613708,
        0.8254529237747192,
        0.8232434391975403,
        0.8285461664199829,
        0.8267785906791687,
        0.8011488914489746,
        0.8029164671897888,
        0.8007069826126099,
        0.7971718907356262,
        0.7940786480903625,
        0.8007069826126099,
        0.7914273142814636,
        0.7967299818992615,
        0.7993813157081604,
        0.7949624061584473,
        0.8060097098350525,
        0.7967299818992615,
        0.7931948304176331,
        0.7927529811859131,
        0.8024745583534241,
        0.8214759230613708,
        0.8157312870025635,
        0.8250110149383545,
        0.8197083473205566,
        0.8135218620300293,
        0.816615104675293,
        0.8157312870025635,
        0.8205921053886414,
        0.8174988627433777,
        0.8157312870025635,
        0.8219177722930908,
        0.8148475289344788,
        0.8241272568702698,
        0.8201502561569214,
        0.8135218620300293
      ],
      "n_runs": 75,
      "train_acc_mean": 0.846301174958547,
      "train_acc_std": 0.010017364907497753,
      "num_params": 145418,
      "param_to_train_ratio": 21.42911877394636
    },
    "restricted_standard_mlp": {
      "test_acc_mean": 0.7885402727127075,
      "test_acc_std": 0.009025642528484432,
      "val_acc_mean": 0.8037135577201844,
      "val_acc_std": 0.005422617204608932,
      "per_run_test_acc": [
        0.7896597385406494,
        0.7843570113182068,
        0.7825894951820374,
        0.7918691635131836,
        0.7812637686729431,
        0.7834732532501221,
        0.7839151620864868,
        0.7843570113182068,
        0.7808219194412231,
        0.7847989201545715,
        0.7843570113182068,
        0.7896597385406494,
        0.7781705856323242,
        0.7812637686729431,
        0.7852408289909363,
        0.7790543437004089,
        0.7781705856323242,
        0.7883340716362,
        0.7830313444137573,
        0.7781705856323242,
        0.7830313444137573,
        0.7786124348640442,
        0.7821475863456726,
        0.7781705856323242,
        0.7777286767959595,
        0.7781705856323242,
        0.7777286767959595,
        0.7799381017684937,
        0.7808219194412231,
        0.7794962525367737,
        0.7958462238311768,
        0.7993813157081604,
        0.7980556488037109,
        0.7980556488037109,
        0.8024745583534241,
        0.7993813157081604,
        0.797613799571991,
        0.8029164671897888,
        0.7971718907356262,
        0.7971718907356262,
        0.7896597385406494,
        0.7923110723495483,
        0.7878921627998352,
        0.7931948304176331,
        0.7914273142814636,
        0.7843570113182068,
        0.7799381017684937,
        0.7803800106048584,
        0.7808219194412231,
        0.7821475863456726,
        0.7808219194412231,
        0.7790543437004089,
        0.7777286767959595,
        0.7808219194412231,
        0.7825894951820374,
        0.7799381017684937,
        0.7834732532501221,
        0.7790543437004089,
        0.7839151620864868,
        0.7799381017684937,
        0.7980556488037109,
        0.8011488914489746,
        0.8077772855758667,
        0.8015908002853394,
        0.7971718907356262,
        0.797613799571991,
        0.8060097098350525,
        0.7998232245445251,
        0.8015908002853394,
        0.8024745583534241,
        0.7980556488037109,
        0.7998232245445251,
        0.8024745583534241,
        0.8007069826126099,
        0.8002651333808899
      ],
      "n_runs": 75,
      "train_acc_mean": 0.9192258254686991,
      "train_acc_std": 0.027167322166415202,
      "num_params": 145418,
      "param_to_train_ratio": 21.42911877394636
    },
    "restricted_rownorm_mlp": {
      "test_acc_mean": 0.7908675646781922,
      "test_acc_std": 0.009927083084684077,
      "val_acc_mean": 0.8043030007680257,
      "val_acc_std": 0.007506051159090167,
      "per_run_test_acc": [
        0.7874502539634705,
        0.7962880730628967,
        0.7914273142814636,
        0.7909854054450989,
        0.7945205569267273,
        0.7958462238311768,
        0.7808219194412231,
        0.7931948304176331,
        0.7830313444137573,
        0.795404314994812,
        0.7940786480903625,
        0.7927529811859131,
        0.7909854054450989,
        0.7799381017684937,
        0.7901016473770142,
        0.7786124348640442,
        0.7825894951820374,
        0.7852408289909363,
        0.7870084047317505,
        0.7905434966087341,
        0.7865664958953857,
        0.77640300989151,
        0.7931948304176331,
        0.77684485912323,
        0.7821475863456726,
        0.7918691635131836,
        0.7812637686729431,
        0.7817056775093079,
        0.7865664958953857,
        0.7892178297042847,
        0.7980556488037109,
        0.7931948304176331,
        0.7967299818992615,
        0.8060097098350525,
        0.8002651333808899,
        0.8126381039619446,
        0.7967299818992615,
        0.7892178297042847,
        0.8029164671897888,
        0.8117542862892151,
        0.8020327091217041,
        0.7949624061584473,
        0.8126381039619446,
        0.7998232245445251,
        0.8038002252578735,
        0.7803800106048584,
        0.7794962525367737,
        0.7852408289909363,
        0.7777286767959595,
        0.7799381017684937,
        0.7834732532501221,
        0.7803800106048584,
        0.77684485912323,
        0.7728678584098816,
        0.7825894951820374,
        0.77684485912323,
        0.7794962525367737,
        0.7803800106048584,
        0.7737516164779663,
        0.7728678584098816,
        0.797613799571991,
        0.8015908002853394,
        0.8015908002853394,
        0.7998232245445251,
        0.7998232245445251,
        0.8082191348075867,
        0.7949624061584473,
        0.7918691635131836,
        0.7892178297042847,
        0.8011488914489746,
        0.8020327091217041,
        0.8011488914489746,
        0.7984975576400757,
        0.8002651333808899,
        0.797613799571991
      ],
      "n_runs": 75,
      "train_acc_mean": 0.9514647436141968,
      "train_acc_std": 0.02343830697600754,
      "num_params": 144896,
      "param_to_train_ratio": 21.352195697023284
    }
  },
  "framework_analysis": {
    "sgc_mlp_acc_pct": 81.15775322914124,