{
  "dataset": "coauthor-physics",
  "k": 4,
  "split_type": "fixed",
  "component_type": "lcc",
  "num_seeds": 15,
  "num_splits": 1,
  "total_runs_per_method": 15,
  "metadata": {
    "d_effective": 7697,
    "ortho_error": 5.388897106328727e-10,
    "num_components": 0,
    "num_nodes": 34493,
    "num_features": 8415,
    "num_classes": 5
  },
  "experiments": {
    "sgc_mlp_baseline": {
      "test_acc_mean": 0.9530144572257996,
      "test_acc_std": 0.0005297180511885419,
      "val_acc_mean": 0.9611964742342631,
      "val_acc_std": 0.0007683248152252684,
      "per_run_test_acc": [
        0.9536231160163879,
        0.9528985023498535,
        0.9542028307914734,
        0.95333331823349,
        0.953478217124939,
        0.9528985023498535,
        0.9524637460708618,
        0.9528985023498535,
        0.9527536034584045,
        0.9524637460708618,
        0.9524637460708618,
        0.95333331823349,
        0.9527536034584045,
        0.953478217124939,
        0.9521738886833191
      ],
      "n_runs": 15,
      "train_acc_mean": 0.9940339684486389,
      "train_acc_std": 0.0025729764148816623,
      "num_params": 2221573,
      "param_to_train_ratio": 107.34829669002174
    },
    "restricted_standard_mlp": {
      "test_acc_mean": 0.8588598688443502,
      "test_acc_std": 0.023363036558706807,
      "val_acc_mean": 0.86131245692571,
      "val_acc_std": 0.02466463179622885,
      "per_run_test_acc": [
        0.8342028856277466,
        0.838115930557251,
        0.8733332753181458,
        0.8798550367355347,
        0.8842028379440308,
        0.8628985285758972,
        0.8844926953315735,
        0.8760868906974792,
        0.8214492201805115,
        0.827246367931366,
        0.834782600402832,
        0.8785507082939148,
        0.8782608509063721,
        0.8782608509063721,
        0.8311593532562256
      ],
      "n_runs": 15,
      "train_acc_mean": 0.9990947763125102,
      "train_acc_std": 0.0009463022328070813,
      "num_params": 2037765,
      "param_to_train_ratio": 98.46653781106548
    },
    "restricted_rownorm_mlp": {
      "test_acc_mean": 0.8989951252937317,
      "test_acc_std": 0.01080807146730459,
      "val_acc_mean": 0.9041654507319132,
      "val_acc_std": 0.0118843702056142,
      "per_run_test_acc": [
        0.8901448845863342,
        0.8868115544319153,
        0.8834782242774963,
        0.9105796813964844,
        0.8917390704154968,
        0.8910144567489624,
        0.8934782147407532,
        0.8931883573532104,
        0.9055072069168091,
        0.9139130115509033,
        0.9097101092338562,
        0.9076811075210571,
        0.9178260564804077,
        0.8869564533233643,
        0.9028984904289246
      ],
      "n_runs": 15,
      "train_acc_mean": 0.9991720914840698,
      "train_acc_std": 0.0007420857692712282,
      "num_params": 2037248,
      "param_to_train_ratio": 98.44155593138439
    }
  },
  "framework_analysis": {
    "sgc_mlp_acc_pct": 95.30144572257996,
    "restricted_std_acc_pct": 85.88598688443501,
    "restricted_rownorm_acc_pct": 89.89951252937317,
    "part_a_pp": 9.415458838144943,
    "part_b_pp": 4.013525644938156,
    "remaining_gap_pp": 5.401933193206787
  }
}