{
  "overall_mean": 1.8979201706885644,
  "overall_std": 0.6078996957836081,
  "overall_min": 0.7574316582154401,
  "overall_max": 8.145628637280558,
  "per_class": {
    "0": {
      "count": 5750,
      "mean": 2.2481930247612167,
      "std": 0.5902770987983057
    },
    "1": {
      "count": 5045,
      "mean": 1.8257909752652666,
      "std": 0.509490632167009
    },
    "2": {
      "count": 17426,
      "mean": 1.8554511661626603,
      "std": 0.6371305171000173
    },
    "3": {
      "count": 2753,
      "mean": 1.776528763939919,
      "std": 0.47417578178201325
    },
    "4": {
      "count": 3519,
      "mean": 1.7342595556388956,
      "std": 0.4893810639073163
    }
  },
  "between_class_variance": 0.03414607102823727,
  "within_class_variance": 0.5400910187509322,
  "fisher_score": 0.06322280845774263
}