{
  "fisher_score": 0.006959713190889769,
  "mean_fisher_score": 0.008492657515934681,
  "std_fisher_score": 0.0013881763040681347,
  "per_split": [
    {
      "split": 0,
      "fisher_score": 0.006959713190889769,
      "fisher_score_U": 0.006959713190889769,
      "between_class_variance": 0.0020244840172414097,
      "within_class_variance": 0.2908861273035575,
      "per_feature_U_stats": {
        "mean": 0.0008636013019126963,
        "std": 0.0019671472567438053,
        "max": 0.0526300396623429,
        "top5": [
          0.0526300396623429,
          0.023177106827079255,
          0.017941480864278814,
          0.016735474338209152,
          0.0142273578609413
        ]
      },
      "note": "Computed on training set only to prevent data leakage",
      "fisher_score_X_diffused": 0.01087355764091559,
      "between_class_variance_X": 0.0037159215849761917,
      "within_class_variance_X": 0.341739263973157,
      "per_feature_X_stats": {
        "mean": 0.004503718492773887,
        "std": 0.019228729336201636,
        "max": 0.3678336049382198,
        "top5": [
          0.3678336049382198,
          0.14493802616899307,
          0.09261100619245397,
          0.08094056787495914,
          0.06739273475109664
        ],
        "n_cols_sampled": 500
      }
    },
    {
      "split": 1,
      "fisher_score": 0.008994357129590324,
      "fisher_score_U": 0.008994357129590324,
      "between_class_variance": 0.0026375121879895673,
      "within_class_variance": 0.293240767515499,
      "per_feature_U_stats": {
        "mean": 0.0008752420914349372,
        "std": 0.0019433114486283496,
        "max": 0.050021294776919155,
        "top5": [
          0.050021294776919155,
          0.02024486112675525,
          0.01638526430004057,
          0.014488030241482236,
          0.012293672259905488
        ]
      },
      "note": "Computed on training set only to prevent data leakage",
      "fisher_score_X_diffused": 0.014836927386923954,
      "between_class_variance_X": 0.004954522831369323,
      "within_class_variance_X": 0.33393186487761817,
      "per_feature_X_stats": {
        "mean": 0.004324756668303831,
        "std": 0.018304424074620514,
        "max": 0.3480777470652821,
        "top5": [
          0.3480777470652821,
          0.14227145646300812,
          0.0874037073487258,
          0.08073114296895001,
          0.06877100791854303
        ],
        "n_cols_sampled": 500
      }
    },
    {
      "split": 2,
      "fisher_score": 0.007556794830534273,
      "fisher_score_U": 0.007556794830534273,
      "between_class_variance": 0.0022229841851506755,
      "within_class_variance": 0.2941702447932556,
      "per_feature_U_stats": {
        "mean": 0.0008808737750724703,
        "std": 0.0021004353852411644,
        "max": 0.057302039107068485,
        "top5": [
          0.057302039107068485,
          0.023013416426147213,
          0.020459917456117416,
          0.01812699207818089,
          0.011391674906038074
        ]
      },
      "note": "Computed on training set only to prevent data leakage",
      "fisher_score_X_diffused": 0.02308959498439397,
      "between_class_variance_X": 0.0075432467481250055,
      "within_class_variance_X": 0.32669463250539527,
      "per_feature_X_stats": {
        "mean": 0.004510560419645595,
        "std": 0.019475680671358818,
        "max": 0.37316874522840376,
        "top5": [
          0.37316874522840376,
          0.1513745368857538,
          0.08084920884905315,
          0.08016218229015586,
          0.07546401944898963
        ],
        "n_cols_sampled": 500
      }
    },
    {
      "split": 3,
      "fisher_score": 0.010929303043615356,
      "fisher_score_U": 0.010929303043615356,
      "between_class_variance": 0.0032033473429588038,
      "within_class_variance": 0.2930971288997357,
      "per_feature_U_stats": {
        "mean": 0.0008811350997862161,
        "std": 0.0020182471695554868,
        "max": 0.05566843416309009,
        "top5": [
          0.05566843416309009,
          0.022116319015053086,
          0.017545242406341525,
          0.01730799158595418,
          0.014854884792333168
        ]
      },
      "note": "Computed on training set only to prevent data leakage",
      "fisher_score_X_diffused": 0.009309873746043274,
      "between_class_variance_X": 0.0030927550260876078,
      "within_class_variance_X": 0.3322016077180465,
      "per_feature_X_stats": {
        "mean": 0.004502962593041459,
        "std": 0.019188004874726484,
        "max": 0.36244182262263686,
        "top5": [
          0.36244182262263686,
          0.15772347270163115,
          0.09157513813191501,
          0.08105535864653429,
          0.06482165221942571
        ],
        "n_cols_sampled": 500
      }
    },
    {
      "split": 4,
      "fisher_score": 0.008023119385043683,
      "fisher_score_U": 0.008023119385043683,
      "between_class_variance": 0.0023482507055286412,
      "within_class_variance": 0.2926854995958478,
      "per_feature_U_stats": {
        "mean": 0.0008802607770096254,
        "std": 0.0020269143368644897,
        "max": 0.055232593591296876,
        "top5": [
          0.055232593591296876,
          0.02170128504590582,
          0.017049672852130365,
          0.014621640550820474,
          0.011882920398507512
        ]
      },
      "note": "Computed on training set only to prevent data leakage",
      "fisher_score_X_diffused": 0.01369223679680686,
      "between_class_variance_X": 0.004422005136813633,
      "within_class_variance_X": 0.3229571035351127,
      "per_feature_X_stats": {
        "mean": 0.004350792567960104,
        "std": 0.018519949734209572,
        "max": 0.35570741457672556,
        "top5": [
          0.35570741457672556,
          0.1426823827181373,
          0.07744306049403206,
          0.07276803571483943,
          0.06480544555562023
        ],
        "n_cols_sampled": 500
      }
    }
  ],
  "note": "Fisher score computed on training set only (no leakage)"
}