{
  "fisher_score": 0.03968183651752858,
  "std_fisher_score": 0.004469369444546749,
  "per_split": [
    {
      "split": 0,
      "fisher_score": 0.03261745458259046,
      "fisher_score_U": 0.03261745458259046,
      "between_class_variance": 0.0020298125296523135,
      "within_class_variance": 0.062230868583342015,
      "per_feature_U_stats": {
        "mean": 0.038537736109522755,
        "std": 0.03397562359151906,
        "max": 0.3871081832498485,
        "top5": [
          0.3871081832498485,
          0.23591775600235979,
          0.2353441787857483,
          0.23006102715322582,
          0.225574495420923
        ]
      },
      "note": "Computed on training set only to prevent data leakage",
      "fisher_score_X_diffused": 0.022324577974657863,
      "between_class_variance_X": 0.003463263301245943,
      "within_class_variance_X": 0.15513230777205855,
      "per_feature_X_stats": {
        "mean": 0.18832796747721767,
        "std": 0.2093871867708996,
        "max": 2.592650670835692,
        "top5": [
          2.592650670835692,
          1.2273477226117975,
          1.215695087013233,
          1.0807735867336365,
          0.9143319701786738
        ],
        "n_cols_sampled": 500
      }
    },
    {
      "split": 1,
      "fisher_score": 0.041592498275976705,
      "fisher_score_U": 0.041592498275976705,
      "between_class_variance": 0.002783577418177531,
      "within_class_variance": 0.06692498728274973,
      "per_feature_U_stats": {
        "mean": 0.03812417948017743,
        "std": 0.03309820729947809,
        "max": 0.3055364911902121,
        "top5": [
          0.3055364911902121,
          0.26687031318619264,
          0.2639307207045175,
          0.22409705242778286,
          0.22386173909640666
        ]
      },
      "note": "Computed on training set only to prevent data leakage",
      "fisher_score_X_diffused": 0.029710405598626876,
      "between_class_variance_X": 0.004211267194098194,
      "within_class_variance_X": 0.141743847290083,
      "per_feature_X_stats": {
        "mean": 0.18480362283757212,
        "std": 0.21912384022629577,
        "max": 2.5812581300480724,
        "top5": [
          2.5812581300480724,
          1.585703428818853,
          1.384988344210396,
          1.165865224198293,
          1.1488421008435385
        ],
        "n_cols_sampled": 500
      }
    },
    {
      "split": 2,
      "fisher_score": 0.03892037049584046,
      "fisher_score_U": 0.03892037049584046,
      "between_class_variance": 0.002593348999664963,
      "within_class_variance": 0.06663217658583497,
      "per_feature_U_stats": {
        "mean": 0.03799173294782581,
        "std": 0.03371627727864873,
        "max": 0.3403074863061226,
        "top5": [
          0.3403074863061226,
          0.25938170280557143,
          0.2585399851809982,
          0.2309955520825353,
          0.22722703028764418
        ]
      },
      "note": "Computed on training set only to prevent data leakage",
      "fisher_score_X_diffused": 0.0519847020957732,
      "between_class_variance_X": 0.007376471855479914,
      "within_class_variance_X": 0.14189697272651455,
      "per_feature_X_stats": {
        "mean": 0.18738209542831463,
        "std": 0.24628325425316408,
        "max": 3.6209416366506555,
        "top5": [
          3.6209416366506555,
          1.6391496199511757,
          1.3109467217533646,
          1.2653608981896227,
          1.08351539095751
        ],
        "n_cols_sampled": 500
      }
    },
    {
      "split": 3,
      "fisher_score": 0.04639746442883136,
      "fisher_score_U": 0.04639746442883136,
      "between_class_variance": 0.0030656048921711638,
      "within_class_variance": 0.06607268155511961,
      "per_feature_U_stats": {
        "mean": 0.03860206188429838,
        "std": 0.033659038322808504,
        "max": 0.3660760330159907,
        "top5": [
          0.3660760330159907,
          0.3071749966246654,
          0.2560285275364469,
          0.25469457838290444,
          0.23773028582434858
        ]
      },
      "note": "Computed on training set only to prevent data leakage",
      "fisher_score_X_diffused": 0.019228900106834746,
      "between_class_variance_X": 0.0028478376762416623,
      "within_class_variance_X": 0.14810195385171424,
      "per_feature_X_stats": {
        "mean": 0.19255890292642625,
        "std": 0.23376469341568756,
        "max": 3.2895969048561398,
        "top5": [
          3.2895969048561398,
          1.425459283894962,
          1.209467114140781,
          1.1987168465031355,
          0.9686143446947714
        ],
        "n_cols_sampled": 500
      }
    },
    {
      "split": 4,
      "fisher_score": 0.03888139480440391,
      "fisher_score_U": 0.03888139480440391,
      "between_class_variance": 0.0024927526180425663,
      "within_class_variance": 0.06411170768390809,
      "per_feature_U_stats": {
        "mean": 0.03741001739902316,
        "std": 0.03377806164759933,
        "max": 0.3358379106629341,
        "top5": [
          0.3358379106629341,
          0.3133964071970309,
          0.2568822468580906,
          0.22754137992354162,
          0.2271843164081377
        ]
      },
      "note": "Computed on training set only to prevent data leakage",
      "fisher_score_X_diffused": 0.03104457561200481,
      "between_class_variance_X": 0.00416436208391645,
      "within_class_variance_X": 0.13414137580628122,
      "per_feature_X_stats": {
        "mean": 0.18367766274640904,
        "std": 0.2294094742345839,
        "max": 3.3326970312886903,
        "top5": [
          3.3326970312886903,
          1.351426342742655,
          1.215286893679126,
          1.1828589120244652,
          0.9607500383590492
        ],
        "n_cols_sampled": 500
      }
    }
  ],
  "note": "Fisher score computed on training set only (no leakage)"
}