{
  "fisher_score": 0.012505952666665366,
  "std_fisher_score": 0.0040784098010542115,
  "per_split": [
    {
      "split": 0,
      "fisher_score": 0.011541074684073685,
      "fisher_score_U": 0.011541074684073685,
      "between_class_variance": 9.305875271194055e-05,
      "within_class_variance": 0.008063265792773932,
      "per_feature_U_stats": {
        "mean": 0.01626816529226153,
        "std": 0.02740903517645024,
        "max": 0.539657676723952,
        "top5": [
          0.539657676723952,
          0.49393530891094894,
          0.2913058481969826,
          0.2661173555303119,
          0.2257561353496146
        ]
      },
      "note": "Computed on training set only to prevent data leakage",
      "fisher_score_X_diffused": 0.014302480502103471,
      "between_class_variance_X": 0.0038144777768771595,
      "within_class_variance_X": 0.2667004353766581,
      "per_feature_X_stats": {
        "mean": 0.034436610168307756,
        "std": 0.07201868347347544,
        "max": 1.1417914803066498,
        "top5": [
          1.1417914803066498,
          0.6928957462827027,
          0.4332145300774771,
          0.3628016045567359,
          0.31627676983020664
        ],
        "n_cols_sampled": 500
      }
    },
    {
      "split": 1,
      "fisher_score": 0.013295277026458975,
      "fisher_score_U": 0.013295277026458975,
      "between_class_variance": 0.00010505193539670717,
      "within_class_variance": 0.007901447648487728,
      "per_feature_U_stats": {
        "mean": 0.016555284487097616,
        "std": 0.02611172630030846,
        "max": 0.50314291483407,
        "top5": [
          0.50314291483407,
          0.4289527038426864,
          0.2744630887892013,
          0.25868037236188735,
          0.20049744760722188
        ]
      },
      "note": "Computed on training set only to prevent data leakage",
      "fisher_score_X_diffused": 0.02382731158147725,
      "between_class_variance_X": 0.006170565347741117,
      "within_class_variance_X": 0.2589702714316272,
      "per_feature_X_stats": {
        "mean": 0.03244495256572966,
        "std": 0.07668622804021241,
        "max": 1.431823250584653,
        "top5": [
          1.431823250584653,
          0.4520744320514844,
          0.423912486407691,
          0.38297812185267394,
          0.3187847193747735
        ],
        "n_cols_sampled": 500
      }
    },
    {
      "split": 2,
      "fisher_score": 0.006624930747615251,
      "fisher_score_U": 0.006624930747615251,
      "between_class_variance": 5.347261981724969e-05,
      "within_class_variance": 0.008071423212461203,
      "per_feature_U_stats": {
        "mean": 0.016374218855099525,
        "std": 0.02774421635874139,
        "max": 0.5661701442862297,
        "top5": [
          0.5661701442862297,
          0.4479279954361193,
          0.2578154588073888,
          0.25046230500507277,
          0.23664761584666752
        ]
      },
      "note": "Computed on training set only to prevent data leakage",
      "fisher_score_X_diffused": 0.03052218225595089,
      "between_class_variance_X": 0.007933380864923833,
      "within_class_variance_X": 0.25992181025578753,
      "per_feature_X_stats": {
        "mean": 0.03432251609885904,
        "std": 0.0983855674526687,
        "max": 1.977461946489356,
        "top5": [
          1.977461946489356,
          0.45097729303655343,
          0.43640973552527573,
          0.38260019944372614,
          0.34238981087751347
        ],
        "n_cols_sampled": 500
      }
    },
    {
      "split": 3,
      "fisher_score": 0.019321431850828085,
      "fisher_score_U": 0.019321431850828085,
      "between_class_variance": 0.00017230169783534404,
      "within_class_variance": 0.008917646433535901,
      "per_feature_U_stats": {
        "mean": 0.01692805921151008,
        "std": 0.02806522532725547,
        "max": 0.5791439890710022,
        "top5": [
          0.5791439890710022,
          0.48988373171515254,
          0.28709173428101165,
          0.24933157422131638,
          0.2394970521320218
        ]
      },
      "note": "Computed on training set only to prevent data leakage",
      "fisher_score_X_diffused": 0.01958482016988708,
      "between_class_variance_X": 0.0052821054170428166,
      "within_class_variance_X": 0.26970405503974926,
      "per_feature_X_stats": {
        "mean": 0.034293653742875144,
        "std": 0.09676603329066816,
        "max": 1.9311329237844448,
        "top5": [
          1.9311329237844448,
          0.4950747637299957,
          0.4776266162720862,
          0.3672403366987219,
          0.25530275062671903
        ],
        "n_cols_sampled": 500
      }
    },
    {
      "split": 4,
      "fisher_score": 0.01174704902435084,
      "fisher_score_U": 0.01174704902435084,
      "between_class_variance": 9.216368128543131e-05,
      "within_class_variance": 0.007845687976136153,
      "per_feature_U_stats": {
        "mean": 0.016463665250729793,
        "std": 0.0278544822983763,
        "max": 0.5751960596933496,
        "top5": [
          0.5751960596933496,
          0.5098793675845661,
          0.27703075723465065,
          0.26120546944866907,
          0.20835591156437724
        ]
      },
      "note": "Computed on training set only to prevent data leakage",
      "fisher_score_X_diffused": 0.024659185337979794,
      "between_class_variance_X": 0.00652696178977773,
      "within_class_variance_X": 0.26468683779771823,
      "per_feature_X_stats": {
        "mean": 0.03231429373037184,
        "std": 0.08636638331776315,
        "max": 1.7141548599170786,
        "top5": [
          1.7141548599170786,
          0.43483234548220867,
          0.4174257451692419,
          0.3317007805439317,
          0.2732325697293967
        ],
        "n_cols_sampled": 500
      }
    }
  ],
  "note": "Fisher score computed on training set only (no leakage)"
}