{
  "dataset": "ogbn-arxiv",
  "split_type": "fixed",
  "component_type": "lcc",
  "num_components": 1,
  "k_diffusion": 10,
  "num_splits": 1,
  "num_seeds": 5,
  "total_runs": 5,
  "precompute_time": 38.397456407547,
  "metadata": {
    "d_full": 127,
    "ortho_error": 1.2783375469282987e-09
  },
  "results": {
    "sgc_baseline": {
      "val_acc_mean": 0.4837544679641724,
      "val_acc_std": 0.002790505696871985,
      "test_acc_mean": 0.4417628586292267,
      "test_acc_std": 0.0031103002953022907,
      "train_time_mean": 0.7007433891296386,
      "train_time_std": 0.2069999471067497
    },
    "sgc_mlp_baseline": {
      "val_acc_mean": 0.7154468059539795,
      "val_acc_std": 0.0014634863551285164,
      "test_acc_mean": 0.7084130764007568,
      "test_acc_std": 0.0016408465777321799,
      "train_time_mean": 1.7293434619903565,
      "train_time_std": 0.24945923971484446
    },
    "full_rownorm_mlp": {
      "val_acc_mean": 0.7189502716064453,
      "val_acc_std": 0.0019376689486094898,
      "test_acc_mean": 0.7016974449157715,
      "test_acc_std": 0.0035764309492281594,
      "train_time_mean": 3.4517133712768553,
      "train_time_std": 0.29916764802701656
    },
    "jl_binary_nc": {
      "val_acc_mean": 0.6351554989814758,
      "val_acc_std": 0.0016609083124083275,
      "test_acc_mean": 0.6247886061668396,
      "test_acc_std": 0.0023758961075565034,
      "train_time_mean": 3.8748178005218508,
      "train_time_std": 0.3055389606193768
    },
    "jl_binary_2nc": {
      "val_acc_mean": 0.6906003355979919,
      "val_acc_std": 0.0016008811501265951,
      "test_acc_mean": 0.6790815472602845,
      "test_acc_std": 0.0022368480430583985,
      "train_time_mean": 3.519362449645996,
      "train_time_std": 0.6567772255976316
    },
    "jl_ortho_nc": {
      "val_acc_mean": 0.6298130512237549,
      "val_acc_std": 0.0019436351852757585,
      "test_acc_mean": 0.6231755375862121,
      "test_acc_std": 0.0014676948594317155,
      "train_time_mean": 3.295658731460571,
      "train_time_std": 0.12795908256208305
    },
    "jl_ortho_2nc": {
      "val_acc_mean": 0.6885599851608276,
      "val_acc_std": 0.0012492664778583514,
      "test_acc_mean": 0.6779211282730102,
      "test_acc_std": 0.0018567950051384642,
      "train_time_mean": 3.4264777183532713,
      "train_time_std": 0.6411026692000981
    }
  },
  "improvements": {
    "full_rownorm_mlp": {
      "vs_sgc": 25.993458628654476,
      "vs_sgc_mlp": -0.6715631484985329
    },
    "jl_binary_nc": {
      "vs_sgc": 18.30257475376129,
      "vs_sgc_mlp": -8.362447023391717
    },
    "jl_binary_2nc": {
      "vs_sgc": 23.731868863105777,
      "vs_sgc_mlp": -2.9331529140472323
    },
    "jl_ortho_nc": {
      "vs_sgc": 18.141267895698544,
      "vs_sgc_mlp": -8.523753881454466
    },
    "jl_ortho_2nc": {
      "vs_sgc": 23.61582696437835,
      "vs_sgc_mlp": -3.049194812774658
    }
  },
  "parameter_counts": {
    "sgc_baseline": 5120,
    "sgc_mlp_baseline": 108544,
    "full_rownorm_mlp": 108288,
    "jl_binary_nc": 86016,
    "jl_ortho_nc": 86016,
    "jl_binary_2nc": 96256,
    "jl_ortho_2nc": 96256
  }
}