{
  "dataset": "wikics",
  "split_type": "random_splits",
  "num_seeds": 5,
  "num_splits": 5,
  "total_runs_per_model": 25,
  "d_raw": 300,
  "d_effective": 300,
  "rank_deficiency": false,
  "orthonormality_error": 3.595891717722566e-08,
  "epochs": 200,
  "hidden_dim": 256,
  "batch_size": 128,
  "learning_rate": 0.01,
  "weight_decay": 0.0005,
  "models": {
    "standard_X_scaled": {
      "name": "(a) Standard MLP on X (scaled)",
      "test_accuracy": {
        "mean": 0.7765569925308228,
        "std": 0.01236807031809649,
        "min": 0.7518154382705688,
        "max": 0.7970952391624451
      },
      "convergence_metrics": {
        "speed_to_90": {
          "mean": 0.0,
          "std": 0.0
        },
        "speed_to_95": {
          "mean": 0.08,
          "std": 0.2712931993250107
        },
        "speed_to_99": {
          "mean": 2.56,
          "std": 3.1251239975399376
        },
        "auc": {
          "mean": 0.9918347296173574,
          "std": 0.00898834222716852
        },
        "convergence_rate": {
          "mean": 0.0010418801307678224,
          "std": 0.0006451796668452154
        },
        "final_acc": {
          "mean": 0.776034197807312,
          "std": 0.008581913191690443
        }
      },
      "checkpoint_accuracies": {
        "10": {
          "mean": 0.7719829082489014,
          "std": 0.008010585199846532
        },
        "20": {
          "mean": 0.7737948822975159,
          "std": 0.009352406042446595
        },
        "40": {
          "mean": 0.7738974475860596,
          "std": 0.009346318733476461
        },
        "80": {
          "mean": 0.7744102573394775,
          "std": 0.00871402929969552
        },
        "160": {
          "mean": 0.7711453008651733,
          "std": 0.009909465080140999
        },
        "200": {
          "mean": 0.776034197807312,
          "std": 0.008581913191690443
        }
      }
    },
    "standard_V_scaled": {
      "name": "(b) Standard MLP on V (scaled)",
      "test_accuracy": {
        "mean": 0.7337889552116394,
        "std": 0.02012608860362847,
        "min": 0.6783425807952881,
        "max": 0.7774454951286316
      },
      "convergence_metrics": {
        "speed_to_90": {
          "mean": 0.0,
          "std": 0.0
        },
        "speed_to_95": {
          "mean": 0.04,
          "std": 0.19595917942265428
        },
        "speed_to_99": {
          "mean": 11.04,
          "std": 33.19334873133472
        },
        "auc": {
          "mean": 0.9989031748538441,
          "std": 0.0244252764551582
        },
        "convergence_rate": {
          "mean": 1.5384435653686517e-05,
          "std": 0.0005386487984209907
        },
        "final_acc": {
          "mean": 0.7347863292694092,
          "std": 0.018159526759871626
        }
      },
      "checkpoint_accuracies": {
        "10": {
          "mean": 0.7336752200126648,
          "std": 0.006558405451869884
        },
        "20": {
          "mean": 0.7348547053337097,
          "std": 0.007561159397830146
        },
        "40": {
          "mean": 0.7352820587158203,
          "std": 0.007665749845008615
        },
        "80": {
          "mean": 0.73651282787323,
          "std": 0.011894834677162238
        },
        "160": {
          "mean": 0.7442735171318055,
          "std": 0.015159320466722323
        },
        "200": {
          "mean": 0.7347863292694092,
          "std": 0.018159526759871626
        }
      }
    },
    "rownorm_V": {
      "name": "(c) RowNorm MLP on V (unscaled)",
      "test_accuracy": {
        "mean": 0.7258778095245362,
        "std": 0.012115023135873584,
        "min": 0.7031183242797852,
        "max": 0.7466894388198853
      },
      "convergence_metrics": {
        "speed_to_90": {
          "mean": 0.0,
          "std": 0.0
        },
        "speed_to_95": {
          "mean": 0.0,
          "std": 0.0
        },
        "speed_to_99": {
          "mean": 0.64,
          "std": 0.48000000000000004
        },
        "auc": {
          "mean": 1.001049976322048,
          "std": 0.014820068206195651
        },
        "convergence_rate": {
          "mean": 0.0010205128192901612,
          "std": 0.0006326888671648935
        },
        "final_acc": {
          "mean": 0.7264786386489868,
          "std": 0.010573771456752288
        }
      },
      "checkpoint_accuracies": {
        "10": {
          "mean": 0.7421880388259887,
          "std": 0.00415655915444901
        },
        "20": {
          "mean": 0.734820523262024,
          "std": 0.006105122920366818
        },
        "40": {
          "mean": 0.732358980178833,
          "std": 0.0074741342232880845
        },
        "80": {
          "mean": 0.7300512909889221,
          "std": 0.007361077432640956
        },
        "160": {
          "mean": 0.7277094078063965,
          "std": 0.011372137375858148
        },
        "200": {
          "mean": 0.7264786386489868,
          "std": 0.010573771456752288
        }
      }
    }
  }
}