{
  "fisher_score": 0.07826568022914777,
  "std_fisher_score": 0.0028065298315055006,
  "per_split": [
    {
      "split": 0,
      "fisher_score": 0.07593789858487326,
      "fisher_score_U": 0.07593789858487326,
      "between_class_variance": 0.0005077026741079531,
      "within_class_variance": 0.006685761438875093,
      "per_feature_U_stats": {
        "mean": 0.08016825500826572,
        "std": 0.13672062511035324,
        "max": 2.2176038092350607,
        "top5": [
          2.2176038092350607,
          1.6466015426172598,
          1.0558477350497562,
          0.794080984985982,
          0.6657377519130595
        ]
      },
      "note": "Computed on training set only to prevent data leakage",
      "fisher_score_X_diffused": 0.02984061942726588,
      "between_class_variance_X": 0.5068355667889232,
      "within_class_variance_X": 16.98475355125567,
      "per_feature_X_stats": {
        "mean": 0.16452055702472262,
        "std": 0.1791602890904171,
        "max": 1.2619529695467224,
        "top5": [
          1.2619529695467224,
          1.1907984642252458,
          1.0938056815440673,
          0.9320948493163586,
          0.897985880975107
        ],
        "n_cols_sampled": 500
      }
    },
    {
      "split": 1,
      "fisher_score": 0.07988278300689074,
      "fisher_score_U": 0.07988278300689074,
      "between_class_variance": 0.0005234165555570054,
      "within_class_variance": 0.006552307466702245,
      "per_feature_U_stats": {
        "mean": 0.07988431878584873,
        "std": 0.1369020445667757,
        "max": 2.0329623120523217,
        "top5": [
          2.0329623120523217,
          1.6648045563212162,
          1.3823967742032013,
          0.8285975409411386,
          0.6504153468493055
        ]
      },
      "note": "Computed on training set only to prevent data leakage",
      "fisher_score_X_diffused": 0.026425352542153557,
      "between_class_variance_X": 0.5305253080090631,
      "within_class_variance_X": 20.07637578960479,
      "per_feature_X_stats": {
        "mean": 0.14711692809694146,
        "std": 0.16560067625548494,
        "max": 1.2285188637409745,
        "top5": [
          1.2285188637409745,
          1.1383502318850132,
          1.0536697521176162,
          0.8317109258868343,
          0.7530618918733084
        ],
        "n_cols_sampled": 500
      }
    },
    {
      "split": 2,
      "fisher_score": 0.08121172860838537,
      "fisher_score_U": 0.08121172860838537,
      "between_class_variance": 0.0005439060507731412,
      "within_class_variance": 0.006697383002348519,
      "per_feature_U_stats": {
        "mean": 0.07929140851308107,
        "std": 0.1411190677837683,
        "max": 2.2888293907979915,
        "top5": [
          2.2888293907979915,
          1.762035060267586,
          1.1943392171731646,
          0.7840551046362713,
          0.6580633841020187
        ]
      },
      "note": "Computed on training set only to prevent data leakage",
      "fisher_score_X_diffused": 0.023135133175659822,
      "between_class_variance_X": 0.4191968031159514,
      "within_class_variance_X": 18.11948951981755,
      "per_feature_X_stats": {
        "mean": 0.1522074909833433,
        "std": 0.1724544257763479,
        "max": 1.2175154611296028,
        "top5": [
          1.2175154611296028,
          1.1249028776608874,
          1.0656440172984105,
          0.8736033742621069,
          0.8721907527430774
        ],
        "n_cols_sampled": 500
      }
    },
    {
      "split": 3,
      "fisher_score": 0.07397216328134713,
      "fisher_score_U": 0.07397216328134713,
      "between_class_variance": 0.0005037197581702348,
      "within_class_variance": 0.006809585333531177,
      "per_feature_U_stats": {
        "mean": 0.07711273602251177,
        "std": 0.1305137716266764,
        "max": 2.0532813314035696,
        "top5": [
          2.0532813314035696,
          1.620669079290944,
          1.039785617199359,
          0.7841361832048998,
          0.6662564660256539
        ]
      },
      "note": "Computed on training set only to prevent data leakage",
      "fisher_score_X_diffused": 0.028423285410169766,
      "between_class_variance_X": 0.5103352593627973,
      "within_class_variance_X": 17.954830062685186,
      "per_feature_X_stats": {
        "mean": 0.1559851507227318,
        "std": 0.17346448402254294,
        "max": 1.288322194546903,
        "top5": [
          1.288322194546903,
          1.1960616538732916,
          1.1021289646111359,
          0.8531300000629979,
          0.783699645825779
        ],
        "n_cols_sampled": 500
      }
    },
    {
      "split": 4,
      "fisher_score": 0.08032382766424234,
      "fisher_score_U": 0.08032382766424234,
      "between_class_variance": 0.0005079150155232637,
      "within_class_variance": 0.006323341781549233,
      "per_feature_U_stats": {
        "mean": 0.08114603795083443,
        "std": 0.13342333558620317,
        "max": 2.088399343496573,
        "top5": [
          2.088399343496573,
          1.5196629100445078,
          0.9842120641794198,
          0.841975740893099,
          0.6873418595536779
        ]
      },
      "note": "Computed on training set only to prevent data leakage",
      "fisher_score_X_diffused": 0.031850018775808994,
      "between_class_variance_X": 0.534257387627458,
      "within_class_variance_X": 16.774162407503567,
      "per_feature_X_stats": {
        "mean": 0.16714336360816157,
        "std": 0.18130853827094148,
        "max": 1.3201171146176296,
        "top5": [
          1.3201171146176296,
          1.2351503906502337,
          1.1232853810277774,
          0.9087636417261667,
          0.8426264190762405
        ],
        "n_cols_sampled": 500
      }
    }
  ],
  "note": "Fisher score computed on training set only (no leakage)"
}