{
  "dataset": "citeseer",
  "split_type": "random_splits",
  "num_seeds": 5,
  "num_splits": 5,
  "total_runs_per_model": 25,
  "d_raw": 3703,
  "d_effective": 3254,
  "rank_deficiency": true,
  "epochs": 200,
  "hidden_dim": 256,
  "batch_size": 120,
  "models": {
    "standard_X_scaled": {
      "name": "(a) Standard MLP on X (scaled)",
      "test_accuracy": {
        "mean": 0.6456456708908082,
        "std": 0.014295057838904038
      },
      "convergence_metrics": {
        "speed_to_90": {
          "mean": 0.0,
          "std": 0.0
        },
        "speed_to_95": {
          "mean": 0.0,
          "std": 0.0
        },
        "speed_to_99": {
          "mean": 0.2,
          "std": 0.48989794855663565
        },
        "auc": {
          "mean": 0.994278512044382,
          "std": 0.003654913671225957
        },
        "convergence_rate": {
          "mean": -0.0010015037059783935,
          "std": 0.0009332330962601367
        },
        "final_acc": {
          "mean": 0.6373533892631531,
          "std": 0.016115818503009756
        }
      }
    },
    "standard_V_scaled": {
      "name": "(b) Standard MLP on V (scaled)",
      "test_accuracy": {
        "mean": 0.1796997046470642,
        "std": 0.01794137908661051
      },
      "convergence_metrics": {
        "speed_to_90": {
          "mean": 0.4,
          "std": 1.0954451150103324
        },
        "speed_to_95": {
          "mean": 3.64,
          "std": 9.303246745088513
        },
        "speed_to_99": {
          "mean": 8.04,
          "std": 17.985505275081934
        },
        "auc": {
          "mean": 0.9995673400539384,
          "std": 0.015176322970578783
        },
        "convergence_rate": {
          "mean": -4.5112729072570786e-05,
          "std": 0.0009493951635498008
        },
        "final_acc": {
          "mean": 0.18803007662296295,
          "std": 0.01901874578386345
        }
      }
    },
    "rownorm_V": {
      "name": "(c) RowNorm MLP on V (unscaled)",
      "test_accuracy": {
        "mean": 0.25597598135471344,
        "std": 0.031136145047374122
      },
      "convergence_metrics": {
        "speed_to_90": {
          "mean": 12.48,
          "std": 10.752190474503324
        },
        "speed_to_95": {
          "mean": 17.6,
          "std": 15.04393565527319
        },
        "speed_to_99": {
          "mean": 31.04,
          "std": 26.391635038398057
        },
        "auc": {
          "mean": 0.9761992132970895,
          "std": 0.01822710054203746
        },
        "convergence_rate": {
          "mean": 0.0027007519304752354,
          "std": 0.0015922703087827511
        },
        "final_acc": {
          "mean": 0.2632781976461411,
          "std": 0.03628499009555871
        }
      }
    }
  }
}