{
  "dataset": "amazon-computers",
  "split_type": "random",
  "component_type": "lcc",
  "k": 2,
  "d_effective": 767,
  "ortho_error": 3.605753473578943e-10,
  "analysis": {
    "condition_number_U": 14.358793075560987,
    "singular_values_U_top20": [
      0.5198032122687279,
      0.47381651927413865,
      0.4674529702486847,
      0.4621346891753409,
      0.45700528061713463,
      0.45135060815548134,
      0.44765787772427196,
      0.44419704984997027,
      0.43798181184124996,
      0.43065514041239944,
      0.4283225985835049,
      0.4261371336042387,
      0.4217401043669647,
      0.4199462782708055,
      0.4151648372820982,
      0.4141901280434195,
      0.41025650980223305,
      0.4077469265681721,
      0.40212912950703533,
      0.4011872719384669
    ],
    "singular_values_U_bottom5": [
      0.07249972245756277,
      0.06962874046429046,
      0.06237317142397774,
      0.05682692601734731,
      0.03620103789596673
    ],
    "explained_variance_U_pct_top20": [
      0.7059858118506132,
      1.2925809392450198,
      1.8635254508115227,
      2.4215524260660355,
      2.967260641170394,
      3.49954795921487,
      4.02316107685564,
      4.5387094192022595,
      5.0399315134902904,
      5.524524725021623,
      6.0038827832400266,
      6.4783615865532305,
      6.9430992364125474,
      7.403891870954547,
      7.854251219326615,
      8.302498374758352,
      8.742271835433241,
      9.176681468793864,
      9.599203270099828,
      10.01974814764498
    ],
    "condition_number_X": 1168.320769728972,
    "singular_values_X_top20": [
      959.6088741209378,
      102.47350364388609,
      87.3721782373333,
      62.86939523847527,
      59.077272662833856,
      49.102482681436335,
      45.56628149520836,
      38.41366449987842,
      32.80329943079495,
      31.04717075540131,
      27.989833649294418,
      25.51179184963043,
      24.25056308274422,
      22.295846602206538,
      22.145789915428924,
      19.860336866474164,
      18.64362298970829,
      17.325568759740026,
      16.671339388760195,
      16.237408273612633
    ],
    "explained_variance_X_pct_top20": [
      94.95363378796546,
      96.03642880629367,
      96.82360038366747,
      97.23116985296967,
      97.59105502537287,
      97.8396715439665,
      98.05376838330852,
      98.20592630104996,
      98.31688417709687,
      98.41627977233932,
      98.49706346723575,
      98.56417621249925,
      98.62481726530696,
      98.67607636970028,
      98.7266478224672,
      98.76731989465202,
      98.80316119044133,
      98.83411385771521,
      98.86277305776642,
      98.88995975807869
    ],
    "intra_class_mean_dist": 1.3985296798434153,
    "inter_class_centroid_dist": 0.20331910440139517,
    "spectral_separability": 0.14538061460673438,
    "variance_analysis": {
      "U_variance_mean": 6.212086547834337e-06,
      "U_variance_std": 1.512443263601979e-06,
      "U_variance_max": 2.056854579330032e-05,
      "U_variance_min": 9.62485972508657e-07,
      "U_variance_ratio": 21.370206954271595,
      "X_variance_mean": 0.038080495936922254,
      "X_variance_std": 0.014331027749331812,
      "X_variance_max": 0.09014466001048613,
      "X_variance_min": 0.014491472659974379,
      "X_variance_ratio": 6.220531351050761,
      "variance_ratio_reduction": 0.29108428216728505
    },
    "eigenvalue_stats": {
      "min": 0.06580067921824237,
      "max": 1.4919855721928315,
      "mean": 0.6436419040275998,
      "std": 0.21414841993435754,
      "d_effective": 767
    },
    "span_verification_error": 0.5534638916237042,
    "num_edges": 245778,
    "avg_degree": 36.735371048501605
  }
}