{
  "dataset": "amazon-computers",
  "split_type": "random",
  "component_type": "lcc",
  "k": 20,
  "d_effective": 767,
  "ortho_error": 2.2227317764134114e-09,
  "analysis": {
    "condition_number_U": 25.378242535173328,
    "singular_values_U_top20": [
      2.424996959843763,
      2.265911161524215,
      2.2536609390860596,
      2.1024464070624225,
      1.9623562072898886,
      1.9001993151434389,
      1.8552035377927172,
      1.828038450288353,
      1.7497480526844464,
      1.7356091310447175,
      1.702858553893866,
      1.6533865439582782,
      1.6449229700907422,
      1.6416400387704555,
      1.6309998075107957,
      1.5953416387118524,
      1.59534156917357,
      1.593020560703247,
      1.5812492292720814,
      1.5782376763879935
    ],
    "singular_values_U_bottom5": [
      0.1686130590262633,
      0.15459919967003155,
      0.14538310223930864,
      0.11483511385951192,
      0.09555417229868478
    ],
    "explained_variance_U_pct_top20": [
      1.2022784436602723,
      2.251986235419963,
      3.2903746128411786,
      4.194091778881662,
      4.981388332549791,
      5.719600124130594,
      6.423264866828306,
      7.106473453635305,
      7.732414888684079,
      8.348281296172816,
      8.941124456888968,
      9.500021048533563,
      10.053210377520376,
      10.60419380344468,
      11.14805801706083,
      11.668401434026118,
      12.188744805629602,
      12.707575218679498,
      13.218766357731138,
      13.728012182760649
    ],
    "condition_number_X": 28559264.09692832,
    "singular_values_X_top20": [
      918.2582027545498,
      54.57614995339201,
      35.10090585702981,
      33.38695816443959,
      27.964443826926477,
      19.055607821990897,
      11.849921110816721,
      10.351126848768695,
      7.919746750932056,
      7.286079018070444,
      6.716135683286196,
      5.7175761248476755,
      5.07762255971842,
      4.5260641312739684,
      4.288409388923775,
      4.223977868835509,
      3.8123556346202108,
      3.5602833559870772,
      3.191306565581628,
      3.075004454220492
    ],
    "explained_variance_X_pct_top20": [
      99.16089296267431,
      99.51117396724555,
      99.65606698073253,
      99.78715545288867,
      99.8791205785038,
      99.92182338398544,
      99.93833698221285,
      99.95093743226981,
      99.95831364417495,
      99.96455671913733,
      99.96986128344464,
      99.97370573778332,
      99.97673775473892,
      99.97914684017717,
      99.98130957499617,
      99.98340780969166,
      99.98511702828952,
      99.98660769284089,
      99.98780539228311,
      99.98891738589997
    ],
    "intra_class_mean_dist": 1.29237999273668,
    "inter_class_centroid_dist": 0.5168143586574139,
    "spectral_separability": 0.39989350002473606,
    "variance_analysis": {
      "U_variance_mean": 4.662595481871918e-05,
      "U_variance_std": 5.283045523603392e-05,
      "U_variance_max": 0.0005964716891838904,
      "U_variance_min": 1.343269787810058e-06,
      "U_variance_ratio": 444.0442646387938,
      "X_variance_mean": 0.0280629557023462,
      "X_variance_std": 0.015322806653634113,
      "X_variance_max": 0.06954420637169025,
      "X_variance_min": 0.008061784187158286,
      "X_variance_ratio": 8.626403876432422,
      "variance_ratio_reduction": 0.01942690079208549
    },
    "eigenvalue_stats": {
      "min": 1.5194981294023349,
      "max": 44.165373354674294,
      "mean": 3.396245261356453,
      "std": 2.794464051854818,
      "d_effective": 767
    },
    "span_verification_error": 0.7056202150989938,
    "num_edges": 252468,
    "avg_degree": 37.735371048501605
  }
}