{
  "dataset": "amazon-computers",
  "split_type": "random",
  "component_type": "lcc",
  "k": 8,
  "d_effective": 767,
  "ortho_error": 2.419135336495515e-09,
  "analysis": {
    "condition_number_U": 26.39484393850178,
    "singular_values_U_top20": [
      2.4141179611622845,
      2.2497574546492936,
      2.2369923874500786,
      2.093338156869386,
      1.9568290143557892,
      1.8923342958452614,
      1.8389674318124947,
      1.8266983511945547,
      1.740235501224292,
      1.7191491353840096,
      1.694012729513607,
      1.6422602202806846,
      1.6392954720132031,
      1.6244722107123561,
      1.6201943143663426,
      1.587906072723793,
      1.587191012777598,
      1.58552151100428,
      1.5696081637929538,
      1.55950852529213
    ],
    "singular_values_U_bottom5": [
      0.16401184083983525,
      0.15204471597434233,
      0.14201934079255363,
      0.11469893675149254,
      0.09146172513037083
    ],
    "explained_variance_U_pct_top20": [
      1.2748644284918256,
      2.382044928203601,
      3.476696843871127,
      4.4352712044216505,
      5.272902292134461,
      6.056228667427162,
      6.795995924299351,
      7.525925065717967,
      8.188390277993001,
      8.834898623515155,
      9.462639440112627,
      10.052610862876042,
      10.640454074891217,
      11.217714256810488,
      11.791938120027382,
      12.343503054509124,
      12.894571343507453,
      13.444480949501664,
      13.983407434170703,
      14.51542079053647
    ],
    "condition_number_X": 39717.68237930803,
    "singular_values_X_top20": [
      931.9330459571746,
      77.86575454333956,
      63.25312939221742,
      46.89689852549774,
      45.24463044529267,
      32.89331622545423,
      22.776318646061462,
      20.91027577444322,
      18.858258437001535,
      17.400272508161752,
      14.019791255458731,
      12.408127428640448,
      11.665976369009863,
      10.603530130875152,
      9.83593120361365,
      9.405349328610992,
      8.624689903472373,
      8.269945522266967,
      7.902381451866895,
      7.620788054861428
    ],
    "explained_variance_X_pct_top20": [
      97.80133524217607,
      98.48409568762216,
      98.93464195253581,
      99.1823063639965,
      99.41282680981392,
      99.53466703155094,
      99.59308445799425,
      99.64232183186735,
      99.68236961923927,
      99.71646436529063,
      99.73859829135759,
      99.7559358462909,
      99.77126144836502,
      99.78392269036904,
      99.794817165834,
      99.80477867689017,
      99.81315517198703,
      99.82085676664573,
      99.82788896867535,
      99.8344289292032
    ],
    "intra_class_mean_dist": 1.3161022020498439,
    "inter_class_centroid_dist": 0.46691076475975246,
    "spectral_separability": 0.35476786227736246,
    "variance_analysis": {
      "U_variance_mean": 4.3699010972109895e-05,
      "U_variance_std": 5.042051303086922e-05,
      "U_variance_max": 0.0005907646925118791,
      "U_variance_min": 4.072111851691253e-06,
      "U_variance_ratio": 145.07571720821034,
      "X_variance_mean": 0.029099070006836897,
      "X_variance_std": 0.014256195273891534,
      "X_variance_max": 0.07069862534122918,
      "X_variance_min": 0.00930165308021878,
      "X_variance_ratio": 7.600651703940528,
      "variance_ratio_reduction": 0.05239092971728786
    },
    "eigenvalue_stats": {
      "min": 1.0685697685647446,
      "max": 43.7216960402965,
      "mean": 3.311767428351458,
      "std": 2.793468486909254,
      "d_effective": 767
    },
    "span_verification_error": 0.7094393056535976,
    "num_edges": 252468,
    "avg_degree": 37.735371048501605
  }
}