{
  "dataset": "amazon-computers",
  "split_type": "random",
  "component_type": "lcc",
  "k": 12,
  "d_effective": 767,
  "ortho_error": 6.376574823718784e-10,
  "analysis": {
    "condition_number_U": 102.03104085334681,
    "singular_values_U_top20": [
      0.6626931874222602,
      0.6478868469898607,
      0.6445278964133953,
      0.6425202831184531,
      0.6421687652835529,
      0.6376714071854958,
      0.6312194665659667,
      0.6256275359163641,
      0.6237797904498478,
      0.6237032241674014,
      0.6101648813535737,
      0.5964125078396535,
      0.5946939673437168,
      0.5868407665853244,
      0.5844014027074956,
      0.5822395894957559,
      0.5817843948144817,
      0.5761280225365615,
      0.5713725216250414,
      0.5681456083983776
    ],
    "singular_values_U_bottom5": [
      0.026868015460651946,
      0.02528832811361526,
      0.018103392271821703,
      0.014036372100051637,
      0.006495015456862535
    ],
    "explained_variance_U_pct_top20": [
      0.6262889571120737,
      1.224904609819392,
      1.8173293415649117,
      2.406069182615921,
      2.994165009933457,
      3.574052353375999,
      4.14226449550732,
      4.700453725286504,
      5.255350681341918,
      5.810111423335237,
      6.341049848991326,
      6.8483245782921625,
      7.352680132814253,
      7.843803155874269,
      8.330851691048153,
      8.814303518552666,
      9.296999716652198,
      9.770355558552941,
      10.235929262745175,
      10.69625902023977
    ],
    "condition_number_X": 11413712.282150641,
    "singular_values_X_top20": [
      919.5052692576207,
      66.87014680828143,
      46.891069468100795,
      38.72511323527531,
      38.220637755189635,
      26.118456146843577,
      17.568355953529444,
      13.521618740355061,
      12.294647756533864,
      11.146401104764257,
      9.374966165478224,
      8.154344208889933,
      7.341359195833305,
      5.665061606550435,
      5.035219308039646,
      4.86584889796587,
      4.4659951508263225,
      4.398163306751431,
      4.062255712092415,
      3.7737383784707283
    ],
    "explained_variance_X_pct_top20": [
      98.64548290705748,
      99.16719789314836,
      99.42373431597457,
      99.59870051256054,
      99.76913780151116,
      99.84872876521604,
      99.88473941871898,
      99.90607115132227,
      99.92370718582704,
      99.93820284912786,
      99.94845720007123,
      99.95621514760501,
      99.9625032804156,
      99.96624764417128,
      99.96920569437398,
      99.97196809074852,
      99.97429513827343,
      99.97655203382477,
      99.97847735538681,
      99.98013890125854
    ],
    "intra_class_mean_dist": 1.3762679607690584,
    "inter_class_centroid_dist": 0.2850994432804723,
    "spectral_separability": 0.20715402189640364,
    "variance_analysis": {
      "U_variance_mean": 1.1384529293714441e-05,
      "U_variance_std": 5.119049817063547e-06,
      "U_variance_max": 4.6825043142084557e-05,
      "U_variance_min": 4.330096758311654e-07,
      "U_variance_ratio": 108.13831102940762,
      "X_variance_mean": 0.03117508372674425,
      "X_variance_std": 0.01641457880084381,
      "X_variance_max": 0.07635647685389325,
      "X_variance_min": 0.00949007761012897,
      "X_variance_ratio": 8.045927544823277,
      "variance_ratio_reduction": 0.07440404300965231
    },
    "eigenvalue_stats": {
      "min": 0.03151591301470272,
      "max": 1.5780289716668914,
      "mean": 0.49388958387210014,
      "std": 0.18240021148579366,
      "d_effective": 767
    },
    "span_verification_error": 0.6264268841398705,
    "num_edges": 245778,
    "avg_degree": 36.735371048501605
  }
}