{
  "dataset": "amazon-computers",
  "split_type": "random",
  "component_type": "lcc",
  "k": 30,
  "d_effective": 761,
  "ortho_error": 7.10797865011159e-10,
  "analysis": {
    "condition_number_U": 109.05065174362596,
    "singular_values_U_top20": [
      0.7053545155901494,
      0.705003050350082,
      0.7045450747284188,
      0.7037248373476223,
      0.7031277538825174,
      0.7025072617901765,
      0.7012414002580971,
      0.6999591662310302,
      0.6988445918977613,
      0.6970513117403162,
      0.6941027409981593,
      0.6887419980609103,
      0.6855409059870556,
      0.6826088496689922,
      0.6664162548958114,
      0.6548932095220086,
      0.6472719504000236,
      0.6381000684226279,
      0.6254569410127612,
      0.6020372506639632
    ],
    "singular_values_U_bottom5": [
      0.021168652486814404,
      0.018415301325725275,
      0.014237316678230177,
      0.012655147371485,
      0.006468136634785198
    ],
    "explained_variance_U_pct_top20": [
      0.6573767034503046,
      1.3140984525676442,
      1.9699672554111118,
      2.624309811106606,
      3.277542468858892,
      3.929622713407108,
      4.579355082990685,
      5.226713527491664,
      5.872011981407702,
      6.514002929762527,
      7.150574041630304,
      7.77735030301142,
      8.398313920497365,
      9.013977178173064,
      9.600777806877948,
      10.167461064588267,
      10.721031619847066,
      11.25902507157342,
      11.775910441766428,
      12.25481187280241
    ],
    "condition_number_X": 24969772969810.004,
    "singular_values_X_top20": [
      910.7899638441146,
      40.33406682008335,
      24.880791361122093,
      24.415885659436075,
      14.116327109631372,
      10.523356764550861,
      7.9627312387036095,
      6.529013487679383,
      4.741569018476736,
      3.729474831403499,
      2.1520444761840825,
      1.7334507706706597,
      1.4952766311084535,
      1.28290804738587,
      1.1962514327054738,
      1.054920941033686,
      0.9707238799935369,
      0.897614895559114,
      0.7751063290588996,
      0.7035744611758491
    ],
    "explained_variance_X_pct_top20": [
      99.6022236154399,
      99.79755705083389,
      99.871886504426,
      99.94346416934138,
      99.96739049382587,
      99.98068711052876,
      99.98830012536803,
      99.99341844841061,
      99.99611790727847,
      99.99778795131354,
      99.9983440284596,
      99.99870481936874,
      99.99897327693786,
      99.99917089362755,
      99.99934271512639,
      99.99947633540974,
      99.9995894774454,
      99.99968621891114,
      99.99975835542119,
      99.99981779184832
    ],
    "intra_class_mean_dist": 1.3707430970436632,
    "inter_class_centroid_dist": 0.30252135032066985,
    "spectral_separability": 0.22069879540019557,
    "variance_analysis": {
      "U_variance_mean": 1.238473785081011e-05,
      "U_variance_std": 7.502861952037274e-06,
      "U_variance_max": 4.8391879318310905e-05,
      "U_variance_min": 6.13592056622516e-08,
      "U_variance_ratio": 788.6524954736466,
      "X_variance_mean": 0.031718716995286084,
      "X_variance_std": 0.01773550802383014,
      "X_variance_max": 0.07830762428946769,
      "X_variance_min": 0.008878305461979352,
      "X_variance_ratio": 8.820109267021039,
      "variance_ratio_reduction": 0.011183771455289534
    },
    "eigenvalue_stats": {
      "min": 0.03149284484715697,
      "max": 1.5781637385405805,
      "mean": 0.4877965631670486,
      "std": 0.17897241094895291,
      "d_effective": 761
    },
    "span_verification_error": 0.607827930610242,
    "num_edges": 245778,
    "avg_degree": 36.735371048501605
  }
}