k,sgc_mlp,restr_std,restr_rn,part_a,part_b,rem_gap,n_runs,fisher_score,fisher_score_X_diffused,log_magnitude,dual_stream,spec_alpha-1.0,spec_alpha-0.5,spec_alpha0.0,spec_alpha0.5,spec_alpha1.0,best_spectral_alpha,part_b6,part_b5_logmag,part_b5_dual,best_nested_spheres_key,part_b6_nested
1,92.2037,88.8148,88.7078,3.3889,-0.1071,3.496,75,0.09730706372470929,0.09819494778104661,,,,,,,,,,,,,
2,92.2978,89.174,89.8468,3.1239,0.6729,2.451,75,0.0750787577210357,0.10641514446112235,,,,,,,,,,,,,
4,90.1771,88.7247,89.3054,1.4524,0.5807,0.8716,75,0.058316484055317384,0.10098177384128271,,,,,,,,,,,,,
6,87.1891,89.2741,89.3562,-2.0849,0.0822,-2.1671,75,0.05141866299376735,0.09338479335567113,,,,,,,,,,,,,
8,84.14,89.428,89.301,-5.288,-0.127,-5.161,75,0.04745756746672655,0.08631595900344459,,,,,,,,,,,,,
10,82.7244,89.4006,89.3966,-6.6761,-0.004,-6.6721,75,0.04492874068609953,0.08026192493405192,90.4261,90.3524,90.8783,90.6911,90.3444,90.072,89.9235,-1.0,1.4817582766215054,1.0295106569925991,0.9557963212331231,nested_spheres_a-1.0_b-1.0,1.4737894535064697
12,81.7288,89.553,89.5111,-7.8242,-0.0418,-7.7823,75,0.043224488456429476,0.07521186277482549,,,,,,,,,,,,,
20,78.7175,89.7029,89.6197,-10.9854,-0.0832,-10.9023,75,0.039953283906273354,0.0622183977553267,,,,,,,,,,,,,
30,74.3429,89.8409,89.7497,-15.4979,-0.0911,-15.4068,75,0.038675371614526576,0.054324731253601245,,,,,,,,,,,,,
