{
  "fisher_score": 0.04577741058584852,
  "std_fisher_score": 0.0,
  "per_split": [
    {
      "split": 0,
      "fisher_score": 0.04577741058584852,
      "fisher_score_U": 0.04577741058584852,
      "between_class_variance": 0.0008212310872697826,
      "within_class_variance": 0.017939657939578944,
      "per_feature_U_stats": {
        "mean": 0.09607283868607441,
        "std": 0.06509680686917939,
        "max": 0.5055981567653366,
        "top5": [
          0.5055981567653366,
          0.44045967535032243,
          0.39720374348269044,
          0.37633631957650665,
          0.37062389195175965
        ]
      },
      "note": "Computed on training set only to prevent data leakage",
      "fisher_score_X_diffused": 0.1089442750463747,
      "between_class_variance_X": 0.02499026519813577,
      "within_class_variance_X": 0.2293857587973124,
      "per_feature_X_stats": {
        "mean": 0.255011715820813,
        "std": 0.21315789016937864,
        "max": 1.2085323978785765,
        "top5": [
          1.2085323978785765,
          1.1080520168509609,
          1.0980800266831945,
          1.069280508990053,
          1.054675765138242
        ],
        "n_cols_sampled": 500
      }
    }
  ],
  "note": "Fisher score computed on training set only (no leakage)"
}