{
  "dataset": "pubmed",
  "split_type": "random_splits",
  "dimension": 500,
  "num_random_subspaces": 3,
  "num_seeds_per_subspace": 5,
  "num_data_splits": 5,
  "original_features": {
    "a_X_std": {
      "test_acc_mean": 0.8431034255027772,
      "test_acc_std": 0.003766354727222673
    },
    "b_U_std": {
      "test_acc_mean": 0.8263387250900267,
      "test_acc_std": 0.004108022091624404
    },
    "c_U_row": {
      "test_acc_mean": 0.8277788877487182,
      "test_acc_std": 0.004502675468543699
    }
  },
  "random_subspaces": [
    {
      "a_X_std": {
        "test_acc_mean": 0.3967038440704345,
        "test_acc_std": 0.0036096065499808647
      },
      "b_U_std": {
        "test_acc_mean": 0.3953955268859864,
        "test_acc_std": 0.0036639665596949703
      },
      "c_U_row": {
        "test_acc_mean": 0.3969472539424896,
        "test_acc_std": 0.0029588509426131293
      }
    },
    {
      "a_X_std": {
        "test_acc_mean": 0.3977079010009765,
        "test_acc_std": 0.004353070063247786
      },
      "b_U_std": {
        "test_acc_mean": 0.39701824545860287,
        "test_acc_std": 0.002298539640523356
      },
      "c_U_row": {
        "test_acc_mean": 0.39590263128280634,
        "test_acc_std": 0.003538139752951371
      }
    },
    {
      "a_X_std": {
        "test_acc_mean": 0.39622717142105107,
        "test_acc_std": 0.0033487909961586594
      },
      "b_U_std": {
        "test_acc_mean": 0.39668356060981746,
        "test_acc_std": 0.002397584123332951
      },
      "c_U_row": {
        "test_acc_mean": 0.39793102502822875,
        "test_acc_std": 0.0028439864061397518
      }
    }
  ],
  "aggregated_random": {
    "a_X_std": {
      "mean_across_subspaces": 0.39687963883082067,
      "std_across_subspaces": 0.0006171536116456913,
      "min": 0.39622717142105107,
      "max": 0.3977079010009765
    },
    "b_U_std": {
      "mean_across_subspaces": 0.39636577765146885,
      "std_across_subspaces": 0.0006995443268972474,
      "min": 0.3953955268859864,
      "max": 0.39701824545860287
    },
    "c_U_row": {
      "mean_across_subspaces": 0.3969269700845082,
      "std_across_subspaces": 0.0008282124819103456,
      "min": 0.39590263128280634,
      "max": 0.39793102502822875
    }
  },
  "comparisons": {
    "direction_A_original": 0.17428236326872035,
    "direction_A_random": 0.14158448198139756,
    "direction_A_improvement": -0.03269788128732279,
    "direction_B_original": -1.988451227410562,
    "direction_B_random": -0.12947531923421776,
    "baseline_diff": -0.4462237866719565
  }
}