{
  "dataset": "ogbn-arxiv",
  "k": 4,
  "split_type": "fixed",
  "component_type": "lcc",
  "num_seeds": 15,
  "num_splits": 1,
  "total_runs_per_method": 15,
  "metadata": {
    "d_effective": 128,
    "ortho_error": 7.513761834943011e-10,
    "num_components": 0,
    "num_nodes": 169343,
    "num_features": 128,
    "num_classes": 40
  },
  "experiments": {
    "sgc_mlp_baseline": {
      "test_acc_mean": 0.717486588160197,
      "test_acc_std": 0.0028736191222379316,
      "val_acc_mean": 0.726959490776062,
      "val_acc_std": 0.0010474325932017965,
      "per_run_test_acc": [
        0.7189679741859436,
        0.7119107842445374,
        0.7199349999427795,
        0.7154291272163391,
        0.7175688743591309,
        0.7186387777328491,
        0.7114787101745605,
        0.7204493880271912,
        0.7189268469810486,
        0.717486560344696,
        0.7168076038360596,
        0.7205110788345337,
        0.7214369773864746,
        0.71489417552948,
        0.7178569436073303
      ],
      "n_runs": 15,
      "train_acc_mean": 0.7949886798858643,
      "train_acc_std": 0.006491112174328664,
      "num_params": 109096,
      "param_to_train_ratio": 1.1996349281402228
    },
    "restricted_standard_mlp": {
      "test_acc_mean": 0.7128298163414002,
      "test_acc_std": 0.0026613787188043965,
      "val_acc_mean": 0.7225655992825826,
      "val_acc_std": 0.0011777276619638825,
      "per_run_test_acc": [
        0.7149558663368225,
        0.7145032286643982,
        0.7148529887199402,
        0.7064996361732483,
        0.7179598212242126,
        0.7131453156471252,
        0.7118696570396423,
        0.7099356055259705,
        0.7146678566932678,
        0.7109437584877014,
        0.7118902206420898,
        0.7114375829696655,
        0.7146678566932678,
        0.7108615040779114,
        0.7142563462257385
      ],
      "n_runs": 15,
      "train_acc_mean": 0.7839338858922322,
      "train_acc_std": 0.008194771463402748,
      "num_params": 109096,
      "param_to_train_ratio": 1.1996349281402228
    },
    "restricted_rownorm_mlp": {
      "test_acc_mean": 0.7021020809809367,
      "test_acc_std": 0.0026036991537138027,
      "val_acc_mean": 0.714836041132609,
      "val_acc_std": 0.001078800637349742,
      "per_run_test_acc": [
        0.7008415460586548,
        0.697590708732605,
        0.7035368084907532,
        0.7024669647216797,
        0.7058618068695068,
        0.7018908262252808,
        0.7074254751205444,
        0.7031253576278687,
        0.7001214027404785,
        0.7012941837310791,
        0.70396888256073,
        0.7023846507072449,
        0.7024052143096924,
        0.6970557570457458,
        0.7015616297721863
      ],
      "n_runs": 15,
      "train_acc_mean": 0.8058689912160237,
      "train_acc_std": 0.009430094772616441,
      "num_params": 108544,
      "param_to_train_ratio": 1.1935650586644089
    }
  },
  "framework_analysis": {
    "sgc_mlp_acc_pct": 71.7486588160197,
    "restricted_std_acc_pct": 71.28298163414001,
    "restricted_rownorm_acc_pct": 70.21020809809367,
    "part_a_pp": 0.4656771818796841,
    "part_b_pp": -1.0727735360463413,
    "remaining_gap_pp": 1.5384507179260254
  }
}