{
  "dataset": "coauthor-cs",
  "split_type": "fixed",
  "component_type": "lcc",
  "num_components": 1,
  "k_diffusion": 6,
  "num_splits": 1,
  "num_seeds": 5,
  "total_runs": 5,
  "precompute_time": 18.316753149032593,
  "metadata": {
    "d_restricted_std": 6802,
    "ortho_error_std": 9.539507295208693e-09,
    "d_full": 6802,
    "ortho_error": 9.539507295208693e-09
  },
  "results": {
    "sgc_baseline": {
      "val_acc_mean": 0.9153300881385803,
      "val_acc_std": 0.0001336200840827921,
      "test_acc_mean": 0.9238821983337402,
      "test_acc_std": 0.0005286523739772389,
      "train_time_mean": 0.3637245178222656,
      "train_time_std": 0.03541004146131951
    },
    "sgc_mlp_baseline": {
      "val_acc_mean": 0.9170758605003357,
      "val_acc_std": 0.0014226315654106468,
      "test_acc_mean": 0.9257360458374023,
      "test_acc_std": 0.001877775035126474,
      "train_time_mean": 0.8793912410736084,
      "train_time_std": 0.08036204497794808
    },
    "restricted_standard_mlp": {
      "val_acc_mean": 0.7694490075111389,
      "val_acc_std": 0.022593689710455295,
      "test_acc_mean": 0.777153742313385,
      "test_acc_std": 0.024266421160898315,
      "train_time_mean": 0.8421128749847412,
      "train_time_std": 0.009285886044455344
    },
    "full_rownorm_mlp": {
      "val_acc_mean": 0.804582667350769,
      "val_acc_std": 0.004249019411347257,
      "test_acc_mean": 0.806870186328888,
      "test_acc_std": 0.007447486498249612,
      "train_time_mean": 1.2271939277648927,
      "train_time_std": 0.018898038019014365
    },
    "jl_binary_nc": {
      "val_acc_mean": 0.24888161718845367,
      "val_acc_std": 0.003234905836159921,
      "test_acc_mean": 0.23505996763706208,
      "test_acc_std": 0.006874120058858397,
      "train_time_mean": 0.4131347179412842,
      "train_time_std": 0.029138513714012285
    },
    "jl_binary_2nc": {
      "val_acc_mean": 0.2841789424419403,
      "val_acc_std": 0.0051421100632923515,
      "test_acc_mean": 0.2810250699520111,
      "test_acc_std": 0.006940842577171491,
      "train_time_mean": 0.36692194938659667,
      "train_time_std": 0.028541886507290653
    },
    "jl_binary_4nc": {
      "val_acc_mean": 0.34877251386642455,
      "val_acc_std": 0.006259855697752122,
      "test_acc_mean": 0.34618319272994996,
      "test_acc_std": 0.008329037241202474,
      "train_time_mean": 0.5026248931884766,
      "train_time_std": 0.11523813506432466
    },
    "jl_ortho_nc": {
      "val_acc_mean": 0.24522640705108642,
      "val_acc_std": 0.003345270269036641,
      "test_acc_mean": 0.23478734195232392,
      "test_acc_std": 0.0047765175668915555,
      "train_time_mean": 0.5980730056762695,
      "train_time_std": 0.1837613030851269
    },
    "jl_ortho_2nc": {
      "val_acc_mean": 0.28417894840240476,
      "val_acc_std": 0.007036162332195191,
      "test_acc_mean": 0.26712103486061095,
      "test_acc_std": 0.008023606419569208,
      "train_time_mean": 0.3704964637756348,
      "train_time_std": 0.07033446865024967
    },
    "jl_ortho_4nc": {
      "val_acc_mean": 0.35019094944000245,
      "val_acc_std": 0.0033868241683921857,
      "test_acc_mean": 0.36068700551986693,
      "test_acc_std": 0.004473092371012436,
      "train_time_mean": 0.7628096103668213,
      "train_time_std": 0.15992589730595955
    }
  },
  "improvements": {
    "restricted_standard_mlp": {
      "vs_sgc": -14.672845602035522,
      "vs_sgc_mlp": -14.858230352401735
    },
    "full_rownorm_mlp": {
      "vs_sgc": -11.701201200485222,
      "vs_sgc_mlp": -11.886585950851437
    },
    "jl_binary_nc": {
      "vs_sgc": -68.88222306966782,
      "vs_sgc_mlp": -69.06760782003403
    },
    "jl_binary_2nc": {
      "vs_sgc": -64.2857128381729,
      "vs_sgc_mlp": -64.47109758853912
    },
    "jl_binary_4nc": {
      "vs_sgc": -57.76990056037903,
      "vs_sgc_mlp": -57.95528531074523
    },
    "jl_ortho_nc": {
      "vs_sgc": -68.90948563814163,
      "vs_sgc_mlp": -69.09487038850783
    },
    "jl_ortho_2nc": {
      "vs_sgc": -65.67611634731291,
      "vs_sgc_mlp": -65.86150109767914
    },
    "jl_ortho_4nc": {
      "vs_sgc": -56.31951928138732,
      "vs_sgc_mlp": -56.50490403175355
    }
  },
  "parameter_counts": {
    "sgc_baseline": 102075,
    "sgc_mlp_baseline": 1811456,
    "restricted_standard_mlp": 1810688,
    "full_rownorm_mlp": 1810688,
    "jl_binary_nc": 73216,
    "jl_ortho_nc": 73216,
    "jl_binary_2nc": 77056,
    "jl_ortho_2nc": 77056,
    "jl_binary_4nc": 84736,
    "jl_ortho_4nc": 84736
  }
}