{
  "fisher_score": 0.03999360865471542,
  "std_fisher_score": 0.0,
  "per_split": [
    {
      "split": 0,
      "fisher_score": 0.03999360865471542,
      "fisher_score_U": 0.03999360865471542,
      "between_class_variance": 0.00048238407171480665,
      "within_class_variance": 0.01206152902778708,
      "per_feature_U_stats": {
        "mean": 0.08919162593793496,
        "std": 0.06713923276255519,
        "max": 0.6228104065642383,
        "top5": [
          0.6228104065642383,
          0.5719408929952423,
          0.44307586026368506,
          0.44213540505863386,
          0.4301572574803577
        ]
      },
      "note": "Computed on training set only to prevent data leakage",
      "fisher_score_X_diffused": 0.06416151250374308,
      "between_class_variance_X": 0.009285456808803442,
      "within_class_variance_X": 0.14472004238150937,
      "per_feature_X_stats": {
        "mean": 0.2635932222823035,
        "std": 0.3178712674275787,
        "max": 4.944263875753588,
        "top5": [
          4.944263875753588,
          2.0224408784855057,
          1.7681707058371379,
          1.6017247166949922,
          1.4174226443211129
        ],
        "n_cols_sampled": 500
      }
    }
  ],
  "note": "Fisher score computed on training set only (no leakage)"
}