{
  "dataset": "citeseer",
  "k": 12,
  "split_type": "random",
  "component_type": "lcc",
  "num_seeds": 15,
  "num_splits": 5,
  "total_runs_per_method": 75,
  "metadata": {
    "d_effective": 1881,
    "ortho_error": 1.6818446635369355e-10,
    "num_components": 0,
    "num_nodes": 2120,
    "num_features": 3703,
    "num_classes": 6
  },
  "experiments": {
    "sgc_mlp_baseline": {
      "test_acc_mean": 0.7441824007034302,
      "test_acc_std": 0.020369982578642788,
      "val_acc_mean": 0.7602830330530802,
      "val_acc_std": 0.017947850444510558,
      "per_run_test_acc": [
        0.7334905862808228,
        0.7523584961891174,
        0.7641509771347046,
        0.7264150977134705,
        0.7523584961891174,
        0.7429245114326477,
        0.7264150977134705,
        0.7358490824699402,
        0.740566074848175,
        0.7476415038108826,
        0.7334905862808228,
        0.7216981053352356,
        0.7334905862808228,
        0.7523584961891174,
        0.7523584961891174,
        0.7334905862808228,
        0.7429245114326477,
        0.7641509771347046,
        0.7594339847564697,
        0.7641509771347046,
        0.75,
        0.7712264060974121,
        0.75,
        0.7476415038108826,
        0.7617924809455872,
        0.740566074848175,
        0.7570754885673523,
        0.7735849022865295,
        0.7570754885673523,
        0.7570754885673523,
        0.7853773832321167,
        0.775943398475647,
        0.7735849022865295,
        0.7641509771347046,
        0.7688679099082947,
        0.7712264060974121,
        0.7594339847564697,
        0.766509473323822,
        0.766509473323822,
        0.7900943756103516,
        0.7712264060974121,
        0.7688679099082947,
        0.7641509771347046,
        0.7712264060974121,
        0.7641509771347046,
        0.7264150977134705,
        0.7264150977134705,
        0.7193396091461182,
        0.7216981053352356,
        0.724056601524353,
        0.7382075786590576,
        0.6957547068595886,
        0.7193396091461182,
        0.7264150977134705,
        0.7287735939025879,
        0.7264150977134705,
        0.7146226763725281,
        0.724056601524353,
        0.7287735939025879,
        0.7358490824699402,
        0.7382075786590576,
        0.7452830076217651,
        0.7287735939025879,
        0.724056601524353,
        0.7547169923782349,
        0.7334905862808228,
        0.7358490824699402,
        0.7287735939025879,
        0.7287735939025879,
        0.6910377740859985,
        0.7122641801834106,
        0.7452830076217651,
        0.7311320900917053,
        0.724056601524353,
        0.7287735939025879
      ],
      "n_runs": 75,
      "train_acc_mean": 0.8438259681065877,
      "train_acc_std": 0.03864204474788406,
      "num_params": 1015558,
      "param_to_train_ratio": 798.3946540880503
    },
    "restricted_standard_mlp": {
      "test_acc_mean": 0.5709748530387878,
      "test_acc_std": 0.023201835483580225,
      "val_acc_mean": 0.5780817723274231,
      "val_acc_std": 0.0261883024329884,
      "per_run_test_acc": [
        0.573113203048706,
        0.6037735939025879,
        0.5330188870429993,
        0.5330188870429993,
        0.5566037893295288,
        0.5471698045730591,
        0.5471698045730591,
        0.5613207817077637,
        0.5566037893295288,
        0.5471698045730591,
        0.5495283007621765,
        0.5589622855186462,
        0.5377358794212341,
        0.5495283007621765,
        0.5424528121948242,
        0.5707547068595886,
        0.573113203048706,
        0.5589622855186462,
        0.5377358794212341,
        0.551886796951294,
        0.551886796951294,
        0.5660377740859985,
        0.5542452931404114,
        0.5542452931404114,
        0.5613207817077637,
        0.5542452931404114,
        0.5613207817077637,
        0.5400943756103516,
        0.5707547068595886,
        0.5566037893295288,
        0.6202830076217651,
        0.6037735939025879,
        0.5707547068595886,
        0.5778301954269409,
        0.6014150977134705,
        0.5707547068595886,
        0.5801886916160583,
        0.5801886916160583,
        0.573113203048706,
        0.5849056839942932,
        0.5660377740859985,
        0.5801886916160583,
        0.5754716992378235,
        0.5683962106704712,
        0.5896226763725281,
        0.5613207817077637,
        0.5683962106704712,
        0.5636792778968811,
        0.5495283007621765,
        0.5660377740859985,
        0.5683962106704712,
        0.5778301954269409,
        0.5542452931404114,
        0.5778301954269409,
        0.5589622855186462,
        0.5660377740859985,
        0.551886796951294,
        0.5306603908538818,
        0.5542452931404114,
        0.5306603908538818,
        0.5919811129570007,
        0.6226415038108826,
        0.5966981053352356,
        0.6132075786590576,
        0.6108490824699402,
        0.6061320900917053,
        0.6061320900917053,
        0.6061320900917053,
        0.5966981053352356,
        0.615566074848175,
        0.599056601524353,
        0.5849056839942932,
        0.6037735939025879,
        0.5872641801834106,
        0.599056601524353
      ],
      "n_runs": 75,
      "train_acc_mean": 0.9999999403953552,
      "train_acc_std": 0.0,
      "num_params": 549126,
      "param_to_train_ratio": 431.70283018867923
    },
    "restricted_rownorm_mlp": {
      "test_acc_mean": 0.6278616412480672,
      "test_acc_std": 0.019499237498811675,
      "val_acc_mean": 0.64188680489858,
      "val_acc_std": 0.024640044113808348,
      "per_run_test_acc": [
        0.6226415038108826,
        0.6132075786590576,
        0.6202830076217651,
        0.6485849022865295,
        0.6273584961891174,
        0.6179245114326477,
        0.5966981053352356,
        0.6132075786590576,
        0.6132075786590576,
        0.5778301954269409,
        0.6108490824699402,
        0.6273584961891174,
        0.6320754885673523,
        0.6132075786590576,
        0.6014150977134705,
        0.6273584961891174,
        0.5943396091461182,
        0.6202830076217651,
        0.6202830076217651,
        0.5849056839942932,
        0.5943396091461182,
        0.6415094137191772,
        0.6132075786590576,
        0.6202830076217651,
        0.6226415038108826,
        0.5849056839942932,
        0.6344339847564697,
        0.6438679099082947,
        0.6320754885673523,
        0.615566074848175,
        0.6320754885673523,
        0.6273584961891174,
        0.6438679099082947,
        0.6485849022865295,
        0.650943398475647,
        0.599056601524353,
        0.650943398475647,
        0.6202830076217651,
        0.6627358794212341,
        0.6674528121948242,
        0.6674528121948242,
        0.6603773832321167,
        0.6462264060974121,
        0.6556603908538818,
        0.6415094137191772,
        0.6297169923782349,
        0.615566074848175,
        0.6226415038108826,
        0.6556603908538818,
        0.6179245114326477,
        0.6108490824699402,
        0.6202830076217651,
        0.6014150977134705,
        0.6297169923782349,
        0.6415094137191772,
        0.6556603908538818,
        0.625,
        0.6320754885673523,
        0.6391509771347046,
        0.625,
        0.6391509771347046,
        0.6202830076217651,
        0.6037735939025879,
        0.6297169923782349,
        0.6415094137191772,
        0.6273584961891174,
        0.6367924809455872,
        0.6273584961891174,
        0.6485849022865295,
        0.6367924809455872,
        0.6297169923782349,
        0.6297169923782349,
        0.6627358794212341,
        0.6415094137191772,
        0.6320754885673523
      ],
      "n_runs": 75,
      "train_acc_mean": 0.9996016335487365,
      "train_acc_std": 0.0005350883194161554,
      "num_params": 548608,
      "param_to_train_ratio": 431.29559748427675
    }
  },
  "framework_analysis": {
    "sgc_mlp_acc_pct": 74.41824007034302,
    "restricted_std_acc_pct": 57.097485303878784,