{
  "fisher_score": 0.006467832864516179,
  "mean_fisher_score": 0.006467832864516179,
  "std_fisher_score": 0.0,
  "per_split": [
    {
      "split": 0,
      "fisher_score": 0.006467832864516179,
      "fisher_score_U": 0.006467832864516179,
      "between_class_variance": 0.000248146015246167,
      "within_class_variance": 0.038366176189793884,
      "per_feature_U_stats": {
        "mean": 0.000288551369817753,
        "std": 0.0002394575817483646,
        "max": 0.003299405572022243,
        "top5": [
          0.003299405572022243,
          0.0010759957528017232,
          0.0008517586591570038,
          0.0008438536959929027,
          0.0008222197476727424
        ]
      },
      "note": "Computed on training set only to prevent data leakage",
      "fisher_score_X_diffused": 0.03084820069883749,
      "between_class_variance_X": 0.025602967277749588,
      "within_class_variance_X": 0.8299663091440672,
      "per_feature_X_stats": {
        "mean": 0.0077365405503550064,
        "std": 0.00554006693075919,
        "max": 0.03200949735612619,
        "top5": [
          0.03200949735612619,
          0.029272283567022238,
          0.027371343921611502,
          0.023406434728239084,
          0.02333697255605831
        ],
        "n_cols_sampled": 300
      }
    }
  ],
  "note": "Fisher score computed on training set only (no leakage)"
}