{
  "dataset": "ogbn-arxiv",
  "k_eigenvectors": 80,
  "epochs": 100,
  "hidden_dim": 256,
  "batch_size": 128,
  "scheduler": "CosineAnnealingLR",
  "disconnected_components": 1,
  "test_accuracies": {
    "standard_train_scaled": 0.5594716668128967,
    "standard_full_scaled": 0.5768368244171143,
    "standard_no_scale": 0.05861778184771538,
    "standard_weighted": 0.3877332806587219,
    "rownorm": 0.6427792906761169,
    "cosine": 0.6505565643310547
  },
  "final_val_accuracies": {
    "standard_train_scaled": 0.5780395269393921,
    "standard_full_scaled": 0.5930399894714355,
    "standard_no_scale": 0.0762777253985405,
    "standard_weighted": 0.42055100202560425,
    "rownorm": 0.6469680070877075,
    "cosine": 0.6564313769340515
  },
  "best_val_accuracies": {
    "standard_train_scaled": 0.603409469127655,
    "standard_full_scaled": 0.6039799451828003,
    "standard_no_scale": 0.0762777253985405,
    "standard_weighted": 0.4942447543144226,
    "rownorm": 0.6480754017829895,
    "cosine": 0.6578744053840637
  },
  "checkpoint_accuracies": {
    "standard_train_scaled": {
      "10": 0.5093459486961365,
      "20": 0.48501625657081604,
      "40": 0.5569649934768677,
      "80": 0.5828382968902588
    },
    "standard_full_scaled": {
      "10": 0.5891808271408081,
      "20": 0.5986777544021606,
      "40": 0.5521661639213562,
      "80": 0.5930399894714355
    },
    "standard_no_scale": {
      "10": 0.0762777253985405,
      "20": 0.0762777253985405,
      "40": 0.0762777253985405,
      "80": 0.0762777253985405
    },
    "standard_weighted": {
      "10": 0.42249739170074463,
      "20": 0.40951037406921387,
      "40": 0.4054162800312042,
      "80": 0.42102083563804626
    },
    "rownorm": {
      "10": 0.6257256865501404,
      "20": 0.6092821359634399,
      "40": 0.6263632774353027,
      "80": 0.642907440662384
    },
    "cosine": {
      "10": 0.5987449288368225,
      "20": 0.6296519637107849,
      "40": 0.6236115097999573,
      "80": 0.6467331051826477
    }
  }
}