{
  "dataset": "coauthor-cs",
  "k": 20,
  "split_type": "random",
  "component_type": "lcc",
  "num_seeds": 15,
  "num_splits": 5,
  "total_runs_per_method": 75,
  "metadata": {
    "d_effective": 6210,
    "ortho_error": 3.7297853694440164e-10,
    "num_components": 0,
    "num_nodes": 18333,
    "num_features": 6805,
    "num_classes": 15
  },
  "experiments": {
    "sgc_mlp_baseline": {
      "test_acc_mean": 0.896961068312327,
      "test_acc_std": 0.004737116631352173,
      "val_acc_mean": 0.9026259501775106,
      "val_acc_std": 0.002950357089433613,
      "per_run_test_acc": [
        0.8909487128257751,
        0.8863140344619751,
        0.8950381278991699,
        0.889585554599762,
        0.8923118710517883,
        0.8868592977523804,
        0.8980370163917542,
        0.8980370163917542,
        0.8934023380279541,
        0.8904034495353699,
        0.8917666077613831,
        0.889585554599762,
        0.8969465494155884,
        0.8901308178901672,
        0.8920392394065857,
        0.9026716947555542,
        0.9013085961341858,
        0.9081242680549622,
        0.9037622213363647,
        0.9029443264007568,
        0.9007633328437805,
        0.9037622213363647,
        0.9026716947555542,
        0.9045801162719727,
        0.9070337414741516,
        0.9073063731193542,
        0.9010359644889832,
        0.9010359644889832,
        0.8991275429725647,
        0.9021264314651489,
        0.9004907011985779,
        0.89967280626297,
        0.8966739177703857,
        0.8988549113273621,
        0.8974918127059937,
        0.8974918127059937,
        0.9010359644889832,
        0.8955833911895752,
        0.8950381278991699,
        0.897219181060791,
        0.8966739177703857,
        0.9029443264007568,
        0.8966739177703857,
        0.8994001746177673,
        0.8983096480369568,
        0.9010359644889832,
        0.8944928646087646,
        0.8969465494155884,
        0.9018538594245911,
        0.8966739177703857,
        0.8947654962539673,
        0.8977643847465515,
        0.8934023380279541,
        0.8985822796821594,
        0.8958560228347778,
        0.9007633328437805,
        0.9023990631103516,
        0.9004907011985779,
        0.8983096480369568,
        0.8947654962539673,
        0.8917666077613831,
        0.8934023380279541,
        0.8923118710517883,
        0.892584502696991,
        0.8914939761161804,
        0.8928571343421936,
        0.8950381278991699,
        0.8934023380279541,
        0.894220232963562,
        0.8920392394065857,
        0.892584502696991,
        0.892584502696991,
        0.8980370163917542,
        0.8923118710517883,
        0.8961286544799805
      ],
      "n_runs": 75,
      "train_acc_mean": 0.9273400402069092,
      "train_acc_std": 0.003862085593519958,
      "num_params": 1811983,
      "param_to_train_ratio": 164.74070370033638
    },
    "restricted_standard_mlp": {
      "test_acc_mean": 0.777920724550883,
      "test_acc_std": 0.01685227384373851,
      "val_acc_mean": 0.7889034485816956,
      "val_acc_std": 0.019004906121410967,
      "per_run_test_acc": [
        0.7892584204673767,
        0.8001635670661926,
        0.7802616953849792,
        0.7908942103385925,
        0.7906215786933899,
        0.761722981929779,
        0.8012540340423584,
        0.8034350872039795,
        0.7701744437217712,
        0.7966193556785583,
        0.794438362121582,
        0.7925299406051636,
        0.8080697655677795,
        0.7908942103385925,
        0.7581788301467896,
        0.7649945020675659,
        0.7881678938865662,
        0.7756270170211792,
        0.7859869003295898,
        0.7562704086303711,
        0.7350054383277893,
        0.7475463151931763,
        0.7756270170211792,
        0.7764449119567871,
        0.7589967250823975,
        0.7805343270301819,
        0.7453652620315552,
        0.7778080105781555,
        0.7925299406051636,
        0.7603598237037659,
        0.7936204671859741,
        0.7821700572967529,
        0.7835332155227661,
        0.7990730404853821,
        0.7660850286483765,
        0.7669029235839844,
        0.7928025722503662,
        0.8099781274795532,
        0.7712649703025818,
        0.7960740923881531,
        0.802344560623169,
        0.7925299406051636,
        0.7666302919387817,
        0.7876226305961609,
        0.7753543853759766,
        0.7791711688041687,
        0.7805343270301819,
        0.7824426889419556,
        0.7674481868743896,
        0.7562704086303711,
        0.7609050869941711,
        0.7636314034461975,
        0.7775353789329529,
        0.7718102335929871,
        0.7519083619117737,
        0.8001635670661926,
        0.7818974852561951,
        0.7821700572967529,
        0.7906215786933899,
        0.7540894150733948,
        0.7600871920585632,
        0.7499999403953552,
        0.7838058471679688,
        0.8075245022773743,
        0.7535441517829895,
        0.7497273683547974,
        0.7840784788131714,
        0.7911668419837952,
        0.7723554968833923,
        0.7906215786933899,
        0.7838058471679688,
        0.7794438004493713,
        0.7729007601737976,
        0.767175555229187,
        0.7614503502845764
      ],
      "n_runs": 75,
      "train_acc_mean": 0.9972142696380615,
      "train_acc_std": 0.0012647377164937015,
      "num_params": 1659663,
      "param_to_train_ratio": 150.89217201563778
    },
    "restricted_rownorm_mlp": {
      "test_acc_mean": 0.7259105436007182,
      "test_acc_std": 0.018340486823164432,
      "val_acc_mean": 0.7384688258171082,
      "val_acc_std": 0.01624941669148148,
      "per_run_test_acc": [
        0.7377316951751709,
        0.7426390051841736,
        0.7058342099189758,
        0.7303707599639893,
        0.7189203500747681,
        0.7273718118667603,
        0.719738245010376,
        0.7251908183097839,
        0.717284619808197,
        0.7412758469581604,
        0.7262813448905945,
        0.759541928768158,
        0.7181024551391602,
        0.7134677767753601,
        0.7055615782737732,
        0.7284623384475708,
        0.7178298234939575,
        0.714285671710968,
        0.7022900581359863,
        0.7178298234939575,
        0.70419842004776,
        0.7001090049743652,
        0.7200108766555786,
        0.7101962566375732,
        0.7110141515731812,
        0.7208287715911865,
        0.7191929817199707,
        0.7121046781539917,
        0.7350054383277893,
        0.7456378936767578,
        0.6992911100387573,
        0.6984732747077942,
        0.7355507016181946,
        0.7437295317649841,
        0.7456378936767578,
        0.767175555229187,
        0.6952016949653625,
        0.7459105253219604,
        0.7091057300567627,
        0.7600871920585632,
        0.7238276600837708,
        0.714285671710968,
        0.7227371335029602,
        0.7450926899909973,
        0.7450926899909973,
        0.7219192981719971,
        0.7679934501647949,
        0.7099236249923706,
        0.7224645018577576,
        0.7107415199279785,
        0.7380043268203735,
        0.7508178353309631,
        0.7227371335029602,
        0.7093783617019653,
        0.7464557886123657,
        0.7082878947257996,
        0.7328243851661682,
        0.7153761982917786,
        0.7061068415641785,
        0.7050163149833679,
        0.7309160232543945,
        0.7044710516929626,
        0.707197368144989,
        0.70419842004776,
        0.7284623384475708,
        0.7508178353309631,
        0.7052889466285706,
        0.7731733322143555,
        0.7401853799819946,
        0.7371864318847656,
        0.7396401166915894,
        0.7557251453399658,
        0.7219192981719971,
        0.7380043268203735,
        0.7385495901107788
      ],
      "n_runs": 75,
      "train_acc_mean": 0.9843937118848165,
      "train_acc_std": 0.026562100673870014,
      "num_params": 1659136,
      "param_to_train_ratio": 150.8442585689608
    }
  },