{
  "fisher_score": 0.040417382682872774,
  "std_fisher_score": 0.0,
  "per_split": [
    {
      "split": 0,
      "fisher_score": 0.040417382682872774,
      "fisher_score_U": 0.040417382682872774,
      "between_class_variance": 0.00047127357839144224,
      "within_class_variance": 0.011660170627306569,
      "per_feature_U_stats": {
        "mean": 0.0878078097949782,
        "std": 0.06960914375471393,
        "max": 0.8574001445111649,
        "top5": [
          0.8574001445111649,
          0.5157675366576481,
          0.4582664253952468,
          0.4575208101371072,
          0.45511087945444445
        ]
      },
      "note": "Computed on training set only to prevent data leakage",
      "fisher_score_X_diffused": 0.06388416843369865,
      "between_class_variance_X": 0.010839250406613089,
      "within_class_variance_X": 0.16967036861194276,
      "per_feature_X_stats": {
        "mean": 0.19701291520343903,
        "std": 0.26613727571344137,
        "max": 4.61934036889515,
        "top5": [
          4.61934036889515,
          1.4712894000704373,
          1.2202143955452696,
          1.1793604783710587,
          1.1208460859226514
        ],
        "n_cols_sampled": 500
      }
    }
  ],
  "note": "Fisher score computed on training set only (no leakage)"
}