{
  "fisher_score": 0.011651001455108202,
  "mean_fisher_score": 0.011651001455108202,
  "std_fisher_score": 0.0,
  "per_split": [
    {
      "split": 0,
      "fisher_score": 0.011651001455108202,
      "fisher_score_U": 0.011651001455108202,
      "between_class_variance": 0.003175608766855336,
      "within_class_variance": 0.2725610136683177,
      "per_feature_U_stats": {
        "mean": 0.0016662824594003579,
        "std": 0.002796982982349388,
        "max": 0.05759368768189821,
        "top5": [
          0.05759368768189821,
          0.02396515470462081,
          0.022992244039640435,
          0.020155104227007354,
          0.019649513601884067
        ]
      },
      "note": "Computed on training set only to prevent data leakage",
      "fisher_score_X_diffused": 0.02383209527964153,
      "between_class_variance_X": 0.009074983532638659,
      "within_class_variance_X": 0.38078832037865035,
      "per_feature_X_stats": {
        "mean": 0.007290061146288483,
        "std": 0.026662059555889787,
        "max": 0.48943364937738876,
        "top5": [
          0.48943364937738876,
          0.2538512126420559,
          0.10349168020442825,
          0.10055803233738703,
          0.09882423114023013
        ],
        "n_cols_sampled": 500
      }
    }
  ],
  "note": "Fisher score computed on training set only (no leakage)"
}