{
  "dataset": "citeseer",
  "diffusion_type": "cmg",
  "k": 8,
  "num_seeds": 3,
  "num_splits": 3,
  "avg_diffusion_time": NaN,
  "results": {
    "a_raw_std": {
      "mean": 0.6815148591995239,
      "std": 0.017397132328164176
    },
    "b_restricted_std": {
      "mean": 0.35985986722840196,
      "std": 0.01525226885332295
    },
    "c_restricted_rownorm": {
      "mean": 0.676843523979187,
      "std": 0.003884030626818783
    }
  }
}