{
  "dataset": "coauthor-cs",
  "num_seeds": 3,
  "num_splits": 3,
  "results": {
    "a_raw_std": {
      "mean": 0.9394159250789218,
      "std": 0.0023724648657251924
    },
    "b_restricted_std": {
      "mean": 0.699200259314643,
      "std": 0.002000651119057454
    },
    "c_restricted_rownorm": {
      "mean": 0.8422088556819493,
      "std": 0.0015248518645945039
    }
  }
}