{
  "experiments": {
    "sgc_baseline_k2": {
      "aggregated": {
        "test_acc_mean": 0.7708000302314758,
        "test_acc_std": 0.0024819363968858112,
        "val_acc_mean": 0.7716000318527222,
        "val_acc_std": 0.002332393662363981
      },
      "metadata": {
        "k": 2
      }
    },
    "sgc_mlp_k2": {
      "aggregated": {
        "test_acc_mean": 0.7104000449180603,
        "test_acc_std": 0.019530494261747508,
        "val_acc_mean": 0.7296000361442566,
        "val_acc_std": 0.0086162473944515
      },
      "metadata": {
        "k": 2
      }
    },
    "sgc_baseline": {
      "aggregated": {
        "test_acc_mean": 0.7516000270843506,
        "test_acc_std": 0.001356471382066673,
        "val_acc_mean": 0.7604000449180603,
        "val_acc_std": 0.0026533016150791424
      },
      "metadata": {
        "k": 10
      }
    },
    "sgc_mlp_baseline": {
      "aggregated": {
        "test_acc_mean": 0.7634000420570374,
        "test_acc_std": 0.00811417731298661,
        "val_acc_mean": 0.7956000447273255,
        "val_acc_std": 0.01046134493525102
      },
      "metadata": {
        "k": 10
      }
    },
    "restricted_standard_mlp": {
      "aggregated": {
        "test_acc_mean": 0.46700002551078795,
        "test_acc_std": 0.004979967537595411,
        "val_acc_mean": 0.46960002183914185,
        "val_acc_std": 0.0040792145261015844
      },
      "metadata": {
        "d_effective": 500,
        "ortho_error": 4.2468206729040503e-10,
        "radius_info": {
          "mean": 0.14337067415302637,
          "std": 0.10033942779109238,
          "min": 0.015364193741523879,
          "max": 0.8836384614246051,
          "percentiles": {
            "25": 0.07558420946290427,
            "50": 0.1204629727468907,
            "75": 0.17902448804281074
          }
        }
      }
    },
    "rownorm_baseline": {
      "aggregated": {
        "test_acc_mean": 0.5058000266551972,
        "test_acc_std": 0.008885944524360622,
        "val_acc_mean": 0.528000020980835,
        "val_acc_std": 0.01609968652361765
      },
      "metadata": {
        "d_effective": 500,
        "ortho_error": 4.2468206729040503e-10,
        "radius_info": {
          "mean": 0.14337067415302637,
          "std": 0.10033942779109238,
          "min": 0.015364193741523879,
          "max": 0.8836384614246051,
          "percentiles": {
            "25": 0.07558420946290427,
            "50": 0.1204629727468907,
            "75": 0.17902448804281074
          }
        }
      }
    },
    "rownorm_radius_weighted": {
      "aggregated": {
        "test_acc_mean": 0.4948000192642212,
        "test_acc_std": 0.016892601938931426,
        "val_acc_mean": 0.52680002450943,
        "val_acc_std": 0.011771146674304588
      },
      "metadata": {
        "d_effective": 500,
        "ortho_error": 4.2468206729040503e-10,
        "radius_info": {
          "mean": 0.14337067415302637,
          "std": 0.10033942779109238,
          "min": 0.015364193741523879,
          "max": 0.8836384614246051,
          "percentiles": {
            "25": 0.07558420946290427,
            "50": 0.1204629727468907,
            "75": 0.17902448804281074
          }
        },
        "weight_info": {
          "mean": 0.016666666666666666,
          "std": 0.005516339166195745,
          "min": 0.00984996117552533,
          "max": 0.0328332034293629
        }
      }
    },
    "logmag_baseline": {
      "aggregated": {
        "test_acc_mean": 0.49800002574920654,
        "test_acc_std": 0.010733132493968688,
        "val_acc_mean": 0.5256000280380249,
        "val_acc_std": 0.005276357712891961
      },
      "metadata": {
        "d_effective": 500,
        "ortho_error": 4.2468206729040503e-10,
        "radius_info": {
          "mean": 0.14337067415302637,
          "std": 0.10033942779109238,
          "min": 0.015364193741523879,
          "max": 0.8836384614246051,
          "percentiles": {
            "25": 0.07558420946290427,
            "50": 0.1204629727468907,
            "75": 0.17902448804281074
          }
        }
      }
    },
    "logmag_radius_weighted": {
      "aggregated": {
        "test_acc_mean": 0.4992000162601471,
        "test_acc_std": 0.006337189036634777,
        "val_acc_mean": 0.5212000250816345,
        "val_acc_std": 0.014729571567069975
      },
      "metadata": {
        "d_effective": 500,
        "ortho_error": 4.2468206729040503e-10,
        "radius_info": {
          "mean": 0.14337067415302637,
          "std": 0.10033942779109238,
          "min": 0.015364193741523879,
          "max": 0.8836384614246051,
          "percentiles": {
            "25": 0.07558420946290427,
            "50": 0.1204629727468907,
            "75": 0.17902448804281074
          }
        },
        "weight_info": {
          "mean": 0.016666666666666666,
          "std": 0.005516339166195745,
          "min": 0.00984996117552533,
          "max": 0.0328332034293629
        }
      }
    },
    "nested_baseline": {
      "aggregated": {
        "test_acc_mean": 0.5234000205993652,
        "test_acc_std": 0.011842306879952327,
        "val_acc_mean": 0.5604000210762023,
        "val_acc_std": 0.011825406654258554
      },
      "metadata": {
        "d_effective": 500,
        "ortho_error": 4.2468206729040503e-10,
        "radius_info": {
          "mean": 0.14337067415302637,
          "std": 0.10033942779109238,
          "min": 0.015364193741523879,
          "max": 0.8836384614246051,
          "percentiles": {
            "25": 0.07558420946290427,
            "50": 0.1204629727468907,
            "75": 0.17902448804281074
          }
        },
        "alpha": 1.0,
        "beta": 1.0
      }
    },
    "nested_radius_weighted": {
      "aggregated": {
        "test_acc_mean": 0.5064000129699707,
        "test_acc_std": 0.015679285160336516,
        "val_acc_mean": 0.5512000322341919,
        "val_acc_std": 0.010244988357907598
      },
      "metadata": {
        "d_effective": 500,
        "ortho_error": 4.2468206729040503e-10,
        "radius_info": {
          "mean": 0.14337067415302637,
          "std": 0.10033942779109238,
          "min": 0.015364193741523879,
          "max": 0.8836384614246051,
          "percentiles": {
            "25": 0.07558420946290427,
            "50": 0.1204629727468907,
            "75": 0.17902448804281074
          }
        },
        "weight_info": {
          "mean": 0.016666666666666666,
          "std": 0.005516339166195745,
          "min": 0.00984996117552533,
          "max": 0.0328332034293629
        },
        "alpha": 1.0,
        "beta": 1.0
      }
    }
  },
  "metadata": {
    "dataset": "pubmed",
    "split_type": "fixed",
    "component_type": "lcc",
    "k_diffusion": 10,
    "num_nodes": 19717,
    "num_features": 500,
    "num_classes": 3,
    "num_components": 0,
    "num_seeds": 5,
    "radius_min_weight": 0.3,
    "radius_max_weight": 1.0,
    "hyperparameters": {
      "hidden_dim": 256,
      "epochs": 200,
      "learning_rate": 0.01,
      "weight_decay": 0.0005
    }
  },
  "framework_analysis": {
    "oversmoothing_sgc": -1.9200003147125244,
    "oversmoothing_mlp": 5.299999713897705,
    "k_reference": 2,
    "k_diffusion": 10,
    "part_a": -29.64000165462494,
    "part_b": 3.880000114440925,
    "part_b5": 3.100000023841858,
    "part_b6": 5.63999950885772,
    "part_b7_rownorm": -1.1000007390976023,
    "part_b7_logmag": 0.11999905109405518,
    "part_b7_nested": -1.700000762939446,
    "gap_restricted_std": -29.64000165462494,
    "gap_rownorm": -25.760001540184014,
    "gap_rownorm_radius": -26.860002279281616,
    "gap_logmag": -26.54000163078308,
    "gap_logmag_radius": -26.420002579689026,
    "gap_nested": -24.00000214576722,
    "gap_nested_radius": -25.700002908706665,
    "hypothesis_simple_confirmed": 0,
    "hypothesis_complex_confirmed": 0
  }
}