{
  "dataset": "ogbn-arxiv",
  "k": 4,
  "num_splits": 5,
  "num_seeds": 5,
  "total_runs": 25,
  "precompute_time": 3.905308246612549,
  "sgc_baseline": {
    "test_acc_mean": 0.5585426783561707,
    "test_acc_std": 0.0030610065777210544,
    "val_acc_mean": 0.5600814914703369,
    "val_acc_std": 0.0025624697766493823,
    "train_time_mean": 0.15303655624389648,
    "train_time_std": 0.004267650906492669
  },
  "rownorm_mlp": {
    "test_acc_mean": 0.7212754774093628,
    "test_acc_std": 0.0026288646084347504,
    "val_acc_mean": 0.7241136145591736,
    "val_acc_std": 0.001207956000243949,
    "train_time_mean": 3.241634979248047,
    "train_time_std": 0.6881798380584798
  },
  "improvement": {
    "absolute_pp": 16.273279905319214,
    "relative_percent": 29.135248810731152
  }
}