{
  "dataset": "wikics",
  "k": 6,
  "split_type": "fixed",
  "component_type": "lcc",
  "num_seeds": 15,
  "num_splits": 1,
  "total_runs_per_method": 15,
  "metadata": {
    "d_effective": 300,
    "ortho_error": 8.586974464819264e-10,
    "num_components": 0,
    "num_nodes": 11311,
    "num_features": 300,
    "num_classes": 10
  },
  "experiments": {
    "sgc_mlp_baseline": {
      "test_acc_mean": 0.7749837835629781,
      "test_acc_std": 0.003184037288654314,
      "val_acc_mean": 0.7989077726999919,
      "val_acc_std": 0.0028956254942784088,
      "per_run_test_acc": [
        0.7782893776893616,
        0.7786435484886169,
        0.7719143033027649,
        0.775810182094574,
        0.7777581214904785,
        0.7788206338882446,
        0.7749247550964355,
        0.7692580223083496,
        0.7756330966949463,
        0.7742164134979248,
        0.7749247550964355,
        0.7699663639068604,
        0.7704976201057434,
        0.7789977192878723,
        0.7751018404960632
      ],
      "n_runs": 15,
      "train_acc_mean": 0.8671419898668925,
      "train_acc_std": 0.012347455660541833,
      "num_params": 145418,
      "param_to_train_ratio": 259.2121212121212
    },
    "restricted_standard_mlp": {
      "test_acc_mean": 0.6298919916152954,
      "test_acc_std": 0.004913494949052449,
      "val_acc_mean": 0.6364735881487529,
      "val_acc_std": 0.004589829054506431,
      "per_run_test_acc": [
        0.6344962120056152,
        0.6164335012435913,
        0.6337878704071045,
        0.6325482726097107,
        0.6282982230186462,
        0.6330795288085938,
        0.6286523938179016,
        0.6350274682044983,
        0.6364441514015198,
        0.6267044544219971,
        0.6286523938179016,
        0.62953782081604,
        0.6311315894126892,
        0.6300690770149231,
        0.6235169172286987
      ],
      "n_runs": 15,
      "train_acc_mean": 0.9544860164324442,
      "train_acc_std": 0.005078044970536348,
      "num_params": 145418,
      "param_to_train_ratio": 259.2121212121212
    },
    "restricted_rownorm_mlp": {
      "test_acc_mean": 0.6080160538355509,
      "test_acc_std": 0.004578643523455508,
      "val_acc_mean": 0.6161497950553894,
      "val_acc_std": 0.003774014594451119,
      "per_run_test_acc": [
        0.6049229502677917,
        0.6082875728607178,
        0.6089959144592285,
        0.6008500456809998,
        0.6022667288780212,
        0.6125376224517822,
        0.6120063662528992,
        0.6061625480651855,
        0.6180272698402405,
        0.6120063662528992,
        0.6084646582603455,
        0.6004958748817444,
        0.6077563166618347,
        0.61041259765625,
        0.607047975063324
      ],
      "n_runs": 15,
      "train_acc_mean": 0.9946523944536845,
      "train_acc_std": 0.0057852260881905765,
      "num_params": 144896,
      "param_to_train_ratio": 258.2816399286988
    }
  },
  "framework_analysis": {
    "sgc_mlp_acc_pct": 77.49837835629782,
    "restricted_std_acc_pct": 62.98919916152954,
    "restricted_rownorm_acc_pct": 60.80160538355509,
    "part_a_pp": 14.50917919476828,
    "part_b_pp": -2.187593777974449,
    "remaining_gap_pp": 16.69677297274273
  }
}