{
  "fisher_score": 0.09738394878577403,
  "std_fisher_score": 0.007815906195061997,
  "per_split": [
    {
      "split": 0,
      "fisher_score": 0.08289794977462797,
      "fisher_score_U": 0.08289794977462797,
      "between_class_variance": 0.00015731879971184475,
      "within_class_variance": 0.00189774053688351,
      "per_feature_U_stats": {
        "mean": 0.04324412695876816,
        "std": 0.021055582363307183,
        "max": 0.1707939926996747,
        "top5": [
          0.1707939926996747,
          0.15326774392380865,
          0.1481059886392622,
          0.12916805979631316,
          0.123825204991093
        ]
      },
      "note": "Computed on training set only to prevent data leakage",
      "fisher_score_X_diffused": 0.04027798226187525,
      "between_class_variance_X": 0.044218947744627986,
      "within_class_variance_X": 1.0978441635216425,
      "per_feature_X_stats": {
        "mean": 0.23224614155713671,
        "std": 0.1334237504269378,
        "max": 0.7937763094982485,
        "top5": [
          0.7937763094982485,
          0.7470147852130734,
          0.7301450288056737,
          0.6916152326276296,
          0.6780210160540008
        ],
        "n_cols_sampled": 300
      }
    },
    {
      "split": 1,
      "fisher_score": 0.09818205226265524,
      "fisher_score_U": 0.09818205226265524,
      "between_class_variance": 0.00019860498492844545,
      "within_class_variance": 0.00202282372746844,
      "per_feature_U_stats": {
        "mean": 0.048472758046969586,
        "std": 0.023788492440507555,
        "max": 0.20451035717352545,
        "top5": [
          0.20451035717352545,
          0.1687483631142714,
          0.14801924411743728,
          0.1384035627537745,
          0.11926461513095411
        ]
      },
      "note": "Computed on training set only to prevent data leakage",
      "fisher_score_X_diffused": 0.03873641121917249,
      "between_class_variance_X": 0.04137873152445326,
      "within_class_variance_X": 1.0682128318581294,
      "per_feature_X_stats": {
        "mean": 0.23179732948371423,
        "std": 0.139004369607816,
        "max": 0.8334093411859852,
        "top5": [
          0.8334093411859852,
          0.8125241727661402,
          0.7913695516014193,
          0.7189667679412806,
          0.7057432564980539
        ],
        "n_cols_sampled": 300
      }
    },
    {
      "split": 2,
      "fisher_score": 0.09819495499512519,
      "fisher_score_U": 0.09819495499512519,
      "between_class_variance": 0.00018999109873326454,
      "within_class_variance": 0.00193483564143083,
      "per_feature_U_stats": {
        "mean": 0.04894262376468131,
        "std": 0.02200073023845068,
        "max": 0.15839337212885346,
        "top5": [
          0.15839337212885346,
          0.14596453838028117,
          0.14020583262780303,
          0.13802782530218957,
          0.1093663274176051
        ]
      },
      "note": "Computed on training set only to prevent data leakage",
      "fisher_score_X_diffused": 0.04218116169369177,
      "between_class_variance_X": 0.04377442299232355,
      "within_class_variance_X": 1.037771868641305,
      "per_feature_X_stats": {
        "mean": 0.2340548143975423,
        "std": 0.13437654680547978,
        "max": 0.8128542014518723,
        "top5": [
          0.8128542014518723,
          0.7772798350755067,
          0.7477671262449943,
          0.6825807350808533,
          0.6624385202268729
        ],
        "n_cols_sampled": 300
      }
    },
    {
      "split": 3,
      "fisher_score": 0.10620943568965265,
      "fisher_score_U": 0.10620943568965265,
      "between_class_variance": 0.00021010524580531922,
      "within_class_variance": 0.0019782163838931734,
      "per_feature_U_stats": {
        "mean": 0.05274259718530827,
        "std": 0.024790868633095816,
        "max": 0.1694557119288908,
        "top5": [
          0.1694557119288908,
          0.15609042670032003,
          0.15107687515879922,
          0.13489871487669383,
          0.1269699351354916
        ]
      },
      "note": "Computed on training set only to prevent data leakage",
      "fisher_score_X_diffused": 0.036949382249020314,
      "between_class_variance_X": 0.0412201370488247,
      "within_class_variance_X": 1.1155839296857966,
      "per_feature_X_stats": {
        "mean": 0.22750769235943494,
        "std": 0.13826254499054091,
        "max": 0.8620049688549616,
        "top5": [
          0.8620049688549616,
          0.8442355663351487,
          0.7928937024441702,
          0.6910728254437971,
          0.6508618876999747
        ],
        "n_cols_sampled": 300
      }
    },
    {
      "split": 4,
      "fisher_score": 0.10143535120680913,
      "fisher_score_U": 0.10143535120680913,
      "between_class_variance": 0.00020548350520110636,
      "within_class_variance": 0.0020257583057228345,
      "per_feature_U_stats": {
        "mean": 0.04819000300936687,
        "std": 0.0216861368589313,
        "max": 0.15602190267135402,
        "top5": [
          0.15602190267135402,
          0.14740725152936085,
          0.129211536443475,
          0.11430501010685248,
          0.10909042685265545
        ]
      },
      "note": "Computed on training set only to prevent data leakage",
      "fisher_score_X_diffused": 0.03816618784601912,
      "between_class_variance_X": 0.04028628631324445,
      "within_class_variance_X": 1.055549128348339,
      "per_feature_X_stats": {
        "mean": 0.22850301659036484,
        "std": 0.13692986694681777,
        "max": 0.8760841980823063,
        "top5": [
          0.8760841980823063,
          0.8173501481384358,
          0.792667899130286,
          0.7037478776665655,
          0.648282884589664
        ],
        "n_cols_sampled": 300
      }
    }
  ],
  "note": "Fisher score computed on training set only (no leakage)"
}