{
  "metadata": {
    "dataset": "cora",
    "k": 1,
    "split_type": "fixed",
    "num_splits": 1,
    "num_seeds": 15,
    "num_nodes_lcc": 2485,
    "num_classes": 7,
    "epochs": 500,
    "patience": 100,
    "lr": 0.01,
    "wd": 0.0005,
    "hidden_dim": 256,
    "whitening_eps": 1e-06,
    "bug_fix": "double_self_loop_fixed_imports_src_graph_utils",
    "timestamp": "2026-03-05T21:25:24.976649"
  },
  "aggregated": {
    "original": {
      "MLP": {
        "test_acc_mean": 0.7727504849433899,
        "test_acc_std_across_splits": 0.0,
        "test_acc_std_within_seeds": 0.006415791345057393
      },
      "MLP+RowNorm": {
        "test_acc_mean": 0.7675045768419901,
        "test_acc_std_across_splits": 0.0,
        "test_acc_std_within_seeds": 0.009721792648466633
      },
      "Linear": {
        "test_acc_mean": 0.7295446554819743,
        "test_acc_std_across_splits": 0.0,
        "test_acc_std_within_seeds": 0.005170476325859631
      },
      "Linear+RN": {
        "test_acc_mean": 0.7252459406852723,
        "test_acc_std_across_splits": 0.0,
        "test_acc_std_within_seeds": 0.023649024860828188
      }
    },
    "pca_whiten": {
      "MLP": {
        "test_acc_mean": 0.7493625044822693,
        "test_acc_std_across_splits": 0.0,
        "test_acc_std_within_seeds": 0.005582225956504775
      },
      "MLP+RowNorm": {
        "test_acc_mean": 0.759052844842275,
        "test_acc_std_across_splits": 0.0,
        "test_acc_std_within_seeds": 0.011194347439654355
      },
      "Linear": {
        "test_acc_mean": 0.6700182318687439,
        "test_acc_std_across_splits": 0.0,
        "test_acc_std_within_seeds": 0.027540019140568122
      },
      "Linear+RN": {
        "test_acc_mean": 0.7018579363822937,
        "test_acc_std_across_splits": 0.0,
        "test_acc_std_within_seeds": 0.00043716430664062503
      }
    },
    "zca_whiten": {
      "MLP": {
        "test_acc_mean": 0.7319490194320679,
        "test_acc_std_across_splits": 0.0,
        "test_acc_std_within_seeds": 0.007865485114586535
      },
      "MLP+RowNorm": {
        "test_acc_mean": 0.4714025636514028,
        "test_acc_std_across_splits": 0.0,
        "test_acc_std_within_seeds": 0.015387041103619442
      },
      "Linear": {
        "test_acc_mean": 0.09726776281992594,
        "test_acc_std_across_splits": 0.0,
        "test_acc_std_within_seeds": 0.009178593544132304
      },
      "Linear+RN": {
        "test_acc_mean": 0.0969034641981125,
        "test_acc_std_across_splits": 0.0,
        "test_acc_std_within_seeds": 0.007887719075021895
      }
    },
    "full_zca": {
      "MLP": {
        "test_acc_mean": 0.3421493748823802,
        "test_acc_std_across_splits": 0.0,
        "test_acc_std_within_seeds": 0.011555562661868158
      },
      "MLP+RowNorm": {
        "test_acc_mean": 0.3376320719718933,
        "test_acc_std_across_splits": 0.0,
        "test_acc_std_within_seeds": 0.013524068195680415
      },
      "Linear": {
        "test_acc_mean": 0.24335155586401622,
        "test_acc_std_across_splits": 0.0,
        "test_acc_std_within_seeds": 0.02510227131774188
      },
      "Linear+RN": {
        "test_acc_mean": 0.29930784503618874,
        "test_acc_std_across_splits": 0.0,
        "test_acc_std_within_seeds": 0.0012535304839870777
      }
    },
    "rayleigh_ritz": {
      "MLP": {
        "test_acc_mean": 0.31715848445892336,
        "test_acc_std_across_splits": 0.0,
        "test_acc_std_within_seeds": 0.024791166118733825
      },
      "MLP+RowNorm": {
        "test_acc_mean": 0.31395265062650046,
        "test_acc_std_across_splits": 0.0,
        "test_acc_std_within_seeds": 0.017438306725396317
      },
      "Linear": {
        "test_acc_mean": 0.20335155129432678,
        "test_acc_std_across_splits": 0.0,
        "test_acc_std_within_seeds": 0.03720444122209143
      },
      "Linear+RN": {
        "test_acc_mean": 0.23948998848597208,
        "test_acc_std_across_splits": 0.0,
        "test_acc_std_within_seeds": 0.0030093800482421176
      }
    }
  },
  "splits": [
    {
      "split_i": 0,
      "n_train": 122,
      "d_eff": 1427,
      "ortho_error": 1.6218537624013152e-10,
      "results": {
        "original": {
          "MLP": {
            "test_acc_mean": 0.7727504849433899,
            "test_acc_std": 0.006415791345057393
          },
          "MLP+RowNorm": {
            "test_acc_mean": 0.7675045768419901,
            "test_acc_std": 0.009721792648466633
          },
          "Linear": {
            "test_acc_mean": 0.7295446554819743,
            "test_acc_std": 0.005170476325859631
          },
          "Linear+RN": {
            "test_acc_mean": 0.7252459406852723,
            "test_acc_std": 0.023649024860828188
          }
        },
        "pca_whiten": {
          "MLP": {
            "test_acc_mean": 0.7493625044822693,
            "test_acc_std": 0.005582225956504775
          },
          "MLP+RowNorm": {
            "test_acc_mean": 0.759052844842275,
            "test_acc_std": 0.011194347439654355
          },
          "Linear": {
            "test_acc_mean": 0.6700182318687439,
            "test_acc_std": 0.027540019140568122
          },
          "Linear+RN": {
            "test_acc_mean": 0.7018579363822937,
            "test_acc_std": 0.00043716430664062503
          }
        },
        "zca_whiten": {
          "MLP": {
            "test_acc_mean": 0.7319490194320679,
            "test_acc_std": 0.007865485114586535
          },
          "MLP+RowNorm": {
            "test_acc_mean": 0.4714025636514028,
            "test_acc_std": 0.015387041103619442
          },
          "Linear": {
            "test_acc_mean": 0.09726776281992594,
            "test_acc_std": 0.009178593544132304
          },
          "Linear+RN": {
            "test_acc_mean": 0.0969034641981125,
            "test_acc_std": 0.007887719075021895
          }
        },
        "full_zca": {
          "MLP": {
            "test_acc_mean": 0.3421493748823802,
            "test_acc_std": 0.011555562661868158
          },
          "MLP+RowNorm": {
            "test_acc_mean": 0.3376320719718933,
            "test_acc_std": 0.013524068195680415
          },
          "Linear": {
            "test_acc_mean": 0.24335155586401622,
            "test_acc_std": 0.02510227131774188
          },
          "Linear+RN": {
            "test_acc_mean": 0.29930784503618874,
            "test_acc_std": 0.0012535304839870777
          }
        },
        "rayleigh_ritz": {
          "MLP": {
            "test_acc_mean": 0.31715848445892336,
            "test_acc_std": 0.024791166118733825
          },
          "MLP+RowNorm": {
            "test_acc_mean": 0.31395265062650046,
            "test_acc_std": 0.017438306725396317
          },
          "Linear": {
            "test_acc_mean": 0.20335155129432678,
            "test_acc_std": 0.03720444122209143
          },
          "Linear+RN": {
            "test_acc_mean": 0.23948998848597208,
            "test_acc_std": 0.0030093800482421176
          }
        }
      },
      "gram_checks": {
        "original": {
          "K_is_approximately_identity": false,
          "K_dist_from_1_mean": 0.9574609994888306,
          "K_condition_number": 4382921.5,
          "wadia_regime": "n<=d"
        },
        "pca_whiten": {
          "K_is_approximately_identity": true,
          "K_dist_from_1_mean": 1.6994712837004045e-07,
          "K_condition_number": 1.0000009536743164,
          "wadia_regime": "n<=d"
        },
        "zca_whiten": {
          "K_is_approximately_identity": true,
          "K_dist_from_1_mean": 0.008196750655770302,
          "K_condition_number": 6350443.0,
          "wadia_regime": "n<=d"
        },
        "full_zca": {
          "K_is_approximately_identity": false,
          "K_dist_from_1_mean": 10.540660858154297,
          "K_condition_number": 9074724.0,
          "wadia_regime": "n<=d"
        },