{
  "dataset": "ogbn-arxiv",
  "k": 20,
  "split_type": "random",
  "component_type": "lcc",
  "num_seeds": 15,
  "num_splits": 5,
  "total_runs_per_method": 75,
  "metadata": {
    "d_effective": 128,
    "ortho_error": 1.5332566327685981e-09,
    "num_components": 0,
    "num_nodes": 169343,
    "num_features": 128,
    "num_classes": 40
  },
  "experiments": {
    "sgc_mlp_baseline": {
      "test_acc_mean": 0.709578993320465,
      "test_acc_std": 0.0024910372528854337,
      "val_acc_mean": 0.7126719339688619,
      "val_acc_std": 0.0013083048509804223,
      "per_run_test_acc": [
        0.7146737575531006,
        0.7090050578117371,
        0.7108060121536255,
        0.7120755910873413,
        0.7133451700210571,
        0.7111603617668152,
        0.7127546668052673,
        0.7109536528587341,
        0.7115736603736877,
        0.7120755910873413,
        0.711307942867279,
        0.7123118042945862,
        0.7100679278373718,
        0.7131680250167847,
        0.7113670110702515,
        0.7060525417327881,
        0.7059049606323242,
        0.7062592506408691,
        0.7090345621109009,
        0.7083849906921387,
        0.7090936303138733,
        0.7078831195831299,
        0.707646906375885,
        0.7073221206665039,
        0.7062592506408691,
        0.7075878381729126,
        0.7087393403053284,
        0.7084440588951111,
        0.707440197467804,
        0.7064363956451416,
        0.7097726464271545,
        0.7121050953865051,
        0.7091231346130371,
        0.7101860046386719,
        0.7115441560745239,
        0.7098022103309631,
        0.7103927135467529,
        0.7101860046386719,
        0.7079716920852661,
        0.7108945846557617,
        0.711662232875824,
        0.7109536528587341,
        0.7107174396514893,
        0.7121050953865051,
        0.7111603617668152,
        0.7050487399101257,
        0.7058753967285156,
        0.7090640664100647,
        0.7073811888694763,
        0.7033658027648926,
        0.7077649831771851,
        0.7069973349571228,
        0.7061116099357605,
        0.7071449756622314,
        0.7063183188438416,
        0.707528829574585,
        0.7064068913459778,
        0.7072335481643677,
        0.705137312412262,
        0.7067021131515503,
        0.7119870185852051,
        0.7132565975189209,
        0.7089164853096008,
        0.7124298810958862,
        0.7117213010787964,
        0.7124003767967224,
        0.7119870185852051,
        0.710510790348053,
        0.7091526389122009,
        0.710038423538208,
        0.7144671082496643,
        0.7119575142860413,
        0.7116327285766602,
        0.7117803692817688,
        0.7103927135467529
      ],
      "n_runs": 75,
      "train_acc_mean": 0.7278086535135905,
      "train_acc_std": 0.0020759316573376956,
      "num_params": 109096,
      "param_to_train_ratio": 1.073726686678805
    },
    "restricted_standard_mlp": {
      "test_acc_mean": 0.7234788044293722,
      "test_acc_std": 0.0028175940966786842,
      "val_acc_mean": 0.7268241326014201,
      "val_acc_std": 0.0014157551627198921,
      "per_run_test_acc": [
        0.7258636355400085,
        0.7269560098648071,
        0.7269265055656433,
        0.7261883616447449,
        0.7266902923583984,
        0.7263360023498535,
        0.7251254916191101,
        0.7266607880592346,
        0.725361704826355,
        0.7245645523071289,
        0.7260702848434448,
        0.7249188423156738,
        0.7267788648605347,
        0.727310299873352,
        0.7256274223327637,
        0.719545304775238,
        0.7200177311897278,
        0.7201948761940002,
        0.7202243804931641,
        0.7198700904846191,
        0.7211691737174988,
        0.7199586629867554,
        0.7213463187217712,
        0.7219073176383972,
        0.7206968069076538,
        0.7215234637260437,
        0.7196634411811829,
        0.7202539443969727,
        0.7215234637260437,
        0.7216416001319885,
        0.7249188423156738,
        0.7255388498306274,
        0.7247416973114014,
        0.7253321409225464,
        0.7259817123413086,
        0.7265426516532898,
        0.7257750630378723,
        0.7256569266319275,
        0.7229111194610596,
        0.7249188423156738,
        0.7265722155570984,
        0.7228225469589233,
        0.7246531248092651,
        0.7266902923583984,
        0.7240330576896667,
        0.7185415029525757,
        0.7204015254974365,
        0.7191615104675293,
        0.7210215926170349,
        0.7202539443969727,
        0.7191024422645569,
        0.7192500829696655,
        0.7209625244140625,
        0.7198700904846191,
        0.7201358079910278,
        0.7193091511726379,
        0.718275785446167,
        0.7212282419204712,
        0.7214939594268799,
        0.7191615104675293,
        0.7246531248092651,
        0.7251845598220825,
        0.7263655066490173,
        0.7260112166404724,
        0.7249188423156738,
        0.7258045673370361,
        0.7264540791511536,
        0.725361704826355,
        0.7278417348861694,
        0.7263360023498535,
        0.724121630191803,
        0.7255683541297913,
        0.7250369191169739,
        0.7263360023498535,
        0.7247416973114014
      ],
      "n_runs": 75,
      "train_acc_mean": 0.7757102314631145,
      "train_acc_std": 0.005123133018077179,
      "num_params": 109096,
      "param_to_train_ratio": 1.073726686678805
    },
    "restricted_rownorm_mlp": {
      "test_acc_mean": 0.7219789512952168,
      "test_acc_std": 0.0025647818456421005,
      "val_acc_mean": 0.7249604256947836,
      "val_acc_std": 0.00148359503596108,
      "per_run_test_acc": [
        0.7249778509140015,
        0.7237969040870667,
        0.7271627187728882,
        0.7258340716362,
        0.727310299873352,
        0.7253912091255188,
        0.7242987751960754,
        0.7252140641212463,
        0.725479781627655,
        0.7266607880592346,
        0.7244464159011841,
        0.7255388498306274,
        0.727664589881897,
        0.7257750630378723,
        0.726513147354126,
        0.7202539443969727,
        0.7204015254974365,
        0.7204310894012451,
        0.7205491662025452,
        0.7209625244140625,
        0.719427227973938,
        0.7208148837089539,
        0.7209034562110901,
        0.7202834486961365,
        0.7219958901405334,
        0.722497820854187,
        0.7191615104675293,
        0.719427227973938,
        0.7223796844482422,
        0.7208444476127625,
        0.7212282419204712,
        0.7222616076469421,
        0.7209920287132263,
        0.7210510969161987,
        0.7242987751960754,
        0.7224092483520508,
        0.721139669418335,
        0.7242692708969116,
        0.7234426140785217,
        0.7224092483520508,
        0.7229111194610596,
        0.7212873101234436,
        0.7195158004760742,
        0.7222616076469421,
        0.7229406833648682,
        0.7183052897453308,
        0.718954861164093,
        0.7204605937004089,
        0.7186300754547119,
        0.7184529304504395,
        0.7178919315338135,
        0.7186300754547119,
        0.7203720211982727,
        0.7198405861854553,
        0.7182462215423584,
        0.7184824347496033,
        0.7171242833137512,
        0.7174490690231323,
        0.7185710072517395,
        0.7199291586875916,
        0.7213168144226074,
        0.7229406833648682,
        0.722291111946106,
        0.7231473326683044,
        0.7224682569503784,
        0.7245645523071289,
        0.7219958901405334,
        0.7227635383605957,
        0.7248892784118652,
        0.7227339744567871,
        0.7205196619033813,
        0.7216711044311523,
        0.7239444851875305,
        0.7228816151618958,
        0.7201358079910278
      ],
      "n_runs": 75,
      "train_acc_mean": 0.7829132874806722,
      "train_acc_std": 0.008004001964400482,
      "num_params": 108544,
      "param_to_train_ratio": 1.0682938831750406
    }
  },