{
  "dataset": "cora",
  "split_type": "fixed",
  "component_type": "lcc",
  "num_components": 1,
  "k_diffusion": 6,
  "num_splits": 1,
  "num_seeds": 5,
  "total_runs": 5,
  "precompute_time": 0.07200121879577637,
  "metadata": {
    "d_restricted_std": 1426,
    "ortho_error_std": 3.122341496464287e-09,
    "d_full": 1426,
    "ortho_error": 3.122341496464287e-09
  },
  "results": {
    "sgc_baseline": {
      "val_acc_mean": 0.7934640169143676,
      "val_acc_std": 0.0021346290235621872,
      "test_acc_mean": 0.8045902013778686,
      "test_acc_std": 0.0012745174881114319,
      "train_time_mean": 0.1631688117980957,
      "train_time_std": 0.021917084730437707
    },
    "sgc_mlp_baseline": {
      "val_acc_mean": 0.7259258985519409,
      "val_acc_std": 0.005043925676444894,
      "test_acc_mean": 0.7374863624572754,
      "test_acc_std": 0.012790146887376667,
      "train_time_mean": 0.18876247406005858,
      "train_time_std": 0.012477454435265925
    },
    "restricted_standard_mlp": {
      "val_acc_mean": 0.3581699192523956,
      "val_acc_std": 0.008449113076894887,
      "test_acc_mean": 0.3565027415752411,
      "test_acc_std": 0.00505102087290471,
      "train_time_mean": 0.24356937408447266,
      "train_time_std": 0.06350416329000198
    },
    "full_rownorm_mlp": {
      "val_acc_mean": 0.5825707912445068,
      "val_acc_std": 0.011659327224821756,
      "test_acc_mean": 0.5888524889945984,
      "test_acc_std": 0.021026817381410472,
      "train_time_mean": 0.303526782989502,
      "train_time_std": 0.0645316352057948
    },
    "jl_binary_nc": {
      "val_acc_mean": 0.2021786391735077,
      "val_acc_std": 0.005228758851687585,
      "test_acc_mean": 0.20043716430664063,
      "test_acc_std": 0.009237399252169865,
      "train_time_mean": 0.29546318054199217,
      "train_time_std": 0.0076033748175256205
    },
    "jl_binary_2nc": {
      "val_acc_mean": 0.2579520672559738,
      "val_acc_std": 0.005780612606616218,
      "test_acc_mean": 0.2408743232488632,
      "test_acc_std": 0.01279388545025901,
      "train_time_mean": 0.4251192569732666,
      "train_time_std": 0.10862404764280832
    },
    "jl_binary_4nc": {
      "val_acc_mean": 0.23311546444892883,
      "val_acc_std": 0.011194106438062814,
      "test_acc_mean": 0.22142077684402467,
      "test_acc_std": 0.004511423299885632,
      "train_time_mean": 0.37195286750793455,
      "train_time_std": 0.04470589878948259
    },
    "jl_ortho_nc": {
      "val_acc_mean": 0.18867101669311523,
      "val_acc_std": 0.018311024273684032,
      "test_acc_mean": 0.18863388597965242,
      "test_acc_std": 0.013695690284475707,
      "train_time_mean": 0.47897863388061523,
      "train_time_std": 0.10543372827265357
    },
    "jl_ortho_2nc": {
      "val_acc_mean": 0.23093681633472443,
      "val_acc_std": 0.008822856682959462,
      "test_acc_mean": 0.22535519897937775,
      "test_acc_std": 0.012601998700336688,
      "train_time_mean": 0.36988039016723634,
      "train_time_std": 0.053506468542662555
    },
    "jl_ortho_4nc": {
      "val_acc_mean": 0.24749455451965333,
      "val_acc_std": 0.003260705667431628,
      "test_acc_mean": 0.21486340165138246,
      "test_acc_std": 0.003823573930474867,
      "train_time_mean": 0.5274890422821045,
      "train_time_std": 0.12292427831437747
    }
  },
  "improvements": {
    "restricted_standard_mlp": {
      "vs_sgc": -44.808745980262756,
      "vs_sgc_mlp": -38.09836208820343
    },
    "full_rownorm_mlp": {
      "vs_sgc": -21.573771238327023,
      "vs_sgc_mlp": -14.863387346267698
    },
    "jl_binary_nc": {
      "vs_sgc": -60.4153037071228,
      "vs_sgc_mlp": -53.70491981506348
    },
    "jl_binary_2nc": {
      "vs_sgc": -56.37158781290055,
      "vs_sgc_mlp": -49.66120392084122
    },
    "jl_binary_4nc": {
      "vs_sgc": -58.31694245338439,
      "vs_sgc_mlp": -51.60655856132508
    },
    "jl_ortho_nc": {
      "vs_sgc": -61.59563153982162,
      "vs_sgc_mlp": -54.885247647762306
    },
    "jl_ortho_2nc": {
      "vs_sgc": -57.92350023984909,
      "vs_sgc_mlp": -51.213116347789764
    },
    "jl_ortho_4nc": {
      "vs_sgc": -58.97267997264861,
      "vs_sgc_mlp": -52.2622960805893
    }
  },
  "parameter_counts": {
    "sgc_baseline": 10031,
    "sgc_mlp_baseline": 434176,
    "restricted_standard_mlp": 432384,
    "full_rownorm_mlp": 432384,
    "jl_binary_nc": 69120,
    "jl_ortho_nc": 69120,
    "jl_binary_2nc": 70912,
    "jl_ortho_2nc": 70912,
    "jl_binary_4nc": 74496,
    "jl_ortho_4nc": 74496
  }
}