{
  "dataset": "cora",
  "k": 10,
  "num_splits": 5,
  "num_seeds": 5,
  "total_runs": 25,
  "precompute_time": 0.0363922119140625,
  "sgc_baseline": {
    "test_acc_mean": 0.86806631565094,
    "test_acc_std": 0.004713401217702336,
    "val_acc_mean": 0.8722366118431091,
    "val_acc_std": 0.017615975556109748,
    "train_time_mean": 0.036860504150390626,
    "train_time_std": 0.004807984746615018
  },
  "rownorm_variant": {
    "test_acc_mean": 0.6293922734260559,
    "test_acc_std": 0.01844035393769036,
    "val_acc_mean": 0.6318669199943543,
    "val_acc_std": 0.022521596386634105,
    "train_time_mean": 0.04263542175292969,
    "train_time_std": 0.004448187505156976
  },
  "improvement": {
    "absolute_pp": -23.86740422248841,
    "relative_percent": -27.494908847592914
  }
}