{
  "fisher_score": 0.0056626344634510255,
  "mean_fisher_score": 0.005954456742945645,
  "std_fisher_score": 0.00017868616501986654,
  "per_split": [
    {
      "split": 0,
      "fisher_score": 0.0056626344634510255,
      "fisher_score_U": 0.0056626344634510255,
      "between_class_variance": 0.00012432042808855088,
      "within_class_variance": 0.021954521149292985,
      "per_feature_U_stats": {
        "mean": 0.00028612394395449746,
        "std": 0.00020982378698188248,
        "max": 0.0018731615533248236,
        "top5": [
          0.0018731615533248236,
          0.000815242615580002,
          0.0007640242479724401,
          0.0007027128445350403,
          0.0006970069158705013
        ]
      },
      "note": "Computed on training set only to prevent data leakage",
      "fisher_score_X_diffused": 0.03804195026749461,
      "between_class_variance_X": 0.02324865679771263,
      "within_class_variance_X": 0.6111320958635951,
      "per_feature_X_stats": {
        "mean": 0.012154577673990346,
        "std": 0.008100521331870364,
        "max": 0.05585379939873392,
        "top5": [
          0.05585379939873392,
          0.044306061381455375,
          0.0367997747614675,
          0.03448659780073017,
          0.027387481760300852
        ],
        "n_cols_sampled": 128
      }
    },
    {
      "split": 1,
      "fisher_score": 0.005913388617467165,
      "fisher_score_U": 0.005913388617467165,
      "between_class_variance": 0.00013085049499554505,
      "within_class_variance": 0.022127836247567846,
      "per_feature_U_stats": {
        "mean": 0.0003005998140156685,
        "std": 0.0002157577252188191,
        "max": 0.0019115171143523578,
        "top5": [
          0.0019115171143523578,
          0.0008039760847143621,
          0.0007454840780173667,
          0.0007374337197279818,
          0.0007247951278915449
        ]
      },
      "note": "Computed on training set only to prevent data leakage",
      "fisher_score_X_diffused": 0.0360801538463947,
      "between_class_variance_X": 0.022318275441286124,
      "within_class_variance_X": 0.6185748413463672,
      "per_feature_X_stats": {
        "mean": 0.012150932998658229,
        "std": 0.008174870613493646,
        "max": 0.056106713226004704,
        "top5": [
          0.056106713226004704,
          0.04510443947604217,
          0.03782333861299009,
          0.03491431167478669,
          0.027611882595575996
        ],
        "n_cols_sampled": 128
      }
    },
    {
      "split": 2,
      "fisher_score": 0.006216111940437868,
      "fisher_score_U": 0.006216111940437868,
      "between_class_variance": 0.0001382975730452791,
      "within_class_variance": 0.022248243656232694,
      "per_feature_U_stats": {
        "mean": 0.0003077096008629338,
        "std": 0.0002216691630592145,
        "max": 0.001888307965803116,
        "top5": [
          0.001888307965803116,
          0.0008659998691883381,
          0.0007764217272599653,
          0.0007725806940940654,
          0.0007663461420772403
        ]
      },
      "note": "Computed on training set only to prevent data leakage",
      "fisher_score_X_diffused": 0.03642723291620059,
      "between_class_variance_X": 0.022380567878833645,
      "within_class_variance_X": 0.6143911048725347,
      "per_feature_X_stats": {
        "mean": 0.012090416821731969,
        "std": 0.008100649030526682,
        "max": 0.05561008884989711,
        "top5": [
          0.05561008884989711,
          0.04427687437277176,
          0.0367721274321671,
          0.03441849291234326,
          0.027713273536311818
        ],
        "n_cols_sampled": 128
      }
    },
    {
      "split": 3,
      "fisher_score": 0.005960105827030725,
      "fisher_score_U": 0.005960105827030725,
      "between_class_variance": 0.00013155782468178708,
      "within_class_variance": 0.022073068582966433,
      "per_feature_U_stats": {
        "mean": 0.00029615965260663344,
        "std": 0.00021159714977459607,
        "max": 0.0018374500308386455,
        "top5": [
          0.0018374500308386455,
          0.0008437195203848184,
          0.0007476427075451323,
          0.0007195320951847469,
          0.0006988034618597463
        ]
      },
      "note": "Computed on training set only to prevent data leakage",
      "fisher_score_X_diffused": 0.038483096471356705,
      "between_class_variance_X": 0.023611383080056225,
      "within_class_variance_X": 0.6135520590873028,
      "per_feature_X_stats": {
        "mean": 0.01211356506554992,
        "std": 0.008100503814841415,
        "max": 0.055753487951126605,
        "top5": [
          0.055753487951126605,
          0.04396208117112059,
          0.036701993528780286,
          0.03472594803732523,
          0.028003166016762095
        ],
        "n_cols_sampled": 128
      }
    },
    {
      "split": 4,
      "fisher_score": 0.006020042866341439,
      "fisher_score_U": 0.006020042866341439,
      "between_class_variance": 0.00013324096231973726,
      "within_class_variance": 0.022132892618539075,
      "per_feature_U_stats": {
        "mean": 0.0003006126286455888,
        "std": 0.0002206961104353396,
        "max": 0.0019340567808794134,
        "top5": [
          0.0019340567808794134,
          0.0008449162675253809,
          0.0007874742864327553,
          0.0007143612296133362,
          0.0007097799339049046
        ]
      },
      "note": "Computed on training set only to prevent data leakage",
      "fisher_score_X_diffused": 0.03976356880323322,
      "between_class_variance_X": 0.024184280395376644,
      "within_class_variance_X": 0.6082019578033999,
      "per_feature_X_stats": {
        "mean": 0.012335681007652616,
        "std": 0.00827643640590636,
        "max": 0.05661805189202435,
        "top5": [
          0.05661805189202435,
          0.04569229122483312,
          0.03770035420290479,
          0.0354808833308121,
          0.02806548510790142
        ],
        "n_cols_sampled": 128
      }
    }
  ],
  "note": "Fisher score computed on training set only (no leakage)"
}