{
  "fisher_score": 0.006649311169345184,
  "mean_fisher_score": 0.006649311169345184,
  "std_fisher_score": 0.0,
  "per_split": [
    {
      "split": 0,
      "fisher_score": 0.006649311169345184,
      "fisher_score_U": 0.006649311169345184,
      "between_class_variance": 0.0009387414787459728,
      "within_class_variance": 0.1411787559399809,
      "per_feature_U_stats": {
        "mean": 0.00025377709060774153,
        "std": 0.0012854810634267994,
        "max": 0.030691330663060637,
        "top5": [
          0.030691330663060637,
          0.011282216833743053,
          0.009605686786565244,
          0.00612624524677195,
          0.006119397681619627
        ]
      },
      "note": "Computed on training set only to prevent data leakage",
      "fisher_score_X_diffused": 0.37432689256676815,
      "between_class_variance_X": 1.4493942478296953,
      "within_class_variance_X": 3.872001388655689,
      "per_feature_X_stats": {
        "mean": 0.034862864412220675,
        "std": 0.03722934576343167,
        "max": 0.37013990542600045,
        "top5": [
          0.37013990542600045,
          0.2706457997097152,
          0.2599406175906899,
          0.25236048048327014,
          0.23991397578031592
        ],
        "n_cols_sampled": 500
      }
    }
  ],
  "note": "Fisher score computed on training set only (no leakage)"
}