{
  "dataset": "citeseer",
  "k": 2,
  "split_type": "fixed",
  "component_type": "lcc",
  "num_seeds": 15,
  "num_splits": 1,
  "total_runs_per_method": 15,
  "metadata": {
    "d_effective": 2023,
    "ortho_error": 2.555553857419568e-08,
    "num_components": 0,
    "num_nodes": 2120,
    "num_features": 3703,
    "num_classes": 6
  },
  "experiments": {
    "sgc_mlp_baseline": {
      "test_acc_mean": 0.5219708661238353,
      "test_acc_std": 0.01356311414533115,
      "val_acc_mean": 0.5770325064659119,
      "val_acc_std": 0.010820178017817265,
      "per_run_test_acc": [
        0.5263952016830444,
        0.5369532704353333,
        0.5113122463226318,
        0.5399698615074158,
        0.49321267008781433,
        0.5082956552505493,
        0.5098039507865906,
        0.5248869061470032,
        0.5384615659713745,
        0.5233786106109619,
        0.5399698615074158,
        0.5248869061470032,
        0.5203620195388794,
        0.5263952016830444,
        0.5052790641784668
      ],
      "n_runs": 15,
      "train_acc_mean": 0.9975000023841858,
      "train_acc_std": 0.004999995231628418,
      "num_params": 1015558,
      "param_to_train_ratio": 12694.475
    },
    "restricted_standard_mlp": {
      "test_acc_mean": 0.24786325295766196,
      "test_acc_std": 0.02600030746965091,
      "val_acc_mean": 0.2853658477465312,
      "val_acc_std": 0.012925292058597276,
      "per_run_test_acc": [
        0.2926093637943268,
        0.2624434530735016,
        0.2805429995059967,
        0.23076923191547394,
        0.2322775274515152,
        0.23076923191547394,
        0.2322775274515152,
        0.23076923191547394,
        0.27450981736183167,
        0.23076923191547394,
        0.23076923191547394,
        0.22322775423526764,
        0.2322775274515152,
        0.3031674325466156,
        0.23076923191547394
      ],
      "n_runs": 15,
      "train_acc_mean": 0.6433333396911621,
      "train_acc_std": 0.2636627634290444,
      "num_params": 585478,
      "param_to_train_ratio": 7318.475
    },
    "restricted_rownorm_mlp": {
      "test_acc_mean": 0.7013574838638306,
      "test_acc_std": 0.005776332130855116,
      "val_acc_mean": 0.7325202822685242,
      "val_acc_std": 0.004378178594667592,
      "per_run_test_acc": [
        0.7013574838638306,
        0.7028657793998718,
        0.7088989615440369,
        0.692307710647583,
        0.7043740749359131,
        0.7028657793998718,
        0.7088989615440369,
        0.7058823704719543,
        0.7058823704719543,
        0.698340892791748,
        0.6877828240394592,
        0.6953243017196655,
        0.7043740749359131,
        0.698340892791748,
        0.7028657793998718
      ],
      "n_runs": 15,
      "train_acc_mean": 1.0,
      "train_acc_std": 0.0,
      "num_params": 584960,
      "param_to_train_ratio": 7312.0
    }
  },
  "framework_analysis": {
    "sgc_mlp_acc_pct": 52.19708661238352,
    "restricted_std_acc_pct": 24.786325295766197,
    "restricted_rownorm_acc_pct": 70.13574838638306,
    "part_a_pp": 27.410761316617325,
    "part_b_pp": 45.34942309061686,
    "remaining_gap_pp": -17.938661773999534
  }
}