{
  "dataset": "ogbn-arxiv",
  "k": 30,
  "split_type": "fixed",
  "component_type": "lcc",
  "num_seeds": 15,
  "num_splits": 1,
  "total_runs_per_method": 15,
  "metadata": {
    "d_effective": 128,
    "ortho_error": 2.479613181449736e-10,
    "num_components": 0,
    "num_nodes": 169343,
    "num_features": 128,
    "num_classes": 40
  },
  "experiments": {
    "sgc_mlp_baseline": {
      "test_acc_mean": 0.6595285773277283,
      "test_acc_std": 0.004780517985967219,
      "val_acc_mean": 0.6700985193252563,
      "val_acc_std": 0.002823266757620282,
      "per_run_test_acc": [
        0.6609057188034058,
        0.6572022438049316,
        0.6589099764823914,
        0.654527485370636,
        0.6647120714187622,
        0.6580458283424377,
        0.6670575737953186,
        0.6462975740432739,
        0.6615023612976074,
        0.6599592566490173,
        0.6586219072341919,
        0.6624900102615356,
        0.6646709442138672,
        0.6610909104347229,
        0.6569347977638245
      ],
      "n_runs": 15,
      "train_acc_mean": 0.6927649021148682,
      "train_acc_std": 0.003766397565149597,
      "num_params": 109096,
      "param_to_train_ratio": 1.1996349281402228
    },
    "restricted_standard_mlp": {
      "test_acc_mean": 0.684917946656545,
      "test_acc_std": 0.0013957293027922531,
      "val_acc_mean": 0.6969674309094747,
      "val_acc_std": 0.000697015610241972,
      "per_run_test_acc": [
        0.6843404769897461,
        0.6848136782646179,
        0.6852869391441345,
        0.6845462322235107,
        0.6864390969276428,
        0.6869946122169495,
        0.6861305236816406,
        0.6840524077415466,
        0.6840112805366516,
        0.6827768087387085,
        0.6851428747177124,
        0.6824064254760742,
        0.685924768447876,
        0.6836615204811096,
        0.6872415542602539
      ],
      "n_runs": 15,
      "train_acc_mean": 0.7477778514226278,
      "train_acc_std": 0.0027433967089695592,
      "num_params": 109096,
      "param_to_train_ratio": 1.1996349281402228
    },
    "restricted_rownorm_mlp": {
      "test_acc_mean": 0.6969418962796529,
      "test_acc_std": 0.0017966617220013517,
      "val_acc_mean": 0.7100775003433227,
      "val_acc_std": 0.0008942528764259314,
      "per_run_test_acc": [
        0.6947101950645447,
        0.6980227828025818,
        0.6977758407592773,
        0.6967471241950989,
        0.6996070146560669,
        0.698249101638794,
        0.6965619325637817,
        0.6970968842506409,
        0.6949365139007568,
        0.694154679775238,
        0.6981256604194641,
        0.6983931064605713,
        0.6995658874511719,
        0.693763792514801,
        0.6964179277420044
      ],
      "n_runs": 15,
      "train_acc_mean": 0.7684498588244121,
      "train_acc_std": 0.005127847906203909,
      "num_params": 108544,
      "param_to_train_ratio": 1.1935650586644089
    }
  },
  "framework_analysis": {
    "sgc_mlp_acc_pct": 65.95285773277283,
    "restricted_std_acc_pct": 68.49179466565451,
    "restricted_rownorm_acc_pct": 69.69418962796529,
    "part_a_pp": -2.5389369328816827,
    "part_b_pp": 1.2023949623107768,
    "remaining_gap_pp": -3.7413318951924595
  }
}