{
  "dataset": "citeseer",
  "split_type": "fixed",
  "component_type": "lcc",
  "k": 2,
  "d_effective": 2035,
  "ortho_error": 2.2392232512657984e-10,
  "analysis": {
    "condition_number_U": 2.9210889562375293,
    "singular_values_U_top20": [
      0.7070367948592223,
      0.7069902270678158,
      0.7068599795501078,
      0.7067810550345743,
      0.7065757990625506,
      0.7064218151358089,
      0.7060724481972979,
      0.706003065928089,
      0.7058821590507913,
      0.7056821398849074,
      0.7051357254399554,
      0.7031747755960728,
      0.6921368827166625,
      0.6887996400433499,
      0.6691809914101605,
      0.6515640612895671,
      0.6418659331528115,
      0.5773217204793467,
      0.5772981949628433,
      0.5772037096821832
    ],
    "singular_values_U_bottom5": [
      0.2943586623521629,
      0.28844367968838996,
      0.27702382932203823,
      0.2556031362842847,
      0.2420456225235646
    ],
    "explained_variance_U_pct_top20": [
      2.255552439495392,
      4.510807772426432,
      6.765232218762593,
      9.019153257269702,
      11.271765365453529,
      13.523395757982568,
      15.772799575173774,
      18.021761338370244,
      20.269952873578724,
      22.516870491664164,
      24.76030984993007,
      26.9912887560737,
      29.152777024781184,
      31.293471659188764,
      33.31395879433299,
      35.22946313670525,
      37.08836965388956,
      38.59222024870958,
      40.09594828399339,
      41.59918413503101
    ],
    "condition_number_X": 24.974860977657254,
    "singular_values_X_top20": [
      11.417032338845049,
      5.700332989188994,
      4.992017939427713,
      4.7734598676854345,
      4.523854032471198,
      4.376269686929907,
      4.133890454375697,
      4.003065980668039,
      3.839883298633816,
      3.761420723230164,
      3.736835855243518,
      3.61520857837907,
      3.5495552125859158,
      3.4908302768133477,
      3.46092787512079,
      3.422755589553937,
      3.3770722898393144,
      3.277822942157924,
      3.194165149145951,
      3.167273654010941
    ],
    "explained_variance_X_pct_top20": [
      19.082506234921574,
      23.839465173348028,
      27.487686898928114,
      30.823452315411654,
      33.819482037459295,
      36.62321795672885,
      39.12498506485625,
      41.4709118148222,
      43.629476172132755,
      45.70072738830085,
      47.74499144791871,
      49.65834694409611,
      51.502839141459575,
      53.286804507265174,
      55.040337930432884,
      56.755403495403854,
      58.42499284277503,
      59.99788856685701,
      61.49152082417412,
      62.96010933762898
    ],
    "intra_class_mean_dist": 1.4142366601739287,
    "inter_class_centroid_dist": 0.3915397785352216,
    "spectral_separability": 0.27685591072647514,
    "variance_analysis": {
      "U_variance_mean": 0.00013443366561522124,
      "U_variance_std": 0.00014157790282617874,
      "U_variance_max": 0.0014380972862098587,
      "U_variance_min": 1.043173657420283e-23,
      "U_variance_ratio": 1438097286.1948571,
      "X_variance_mean": 0.0018955037552590406,
      "X_variance_std": 0.005125991464457697,
      "X_variance_max": 0.12147670746005994,
      "X_variance_min": 0.0,
      "X_variance_ratio": 121476707460.05994,
      "variance_ratio_reduction": 84.47043786688592
    },
    "eigenvalue_stats": {
      "min": 0.0011178909598636177,
      "max": 1.5018640654820314,
      "mean": 0.6850926010530617,
      "std": 0.40798205765261997,
      "d_effective": 2035
    },
    "span_verification_error": 2.0895047438165505e-15,
    "num_edges": 3679,
    "avg_degree": 3.470754716981132
  }
}