{
  "dataset": "citeseer",
  "split_type": "fixed",
  "component_type": "lcc",
  "k": 12,
  "d_effective": 1881,
  "ortho_error": 1.1896393203869593e-08,
  "analysis": {
    "condition_number_U": 52.893930733679575,
    "singular_values_U_top20": [
      6.5951047832381455,
      6.294248691964977,
      6.171211153001885,
      6.070592594881193,
      5.810202484690123,
      5.618418520320172,
      5.598286808689157,
      5.4523452027514585,
      5.3815531826801415,
      5.297942296064844,
      5.25032042416605,
      5.137524067586394,
      5.064924241386437,
      4.778262270193148,
      4.597100359798181,
      4.500164579465309,
      4.408902278006752,
      4.337871975488951,
      4.243753268017806,
      4.2006022129635605
    ],
    "singular_values_U_bottom5": [
      0.21281190862067298,
      0.20645846273121707,
      0.20479013115577563,
      0.1528626502923206,
      0.124685473205696
    ],
    "explained_variance_U_pct_top20": [
      1.5877375070509876,
      3.033920003416358,
      4.4241162672143926,
      5.769349165929168,
      7.001653113437513,
      8.153947584823793,
      9.297999131826638,
      10.383179661314836,
      11.440363650438492,
      12.464952798391183,
      13.47120518195849,
      14.434685934124719,
      15.371128641180606,
      16.20457042880743,
      16.976012418972182,
      17.715263721216015,
      18.42483536227119,
      19.111727847426447,
      19.769136712680414,
      20.41324430422175
    ],
    "condition_number_X": 174.09157333160962,
    "singular_values_X_top20": [
      11.213005428255483,
      5.0219412773293275,
      3.751704272366016,
      3.469600511664269,
      3.3167724719145886,
      3.198407804871879,
      3.1028742505349847,
      3.0004641406378494,
      2.834908940455299,
      2.6972704369249767,
      2.6746843371063695,
      2.6229216592242106,
      2.5621907659321876,
      2.4968476847346475,
      2.416296736659501,
      2.3753095782541873,
      2.3456339438330907,
      2.229807603917385,
      2.2185303737945326,
      2.1335771610975023
    ],
    "explained_variance_X_pct_top20": [
      34.429160788767014,
      41.33514581427631,
      45.18939303403475,
      48.48580375916077,
      51.498211345512914,
      54.299449578450535,
      56.9358460570459,
      59.40108632853279,
      61.60178509105015,
      63.593977848379836,
      65.55294629626917,
      67.436825321866,
      69.23447596910961,
      70.94160548739255,
      72.5403641359346,
      74.08534395926456,
      75.59196090383453,
      76.95345936983044,
      78.30122113019588,
      79.54774063851015
    ],
    "intra_class_mean_dist": 1.3964373017661416,
    "inter_class_centroid_dist": 0.4204626633898678,
    "spectral_separability": 0.30109670005097144,
    "variance_analysis": {
      "U_variance_mean": 0.0005955301363465323,
      "U_variance_std": 0.0018157893147946788,
      "U_variance_max": 0.0424695072938584,
      "U_variance_min": 1.203208434187961e-14,
      "U_variance_ratio": 41964585857.44952,
      "X_variance_mean": 0.0008275877334478684,
      "X_variance_std": 0.0029385858283642744,
      "X_variance_max": 0.09976578545198792,
      "X_variance_min": 0.0,
      "X_variance_ratio": 99765785451.98792,
      "variance_ratio_reduction": 2.3773804367064324
    },
    "eigenvalue_stats": {
      "min": 0.7305996858242702,
      "max": 192.2958439199648,
      "mean": 6.07364667842137,
      "std": 14.881085484908533,
      "d_effective": 1881
    },
    "span_verification_error": 2.0140208458169165e-15,
    "num_edges": 4739,
    "avg_degree": 4.470754716981132
  }
}