{
  "dataset": "citeseer",
  "split_type": "fixed",
  "component_type": "lcc",
  "k": 6,
  "d_effective": 1989,
  "ortho_error": 2.2338697558410558e-10,
  "analysis": {
    "condition_number_U": 2.9274736214141375,
    "singular_values_U_top20": [
      0.7069536629043109,
      0.7068132113013846,
      0.7064493358252645,
      0.7060610992376315,
      0.7058508291602734,
      0.7056864905022218,
      0.7047179668558878,
      0.7043345649407368,
      0.7040211083003682,
      0.7030355897554827,
      0.7022911249392589,
      0.7005075933259353,
      0.6944258773143941,
      0.6566634457260148,
      0.6298641791669377,
      0.6253780452548718,
      0.6175664853306226,
      0.577314512998845,
      0.5772499105694403,
      0.5771213815368987
    ],
    "singular_values_U_bottom5": [
      0.28877485778623974,
      0.28827365372489183,
      0.2765435033524354,
      0.2522873172764042,
      0.24148933665295055
    ],
    "explained_variance_U_pct_top20": [
      2.321060260169183,
      4.64119835452185,
      6.958948196850563,
      9.27415125206454,
      11.587975544343966,
      13.900722536724333,
      16.207125598581044,
      18.51101974525055,
      20.81286370083855,
      23.10826772983672,
      25.3988129926804,
      27.677738936127096,
      29.917265974769556,
      31.91984747726232,
      33.762308625478134,
      35.57861781082609,
      37.349835563500996,
      38.89768769103056,
      40.44519342362031,
      41.99201010535775
    ],
    "condition_number_X": 119.51495321223386,
    "singular_values_X_top20": [
      11.20119880793551,
      5.157475298543351,
      4.0181358106676095,
      3.791359653482776,
      3.647850198276589,
      3.4335276600311637,
      3.3619567929993677,
      3.2939484015184624,
      3.0665400033106587,
      2.982206169163261,
      2.939899827208419,
      2.925883271807268,
      2.779694939404067,
      2.6451467681999166,
      2.5639032852592973,
      2.539239817719308,
      2.478795165031072,
      2.372086748882648,
      2.2945844144048495,
      2.2841391859423203
    ],
    "explained_variance_X_pct_top20": [
      30.774723257572084,
      37.299106422635276,
      41.25928133613764,
      44.785060553325536,
      48.04897777637698,
      50.9406312408237,
      53.71298981368191,
      56.37431980904424,
      58.680867369820646,
      60.86229331282347,
      62.982265731157646,
      65.08207156069315,
      66.97729063226461,
      68.69347797120227,
      70.30586175942936,
      71.8873740976745,
      73.39448921442109,
      74.77463918364074,
      76.0660761808685,
      77.34578238117976
    ],
    "intra_class_mean_dist": 1.4140256338419492,
    "inter_class_centroid_dist": 0.3927485215230136,
    "spectral_separability": 0.27775205210099646,
    "variance_analysis": {
      "U_variance_mean": 0.0001336391146887859,
      "U_variance_std": 0.00014264041108755904,
      "U_variance_max": 0.0016695850186140705,
      "U_variance_min": 4.89229832742906e-13,
      "U_variance_ratio": 1121106347.660912,
      "X_variance_mean": 0.0009860960084243826,
      "X_variance_std": 0.003353559022692519,
      "X_variance_max": 0.10769156298767715,
      "X_variance_min": 0.0,
      "X_variance_ratio": 107691562987.67715,
      "variance_ratio_reduction": 96.05829385621261
    },
    "eigenvalue_stats": {
      "min": 0.002134954017509954,
      "max": 1.5013786085044505,
      "mean": 0.6783165046478898,
      "std": 0.40961889297111526,
      "d_effective": 1989
    },
    "span_verification_error": 2.1197216550288953e-15,
    "num_edges": 3679,
    "avg_degree": 3.470754716981132
  }
}