{
  "dataset": "citeseer",
  "split_type": "fixed",
  "component_type": "lcc",
  "k": 4,
  "d_effective": 2033,
  "ortho_error": 2.2394430754246741e-10,
  "analysis": {
    "condition_number_U": 2.9235121613742074,
    "singular_values_U_top20": [
      0.7070775829674805,
      0.7070058059580919,
      0.7069267505449761,
      0.7068200768364369,
      0.7063823952214985,
      0.7061787801987809,
      0.706020731249787,
      0.7059059824991871,
      0.7055753838837536,
      0.7052194659347035,
      0.7048564105162883,
      0.7047280686692456,
      0.6958630899120944,
      0.6855709545872553,
      0.6746896641745144,
      0.6516887157185463,
      0.6340976236271347,
      0.577349314541926,
      0.5773262805594799,
      0.5772585829116329
    ],
    "singular_values_U_bottom5": [
      0.2965307124489045,
      0.2884575163632455,
      0.2766635565842984,
      0.2559408878996501,
      0.24185895044647807
    ],
    "explained_variance_U_pct_top20": [
      2.2536424828693136,
      4.506827444495544,
      6.759508544604189,
      9.011509846653396,
      11.260723015128507,
      13.508639697202051,
      15.755550285290571,
      18.001730557061574,
      20.24580740367912,
      22.487620832953954,
      24.72712663163008,
      26.965816956007828,
      29.14853925778188,
      31.26717211229948,
      33.31908537053167,
      35.23347919913199,
      37.04591709713181,
      38.54846453589396,
      40.0508920855004,
      41.55296730454003
    ],
    "condition_number_X": 56.199270011849215,
    "singular_values_X_top20": [
      11.278550135029057,
      5.3508624451199,
      4.328982308796955,
      4.254580890712052,
      3.958336893860185,
      3.901316750242803,
      3.649880618004357,
      3.53941124387747,
      3.352912947767977,
      3.3029484402084948,
      3.223526943521527,
      3.141522154046376,
      3.087418415213206,
      2.9578003408673332,
      2.9321672057979993,
      2.8329544308510752,
      2.7838851295249887,
      2.719402253519701,
      2.6920045139162703,
      2.6012664869470643
    ],
    "explained_variance_X_pct_top20": [
      25.768348885295367,
      31.568343849308604,
      35.36456640342123,
      39.03142036136241,
      42.20541034251815,
      45.28861581278868,
      47.987208643612306,
      50.52491925403736,
      52.80224207875476,
      55.012198102675036,
      57.117152309582174,
      59.116370968821506,
      61.04732094763815,
      62.819541433348604,
      64.561177891882,
      66.18694832359787,
      67.75688691588914,
      69.25493912480233,
      70.72295790211655,
      72.09368101147014
    ],
    "intra_class_mean_dist": 1.4142772133819712,
    "inter_class_centroid_dist": 0.39168694424838335,
    "spectral_separability": 0.2769520293067153,
    "variance_analysis": {
      "U_variance_mean": 0.00013470819965385577,
      "U_variance_std": 0.00014586455354112472,
      "U_variance_max": 0.001488939410987534,
      "U_variance_min": 2.9893366530501405e-15,
      "U_variance_ratio": 1484501735.5379739,
      "X_variance_mean": 0.0012695014858226255,
      "X_variance_std": 0.003931961898313415,
      "X_variance_max": 0.11351946454986425,
      "X_variance_min": 0.0,
      "X_variance_ratio": 113519464549.86426,
      "variance_ratio_reduction": 76.46974188866511
    },
    "eigenvalue_stats": {
      "min": 0.0011949406827869735,
      "max": 1.501759971500286,
      "mean": 0.6848053668575399,
      "std": 0.4081330584545305,
      "d_effective": 2033
    },
    "span_verification_error": 2.7865041481238445e-15,
    "num_edges": 3679,
    "avg_degree": 3.470754716981132
  }
}