{
  "dataset": "citeseer",
  "split_type": "fixed",
  "component_type": "lcc",
  "k": 6,
  "d_effective": 2023,
  "ortho_error": 2.1140351358361897e-08,
  "analysis": {
    "condition_number_U": 78.30273090614958,
    "singular_values_U_top20": [
      8.22645882050207,
      8.034649942143568,
      7.215241574428942,
      6.884332311579939,
      6.718396790751711,
      6.405076127143415,
      6.14314165725117,
      6.121008388606158,
      6.057067412310131,
      5.914075327660563,
      5.688112413434275,
      5.645800834299026,
      5.522065000915611,
      5.458225802966181,
      5.314441420295385,
      5.098962551930506,
      4.894153624694977,
      4.839822098996263,
      4.695000860361353,
      4.558892587453877
    ],
    "singular_values_U_bottom5": [
      0.19058372157801387,
      0.1879872288194084,
      0.17737457349448432,
      0.14243925050900186,
      0.10505966682518347
    ],
    "explained_variance_U_pct_top20": [
      2.225065904273521,
      4.347581756990255,
      6.059246776960006,
      7.617509474525999,
      9.101558753981545,
      10.450414835946917,
      11.691204259021,
      12.923068850432628,
      14.129331379031154,
      15.279312541628162,
      16.343096321619704,
      17.391112844809573,
      18.393695187571126,
      19.373230324154992,
      20.30183800450828,
      21.156669800301426,
      21.944209068400216,
      22.714359954108563,
      23.439110206206777,
      24.122448474021045
    ],
    "condition_number_X": 56.45372587385711,
    "singular_values_X_top20": [
      11.334607969065965,
      5.36877313372164,
      4.376848826429232,
      4.21937174567276,
      3.970263717698785,
      3.794720704249445,
      3.6903189847964426,
      3.503177251294599,
      3.3431374973603387,
      3.301974575184409,
      3.208331871609286,
      3.184514415032367,
      3.1087283843015285,
      3.003161055678627,
      2.945452237129221,
      2.9224491483433668,
      2.8872189551633114,
      2.8182664906340333,
      2.748593690970794,
      2.7168081836242775
    ],
    "explained_variance_X_pct_top20": [
      24.9625416048649,
      30.563029969275483,
      34.28522296419918,
      37.74438873582884,
      40.807159579527955,
      43.60508045060064,
      46.25116434309034,
      48.63567912058695,
      50.8073013154673,
      52.92577583149708,
      54.925795955031006,
      56.89623149650147,
      58.77399697814114,
      60.52639615771566,
      62.21209412692596,
      63.87156532922504,
      65.49126776313523,
      67.03453063509149,
      68.50243203552535,
      69.9365792962603
    ],
    "intra_class_mean_dist": 1.3767358754381358,
    "inter_class_centroid_dist": 0.4395897976387302,
    "spectral_separability": 0.3192985709759572,
    "variance_analysis": {
      "U_variance_mean": 0.0006121366922703486,
      "U_variance_std": 0.0020180518809596935,
      "U_variance_max": 0.043901511135913215,
      "U_variance_min": 1.0795822006628712e-15,
      "U_variance_ratio": 43854166957.84063,
      "X_variance_mean": 0.0013226313642667256,
      "X_variance_std": 0.00396212083968715,
      "X_variance_max": 0.1109224680199826,
      "X_variance_min": 0.0,
      "X_variance_ratio": 110922468019.9826,
      "variance_ratio_reduction": 2.5293484226166774
    },
    "eigenvalue_stats": {
      "min": 0.7266202754190149,
      "max": 316.87191060103294,
      "mean": 6.352968168994474,
      "std": 19.275101863716532,
      "d_effective": 2023
    },
    "span_verification_error": 2.1755708773211706e-15,
    "num_edges": 4739,
    "avg_degree": 4.470754716981132
  }
}