{
  "dataset": "citeseer",
  "split_type": "fixed",
  "component_type": "lcc",
  "k": 30,
  "d_effective": 900,
  "ortho_error": 1.8277324098647796e-10,
  "analysis": {
    "condition_number_U": 7.220214060424118,
    "singular_values_U_top20": [
      0.668291576754042,
      0.6505270775500457,
      0.645523896904139,
      0.6300104491845834,
      0.6189242391270497,
      0.6165828958864012,
      0.6141639267214632,
      0.6077501631089646,
      0.6055990317198636,
      0.6019979400772715,
      0.5991598104686842,
      0.5934500456187102,
      0.5779402076913259,
      0.5181272140827844,
      0.4975829364289905,
      0.49647276096294,
      0.4885370999608347,
      0.4668373077395694,
      0.44566816928112474,
      0.41916726464190573
    ],
    "singular_values_U_bottom5": [
      0.1310773591467709,
      0.11896608555232431,
      0.11463314217748917,
      0.11010429204510276,
      0.09255841601942566
    ],
    "explained_variance_U_pct_top20": [
      3.7388928343632437,
      7.281653381354293,
      10.770128994895515,
      14.092946946829906,
      17.29985143757221,
      20.482538870053986,
      23.640302741221912,
      26.73245742406322,
      29.80276148578086,
      32.836660028068124,
      35.84201927044693,
      38.79037158200462,
      41.5866271525014,
      43.83404512929949,
      45.90677163125731,
      47.97025937955646,
      49.96830841801793,
      51.792801220919706,
      53.455579246816086,
      54.926488093627846
    ],
    "condition_number_X": 4111.428892824464,
    "singular_values_X_top20": [
      10.953739378737787,
      4.384528452328863,
      2.888025845578115,
      2.516789236051812,
      2.3683888863717795,
      2.330619685280444,
      2.222532101679482,
      1.9406318881368654,
      1.803995513098644,
      1.679340842194425,
      1.6627208977643164,
      1.6448070819883849,
      1.5719654537800165,
      1.4733821570460934,
      1.3617408080608784,
      1.2799822358974808,
      1.2080368368447156,
      1.1610537172573978,
      1.0644011911900595,
      1.0165334688309395
    ],
    "explained_variance_X_pct_top20": [
      58.34633238407786,
      67.69467325735502,
      71.7506075024601,
      74.83083256560393,
      77.55852113373325,
      80.19990533112684,
      82.60197079772061,
      84.43333652023642,
      86.01589461118125,
      87.38730190584596,
      88.73169869012928,
      90.04728301141606,
      91.24892404361687,
      92.30457310740728,
      93.20630547597548,
      94.00300881867562,
      94.71266682946523,
      95.36819805106752,
      95.91913190314975,
      96.42162733598484
    ],
    "intra_class_mean_dist": 1.4133355178958915,
    "inter_class_centroid_dist": 0.39114482384755916,
    "spectral_separability": 0.27675298532784165,
    "variance_analysis": {
      "U_variance_mean": 0.00016373926797407523,
      "U_variance_std": 0.0001678509003780561,
      "U_variance_max": 0.0015737517857400025,
      "U_variance_min": 7.488186048965068e-09,
      "U_variance_ratio": 210136.55895989924,
      "X_variance_mean": 0.0003239742478062756,
      "X_variance_std": 0.0017599364022643181,
      "X_variance_max": 0.07755494220791215,
      "X_variance_min": 0.0,
      "X_variance_ratio": 77554942207.91216,
      "variance_ratio_reduction": 369069.24997621245
    },
    "eigenvalue_stats": {
      "min": 0.019092757211836838,
      "max": 1.4872566680422437,
      "mean": 0.34762960660150916,
      "std": 0.2409165874456457,
      "d_effective": 900
    },
    "span_verification_error": 2.797577410033518e-15,
    "num_edges": 3679,
    "avg_degree": 3.470754716981132
  }
}