{
  "dataset": "citeseer",
  "split_type": "fixed",
  "component_type": "lcc",
  "k": 12,
  "d_effective": 1653,
  "ortho_error": 2.149936895179394e-10,
  "analysis": {
    "condition_number_U": 3.1310039003839116,
    "singular_values_U_top20": [
      0.7005790956121946,
      0.6976275642920768,
      0.6939801295878192,
      0.6922654334833668,
      0.6911560489687323,
      0.6904728124532489,
      0.6903175003582198,
      0.6836901658068768,
      0.68232316561152,
      0.6714657785371281,
      0.6551397971788822,
      0.6528954081803119,
      0.6294864859068557,
      0.5857847760906335,
      0.5656057205795759,
      0.5640308983993877,
      0.5631381871355067,
      0.5597628726414942,
      0.5579908658766815,
      0.5542924129217133
    ],
    "singular_values_U_bottom5": [
      0.26811932061364396,
      0.25151191077550905,
      0.2381654353566134,
      0.23664778450375995,
      0.22375542091349432
    ],
    "explained_variance_U_pct_top20": [
      2.654800802460416,
      5.287279437865886,
      7.892303042256618,
      10.484469490397744,
      13.068334483763602,
      15.64709348598321,
      18.224692507936602,
      20.753037060836725,
      23.27128115483374,
      25.710020352505904,
      28.03161051772766,
      30.337321243932568,
      32.48065800780214,
      34.33672545025077,
      36.06712015758143,
      37.7878923658676,
      39.50322183306933,
      41.19805038137511,
      42.88216548582273,
      44.54402940762058
    ],
    "condition_number_X": 438.7264662915457,
    "singular_values_X_top20": [
      11.079278954805025,
      4.8441141762849105,
      3.514549903058882,
      3.1023219929712837,
      3.006644501213671,
      2.9392771761194094,
      2.758897497403488,
      2.702487211290108,
      2.4989052556091758,
      2.433098327607781,
      2.3530498624029303,
      2.272999176860696,
      2.1707746635696954,
      2.1569447920971894,
      2.0331345845171116,
      1.9999300180160389,
      1.9468049590055392,
      1.9201622842973673,
      1.8069330311759477,
      1.787716148406627
    ],
    "explained_variance_X_pct_top20": [
      41.760537081856555,
      49.743641742004144,
      53.94589777696146,
      57.22018538448187,
      60.295625276558596,
      63.2347916189344,
      65.82428145995449,
      68.30896095524247,
      70.43339211121061,
      72.44740572340677,
      74.3310779805239,
      76.0887653744056,
      77.69190950423263,
      79.27469163912907,
      80.68098309129931,
      82.04171534503837,
      83.3311162442399,
      84.5854668711132,
      85.69624468049278,
      86.78352169598233
    ],
    "intra_class_mean_dist": 1.4142431034403151,
    "inter_class_centroid_dist": 0.3909554465823023,
    "spectral_separability": 0.276441472920219,
    "variance_analysis": {
      "U_variance_mean": 0.00013803846530372786,
      "U_variance_std": 0.000152524581712153,
      "U_variance_max": 0.0021617162129553146,
      "U_variance_min": 4.198765141564415e-18,
      "U_variance_ratio": 2161707136.454744,
      "X_variance_mean": 0.0006122845313104213,
      "X_variance_std": 0.002534627625415219,
      "X_variance_max": 0.0960473219838801,
      "X_variance_min": 0.0,
      "X_variance_ratio": 96047321983.8801,
      "variance_ratio_reduction": 44.43123694424223
    },
    "eigenvalue_stats": {
      "min": 0.007723248528634528,
      "max": 1.4976862704908294,
      "mean": 0.6161821443645292,
      "std": 0.413704571459295,
      "d_effective": 1653
    },
    "span_verification_error": 2.8487673610033025e-15,
    "num_edges": 3679,
    "avg_degree": 3.470754716981132
  }
}