{
  "dataset": "citeseer",
  "split_type": "fixed",
  "component_type": "lcc",
  "k": 4,
  "d_effective": 2023,
  "ortho_error": 2.799493759031435e-08,
  "analysis": {
    "condition_number_U": 89.79587150601982,
    "singular_values_U_top20": [
      9.46147647659026,
      7.9105088712976945,
      7.225549930696412,
      6.956316177688554,
      6.8367749994432945,
      6.538437801674791,
      6.365343284121832,
      6.088999983812034,
      6.035471791131029,
      5.8719685865213505,
      5.728862810828742,
      5.5713074292330775,
      5.507788216204084,
      5.37510901651792,
      5.310601962066362,
      5.166200438189463,
      4.890810718219438,
      4.817156712761204,
      4.685959646890648,
      4.653208905576159
    ],
    "singular_values_U_bottom5": [
      0.18974523920450842,
      0.18871358367893692,
      0.17849206350727673,
      0.14295311301251973,
      0.1053664975672737
    ],
    "explained_variance_U_pct_top20": [
      2.9145052394912976,
      4.951809326092863,
      6.651574103264812,
      8.227027783570298,
      9.74879977735221,
      11.14065802110917,
      12.459797363040034,
      13.666885434748826,
      14.85284385080276,
      15.975416507542098,
      17.04393946406401,
      18.05449750060209,
      19.042143883630068,
      19.982779819316722,
      20.900973957085505,
      21.76991341032756,
      22.548682531545218,
      23.304172257579506,
      24.019070289057364,
      24.72401022334142
    ],
    "condition_number_X": 35.598772202320156,
    "singular_values_X_top20": [
      11.420368881080499,
      5.592594529429472,
      4.798099517287206,
      4.541771087027206,
      4.32137590251802,
      4.080912020001092,
      3.990057069041402,
      3.8498380489647888,
      3.7078060024482435,
      3.6026350070585442,
      3.5435918919863143,
      3.490813984890155,
      3.44200158816534,
      3.3363679183411366,
      3.268944139154351,
      3.243698368589124,
      3.1370024431235026,
      3.0979099618979835,
      3.0532800183720727,
      3.0137996705648153
    ],
    "explained_variance_X_pct_top20": [
      20.66941036009096,
      25.626131547078774,
      29.274564137552684,
      32.54358962160174,
      35.50304581162708,
      38.14230649132987,
      40.66535754436506,
      43.014193814473956,
      45.19291587085567,
      47.249793019068846,
      49.23980285187397,
      51.170976105972244,
      53.048519383989024,
      54.8125889057669,
      56.506079629953,
      58.17351399724113,
      59.73305765736411,
      61.25397427864162,
      62.731384484594166,
      64.17083449045695
    ],
    "intra_class_mean_dist": 1.3675841053056972,
    "inter_class_centroid_dist": 0.4370666933242736,
    "spectral_separability": 0.3195903576450062,
    "variance_analysis": {
      "U_variance_mean": 0.0006154100056711199,
      "U_variance_std": 0.002076942912922263,
      "U_variance_max": 0.04814612194208695,
      "U_variance_min": 3.137979081208103e-19,
      "U_variance_ratio": 48146106833.93934,
      "X_variance_mean": 0.0017086956587012625,
      "X_variance_std": 0.004726517284025761,
      "X_variance_max": 0.11750542473308054,
      "X_variance_min": 0.0,
      "X_variance_ratio": 117505424733.08054,
      "variance_ratio_reduction": 2.4406007559109257
    },
    "eigenvalue_stats": {
      "min": 0.7266946299828241,
      "max": 445.22030619607,
      "mean": 6.429580627915694,
      "std": 20.502730926444524,
      "d_effective": 2023
    },
    "span_verification_error": 2.377922989829331e-15,
    "num_edges": 4739,
    "avg_degree": 4.470754716981132
  }
}