k,sgc_mlp,restr_std,restr_rn,part_a,part_b,rem_gap,n_runs,fisher_score,mean_fisher_score,fisher_score_X_diffused,log_magnitude,dual_stream,spec_alpha-1.0,spec_alpha-0.5,spec_alpha0.0,spec_alpha0.5,spec_alpha1.0,best_spectral_alpha,part_b6,part_b5_logmag,part_b5_dual,best_nested_spheres_key,part_b6_nested
1,54.5098,23.1272,70.7089,31.3826,47.5817,-16.1991,15,0.06687597675040323,0.06687597675040323,0.029388801732920643,,,,,,,,,,,,,
2,52.1971,24.7863,70.1357,27.4108,45.3494,-17.9387,15,0.07429379518756504,0.07429379518756504,0.032919378559997756,,,,,,,,,,,,,
4,61.5887,26.8477,69.7335,34.7411,42.8859,-8.1448,15,0.07721295736772923,0.07721295736772923,0.05498986855984495,,,,,,,,,,,,,
6,60.4927,24.9975,69.3213,35.4952,44.3238,-8.8286,15,0.07540443993237556,0.07540443993237556,0.07078477512704265,,,,,,,,,,,,,
8,60.4827,25.7215,69.8844,34.7612,44.1629,-9.4017,15,0.07719600275463162,0.07719600275463162,0.07937797931053088,,,,,,,,,,,,,
10,62.9764,31.1614,69.5224,31.815,38.361,-6.546,15,0.07552253975673,0.07552253975673,0.08341150718750176,66.7873,68.3962,23.0568,25.8019,69.9145,69.9648,69.9145,0.5,0.44243335723876953,-2.7350425720214844,-1.1261940002441406,nested_spheres_a0.0_b0.0,0.5027651786804199
12,64.7361,30.1458,69.3213,34.5902,39.1755,-4.5852,15,0.07700054054700733,0.07700054054700733,0.08471604422139546,,,,,,,,,,,,,
20,67.8431,26.7974,64.0121,41.0458,37.2147,3.8311,15,0.06784663184472098,0.06784663184472098,0.07777582860792576,,,,,,,,,,,,,
30,69.7235,34.8919,60.1911,34.8316,25.2991,9.5324,15,0.058690333429187926,0.058690333429187926,0.062092576801749184,,,,,,,,,,,,,
