k,sgc_mlp,restr_std,restr_rn,part_a,part_b,rem_gap,n_runs,fisher_score,mean_fisher_score,fisher_score_X_diffused,log_magnitude,dual_stream,spec_alpha-1.0,spec_alpha-0.5,spec_alpha0.0,spec_alpha0.5,spec_alpha1.0,best_spectral_alpha,part_b6,part_b5_logmag,part_b5_dual,best_nested_spheres_key,part_b6_nested
1,54.5098,23.5093,23.5294,31.0005,0.0201,30.9804,15,0.007811884564911891,0.007811884564911891,0.029388801732920643,,,,,,,,,,,,,
2,52.1971,24.0925,23.7909,28.1046,-0.3017,28.4062,15,0.0075793141302090096,0.0075793141302090096,0.032919378559997756,,,,,,,,,,,,,
4,61.5887,26.2142,25.3193,35.3746,-0.8949,36.2695,15,0.007601614359090883,0.007601614359090883,0.05498986855984495,,,,,,,,,,,,,
6,60.4927,24.1629,28.0141,36.3298,3.8512,32.4786,15,0.007734445806329955,0.007734445806329955,0.07078477512704265,,,,,,,,,,,,,
8,60.4827,27.6018,25.9226,32.8808,-1.6792,34.5601,15,0.007877168507939928,0.007877168507939928,0.07937797931053088,,,,,,,,,,,,,
10,62.9764,31.0608,29.7034,31.9155,-1.3575,33.273,15,0.0075387135983560815,0.0075387135983560815,0.08341150718750176,26.3751,26.3348,69.8441,69.7235,25.7014,23.0669,24.9774,-1.0,40.140774945418045,-3.3283057808876,-3.3685272932052577,nested_spheres_a-1.0_b0.0,39.98994539181392
12,64.7361,29.6229,29.5928,35.1131,-0.0302,35.1433,15,0.006876551389554995,0.006876551389554995,0.08471604422139546,,,,,,,,,,,,,
20,67.8431,28.0342,26.0633,39.809,-1.9708,41.7798,15,0.009095206868063964,0.009095206868063964,0.07777582860792576,,,,,,,,,,,,,
30,69.7235,34.8819,27.7526,34.8416,-7.1292,41.9708,15,0.008234839957625521,0.008234839957625521,0.062092576801749184,,,,,,,,,,,,,
