{
  "metadata": {
    "dataset": "coauthor-cs",
    "split_type": "fixed",
    "component_type": "lcc",
    "k_diffusion": 0,
    "num_nodes": 18333,
    "num_features": 6805,
    "num_classes": 15,
    "num_random_splits": 1,
    "num_seeds": 5,
    "epochs": 200,
    "whitening_eps": 1e-06,
    "wadia_regime": "n > d (structure retained)",
    "timestamp": "2026-01-01T19:56:50.197966"
  },
  "final_results": {
    "original_Linear": {
      "val_acc_mean": 0.946481192111969,
      "val_acc_std": 0.000798080063756093,
      "test_acc_mean": 0.9441111803054809,
      "test_acc_std": 0.00048767832135995385,
      "train_time_mean": 0.6509860515594482
    },
    "original_Linear+RowNorm": {
      "val_acc_mean": 0.9139116287231446,
      "val_acc_std": 0.00027817810297645166,
      "test_acc_mean": 0.9181569933891296,
      "test_acc_std": 0.0006766539485068582,
      "train_time_mean": 1.3748379230499268
    },
    "original_MLP": {
      "val_acc_mean": 0.9435897588729858,
      "val_acc_std": 0.0008694614622104161,
      "test_acc_mean": 0.9454198241233825,
      "test_acc_std": 0.0016841205755928033,
      "train_time_mean": 1.7337596416473389
    },
    "original_MLP+RowNorm": {
      "val_acc_mean": 0.9380796670913696,
      "val_acc_std": 0.0024821161009766475,
      "test_acc_mean": 0.9443292856216431,
      "test_acc_std": 0.0031718724392036054,
      "train_time_mean": 2.6151753425598145
    },
    "pca_whiten_Linear": {
      "val_acc_mean": 0.5330605626106262,
      "val_acc_std": 0.0013183828357123607,
      "test_acc_mean": 0.5250817656517028,
      "test_acc_std": 0.0011437397195793618,
      "train_time_mean": 0.6209074497222901
    },
    "pca_whiten_Linear+RowNorm": {
      "val_acc_mean": 0.666066563129425,
      "val_acc_std": 0.0003180978225277612,
      "test_acc_mean": 0.6917120695114136,
      "test_acc_std": 0.0002040188418281556,
      "train_time_mean": 1.3643730640411378
    },
    "pca_whiten_MLP": {
      "val_acc_mean": 0.7835788488388061,
      "val_acc_std": 0.0038016924835581624,
      "test_acc_mean": 0.7897491455078125,
      "test_acc_std": 0.004576247634862402,
      "train_time_mean": 1.7691182136535644
    },
    "pca_whiten_MLP+RowNorm": {
      "val_acc_mean": 0.8529732942581176,
      "val_acc_std": 0.019681564720623115,
      "test_acc_mean": 0.8666848063468933,
      "test_acc_std": 0.022059656956267888,
      "train_time_mean": 2.711958646774292
    },
    "zca_whiten_Linear": {
      "val_acc_mean": 0.6351336598396301,
      "val_acc_std": 0.0023439778477248054,
      "test_acc_mean": 0.6286804676055908,
      "test_acc_std": 0.0004561999990185334,
      "train_time_mean": 0.6172665119171142
    },
    "zca_whiten_Linear+RowNorm": {
      "val_acc_mean": 0.7379160046577453,
      "val_acc_std": 0.00036188084137143907,
      "test_acc_mean": 0.7625954031944275,
      "test_acc_std": 0.0004006850510891768,
      "train_time_mean": 1.3650941371917724
    },
    "zca_whiten_MLP": {
      "val_acc_mean": 0.7685761213302612,
      "val_acc_std": 0.004256002292439793,
      "test_acc_mean": 0.7801526546478271,
      "test_acc_std": 0.007288099203504811,
      "train_time_mean": 1.7576354026794434
    },
    "zca_whiten_MLP+RowNorm": {
      "val_acc_mean": 0.7683033466339111,
      "val_acc_std": 0.008103991929251816,
      "test_acc_mean": 0.7809705257415771,
      "test_acc_std": 0.011353381493589488,
      "train_time_mean": 2.711116600036621
    },
    "full_zca_whiten_Linear": {
      "val_acc_mean": 0.5217130541801452,
      "val_acc_std": 0.0020673593006392587,
      "test_acc_mean": 0.5263903737068176,
      "test_acc_std": 0.0017533189549108167,
      "train_time_mean": 0.6196840763092041
    },
    "full_zca_whiten_Linear+RowNorm": {
      "val_acc_mean": 0.6693398952484131,
      "val_acc_std": 0.0005289523842483271,
      "test_acc_mean": 0.6936750173568725,
      "test_acc_std": 0.0002181053161621094,
      "train_time_mean": 1.372272825241089
    },
    "full_zca_whiten_MLP": {
      "val_acc_mean": 0.8110202074050903,
      "val_acc_std": 0.003939348494086869,
      "test_acc_mean": 0.821483039855957,
      "test_acc_std": 0.0035978639513202905,
      "train_time_mean": 1.7522066116333008
    },
    "full_zca_whiten_MLP+RowNorm": {
      "val_acc_mean": 0.8120021939277648,
      "val_acc_std": 0.006259381872446475,
      "test_acc_mean": 0.822519052028656,
      "test_acc_std": 0.006662405717118601,
      "train_time_mean": 2.709924411773682
    },
    "rayleigh_ritz_Linear": {
      "val_acc_mean": 0.2560283690690994,
      "val_acc_std": 0.00802279725984314,
      "test_acc_mean": 0.24498363733291625,
      "test_acc_std": 0.006063391518147243,
      "train_time_mean": 0.6213106632232666
    },
    "rayleigh_ritz_Linear+RowNorm": {
      "val_acc_mean": 0.48767049312591554,
      "val_acc_std": 0.00031811417754601856,
      "test_acc_mean": 0.5106869816780091,
      "test_acc_std": 0.00046905321802440857,
      "train_time_mean": 1.3700330257415771
    },
    "rayleigh_ritz_MLP": {
      "val_acc_mean": 0.46241135001182554,
      "val_acc_std": 0.001649341317327904,
      "test_acc_mean": 0.46657576560974123,
      "test_acc_std": 0.002171460005622195,
      "train_time_mean": 1.7532742977142335
    },
    "rayleigh_ritz_MLP+RowNorm": {
      "val_acc_mean": 0.8791598677635193,
      "val_acc_std": 0.007196359869536623,
      "test_acc_mean": 0.888058853149414,
      "test_acc_std": 0.007206056818837771,
      "train_time_mean": 2.70814471244812
    }
  },
  "whitening_analysis": {
    "pca_whiten": {
      "name": "pca_whiten",
      "dim_original": 6805,
      "dim_whitened": 6805,
      "dist_from_I_original": 687.9008140209033,
      "dist_from_I_whitened": 118.32002473718217,
      "condition_original": 251101.109375,
      "condition_whitened": 56767593578496.0,
      "entropy_original": 7.054906845092773,
      "entropy_whitened": 8.231751441955566,
      "max_entropy_original": 8.825118970345061,
      "max_entropy_whitened": 8.825412915085566,
      "uniformity_original": 0.7994120950436238,
      "uniformity_whitened": 0.9327327255005559,
      "whitening_indicators": 2
    },
    "zca_whiten": {
      "name": "zca_whiten",
      "dim_original": 6805,
      "dim_whitened": 6805,
      "dist_from_I_original": 687.9008140209033,
      "dist_from_I_whitened": 118.32002390915797,
      "condition_original": 251101.109375,
      "condition_whitened": 4646483456.0,
      "entropy_original": 7.054906845092773,
      "entropy_whitened": 8.231751441955566,
      "max_entropy_original": 8.825118970345061,
      "max_entropy_whitened": 8.825412915085566,
      "uniformity_original": 0.7994120950436238,
      "uniformity_whitened": 0.9327327255005559,
      "whitening_indicators": 2
    },
    "full_zca_whiten": {
      "name": "full_zca_whiten",
      "dim_original": 6805,
      "dim_whitened": 6805,
      "dist_from_I_original": 687.9008140209033,
      "dist_from_I_whitened": 1.4144216492832162,
      "condition_original": 251101.109375,
      "condition_whitened": 8784091.0,
      "entropy_original": 7.054906845092773,
      "entropy_whitened": 8.825118064880371,
      "max_entropy_original": 8.825118970345061,
      "max_entropy_whitened": 8.825265953515752,
      "uniformity_original": 0.7994120950436238,
      "uniformity_whitened": 0.9999832425859845,
      "whitening_indicators": 2
    },
    "rayleigh_ritz": {
      "name": "rayleigh_ritz",
      "dim_original": 6805,
      "dim_whitened": 6802,
      "dist_from_I_original": 687.9008140209033,
      "dist_from_I_whitened": 42.645181224055115,
      "condition_original": 251101.109375,
      "condition_whitened": 41.817989349365234,
      "entropy_original": 7.054906845092773,
      "entropy_whitened": 8.691113471984863,
      "max_entropy_original": 8.825118970345061,
      "max_entropy_whitened": 8.82497196556714,
      "uniformity_original": 0.7994120950436238,
      "uniformity_whitened": 0.9848318505594624,