{
  "fisher_score": 0.002639519912722397,
  "mean_fisher_score": 0.0028176344977010773,
  "std_fisher_score": 0.00016370583738463756,
  "per_split": [
    {
      "split": 0,
      "fisher_score": 0.002639519912722397,
      "fisher_score_U": 0.002639519912722397,
      "between_class_variance": 7.602510802140881e-05,
      "within_class_variance": 0.028802627195563237,
      "per_feature_U_stats": {
        "mean": 9.623812271419697e-05,
        "std": 0.00010762493501978203,
        "max": 0.0017977965536467519,
        "top5": [
          0.0017977965536467519,
          0.00045625935394501494,
          0.00030263750088110327,
          0.000247007826825408,
          0.00020473407978045113
        ]
      },
      "note": "Computed on training set only to prevent data leakage",
      "fisher_score_X_diffused": 0.007275646913804103,
      "between_class_variance_X": 0.006831689542231062,
      "within_class_variance_X": 0.9389803577836193,
      "per_feature_X_stats": {
        "mean": 0.006406848533930546,
        "std": 0.004534661189206356,
        "max": 0.020581376213836274,
        "top5": [
          0.020581376213836274,
          0.020401283387955254,
          0.020176565668298778,
          0.0196364609905551,
          0.01944912845882999
        ],
        "n_cols_sampled": 300
      }
    },
    {
      "split": 1,
      "fisher_score": 0.002949346910383527,
      "fisher_score_U": 0.002949346910383527,
      "between_class_variance": 8.532252956488002e-05,
      "within_class_variance": 0.02892929592802118,
      "per_feature_U_stats": {
        "mean": 0.00010461213323909739,
        "std": 0.00012160958082377759,
        "max": 0.0020609184443797102,
        "top5": [
          0.0020609184443797102,
          0.0004783429281940591,
          0.00030851076027286757,
          0.00024154531526713094,
          0.00020714851036389604
        ]
      },
      "note": "Computed on training set only to prevent data leakage",
      "fisher_score_X_diffused": 0.006048359688603319,
      "between_class_variance_X": 0.005576701476959654,
      "within_class_variance_X": 0.9220188223044354,
      "per_feature_X_stats": {
        "mean": 0.006341396411386608,
        "std": 0.004549499434346308,
        "max": 0.02385592156973298,
        "top5": [
          0.02385592156973298,
          0.020570453234793066,
          0.020430513227525555,
          0.019959608262381537,
          0.019263164931153154
        ],
        "n_cols_sampled": 300
      }
    },
    {
      "split": 2,
      "fisher_score": 0.003068069875843065,
      "fisher_score_U": 0.003068069875843065,
      "between_class_variance": 8.659143984818725e-05,
      "within_class_variance": 0.028223424938909863,
      "per_feature_U_stats": {
        "mean": 0.0001066573169147361,
        "std": 0.00010996482428941135,
        "max": 0.0018190919706443187,
        "top5": [
          0.0018190919706443187,
          0.00043229248765737214,
          0.0003382461843323945,
          0.0002762739521718921,
          0.00022064943547989055
        ]
      },
      "note": "Computed on training set only to prevent data leakage",
      "fisher_score_X_diffused": 0.006544288959320188,
      "between_class_variance_X": 0.005872564413111658,
      "within_class_variance_X": 0.897357138356203,
      "per_feature_X_stats": {
        "mean": 0.006373811388217189,
        "std": 0.004563073766653526,
        "max": 0.02269229962758471,
        "top5": [
          0.02269229962758471,
          0.020373958000349926,
          0.019934649680715504,
          0.019904614689112542,
          0.019737914581957682
        ],
        "n_cols_sampled": 300
      }
    },
    {
      "split": 3,
      "fisher_score": 0.0026892324085850405,
      "fisher_score_U": 0.0026892324085850405,
      "between_class_variance": 7.765770322205881e-05,
      "within_class_variance": 0.02887727478448729,
      "per_feature_U_stats": {
        "mean": 9.764871181687573e-05,
        "std": 0.00010705533725097557,
        "max": 0.001777753325177096,
        "top5": [
          0.001777753325177096,
          0.000437153076596295,
          0.0002770576875783581,
          0.00026037700628812665,
          0.0002523850569582805
        ]
      },
      "note": "Computed on training set only to prevent data leakage",
      "fisher_score_X_diffused": 0.006939073334409281,
      "between_class_variance_X": 0.006715041772969309,
      "within_class_variance_X": 0.9677144842483433,
      "per_feature_X_stats": {
        "mean": 0.00627264718550555,
        "std": 0.004498931411747658,
        "max": 0.022613782429193607,
        "top5": [
          0.022613782429193607,
          0.020677254752933645,
          0.020252364112821802,
          0.01960043639995951,
          0.019515168642534914
        ],
        "n_cols_sampled": 300
      }
    },
    {
      "split": 4,
      "fisher_score": 0.0027420033809713567,
      "fisher_score_U": 0.0027420033809713567,
      "between_class_variance": 7.773807376240079e-05,
      "within_class_variance": 0.0283508307472845,
      "per_feature_U_stats": {
        "mean": 9.654308454465272e-05,
        "std": 0.00010900601279373453,
        "max": 0.001821963703149666,
        "top5": [
          0.001821963703149666,
          0.00045745823217737314,
          0.000310579657969592,
          0.0002745182972200671,
          0.00024231239134351207
        ]
      },
      "note": "Computed on training set only to prevent data leakage",
      "fisher_score_X_diffused": 0.00542999370564312,
      "between_class_variance_X": 0.0049812974529699645,
      "within_class_variance_X": 0.917367076833469,
      "per_feature_X_stats": {
        "mean": 0.006207074026731317,
        "std": 0.004453497317399729,
        "max": 0.02272583620911476,
        "top5": [
          0.02272583620911476,
          0.022467039106629554,
          0.019104718587430396,
          0.018867083816873787,
          0.018629376753958354
        ],
        "n_cols_sampled": 300
      }
    }
  ],
  "note": "Fisher score computed on training set only (no leakage)"
}