{
  "fisher_score": 0.003355827683349698,
  "mean_fisher_score": 0.0035906061913277094,
  "std_fisher_score": 0.00021717340051578506,
  "per_split": [
    {
      "split": 0,
      "fisher_score": 0.003355827683349698,
      "fisher_score_U": 0.003355827683349698,
      "between_class_variance": 0.00012772324312929152,
      "within_class_variance": 0.03806013156247688,
      "per_feature_U_stats": {
        "mean": 0.00013545035800385994,
        "std": 0.0001808678731037658,
        "max": 0.003007599605268702,
        "top5": [
          0.003007599605268702,
          0.0007495975840868395,
          0.0004978308726457115,
          0.0004793530523825122,
          0.0003084573779198083
        ]
      },
      "note": "Computed on training set only to prevent data leakage",
      "fisher_score_X_diffused": 0.007275646913804103,
      "between_class_variance_X": 0.006831689542231062,
      "within_class_variance_X": 0.9389803577836193,
      "per_feature_X_stats": {
        "mean": 0.006406848533930546,
        "std": 0.004534661189206356,
        "max": 0.020581376213836274,
        "top5": [
          0.020581376213836274,
          0.020401283387955254,
          0.020176565668298778,
          0.0196364609905551,
          0.01944912845882999
        ],
        "n_cols_sampled": 300
      }
    },
    {
      "split": 1,
      "fisher_score": 0.0037437588964539066,
      "fisher_score_U": 0.0037437588964539066,
      "between_class_variance": 0.00014334136659381328,
      "within_class_variance": 0.03828808706927853,
      "per_feature_U_stats": {
        "mean": 0.00014647193684075053,
        "std": 0.000203931468464861,
        "max": 0.0034477858372759865,
        "top5": [
          0.0034477858372759865,
          0.0007858791260996182,
          0.0005074922349889604,
          0.00046875228887408184,
          0.00029550522145796075
        ]
      },
      "note": "Computed on training set only to prevent data leakage",
      "fisher_score_X_diffused": 0.006048359688603319,
      "between_class_variance_X": 0.005576701476959654,
      "within_class_variance_X": 0.9220188223044354,
      "per_feature_X_stats": {
        "mean": 0.006341396411386608,
        "std": 0.004549499434346308,
        "max": 0.02385592156973298,
        "top5": [
          0.02385592156973298,
          0.020570453234793066,
          0.020430513227525555,
          0.019959608262381537,
          0.019263164931153154
        ],
        "n_cols_sampled": 300
      }
    },
    {
      "split": 2,
      "fisher_score": 0.003936008885592328,
      "fisher_score_U": 0.003936008885592328,
      "between_class_variance": 0.000145731573330122,
      "within_class_variance": 0.03702521451706299,
      "per_feature_U_stats": {
        "mean": 0.0001490956315430193,
        "std": 0.00018358330788410557,
        "max": 0.0030432254863712693,
        "top5": [
          0.0030432254863712693,
          0.0007102219420610026,
          0.0005564062388144615,
          0.0005361480402098379,
          0.00031476480151392515
        ]
      },
      "note": "Computed on training set only to prevent data leakage",
      "fisher_score_X_diffused": 0.006544288959320188,
      "between_class_variance_X": 0.005872564413111658,
      "within_class_variance_X": 0.897357138356203,
      "per_feature_X_stats": {
        "mean": 0.006373811388217189,
        "std": 0.004563073766653526,
        "max": 0.02269229962758471,
        "top5": [
          0.02269229962758471,
          0.020373958000349926,
          0.019934649680715504,
          0.019904614689112542,
          0.019737914581957682
        ],
        "n_cols_sampled": 300
      }
    },
    {
      "split": 3,
      "fisher_score": 0.0034190151944744605,
      "fisher_score_U": 0.0034190151944744605,
      "between_class_variance": 0.0001303912326724685,
      "within_class_variance": 0.03813707317919979,
      "per_feature_U_stats": {
        "mean": 0.00013687108999724766,
        "std": 0.00017909640230954045,
        "max": 0.0029740685535245026,
        "top5": [
          0.0029740685535245026,
          0.0007182074984120578,
          0.0005052978052166541,
          0.00045575274247836034,
          0.0003600368705715424
        ]
      },
      "note": "Computed on training set only to prevent data leakage",
      "fisher_score_X_diffused": 0.006939073334409281,
      "between_class_variance_X": 0.006715041772969309,
      "within_class_variance_X": 0.9677144842483433,
      "per_feature_X_stats": {
        "mean": 0.00627264718550555,
        "std": 0.004498931411747658,
        "max": 0.022613782429193607,
        "top5": [
          0.022613782429193607,
          0.020677254752933645,
          0.020252364112821802,
          0.01960043639995951,
          0.019515168642534914
        ],
        "n_cols_sampled": 300
      }
    },
    {
      "split": 4,
      "fisher_score": 0.003498420296768154,
      "fisher_score_U": 0.003498420296768154,
      "between_class_variance": 0.00013072376597449587,
      "within_class_variance": 0.03736651256433045,
      "per_feature_U_stats": {
        "mean": 0.0001355043350524907,
        "std": 0.0001827824847970833,
        "max": 0.0030480297127197633,
        "top5": [
          0.0030480297127197633,
          0.0007515672395167869,
          0.0005108955175011827,
          0.00047024090668680547,
          0.00037975754295280554
        ]
      },
      "note": "Computed on training set only to prevent data leakage",
      "fisher_score_X_diffused": 0.00542999370564312,
      "between_class_variance_X": 0.0049812974529699645,
      "within_class_variance_X": 0.917367076833469,
      "per_feature_X_stats": {
        "mean": 0.006207074026731317,
        "std": 0.004453497317399729,
        "max": 0.02272583620911476,
        "top5": [
          0.02272583620911476,
          0.022467039106629554,
          0.019104718587430396,
          0.018867083816873787,
          0.018629376753958354
        ],
        "n_cols_sampled": 300
      }
    }
  ],
  "note": "Fisher score computed on training set only (no leakage)"
}