{
  "dataset": "amazon-computers",
  "k": 20,
  "split_type": "fixed",
  "component_type": "lcc",
  "num_seeds": 15,
  "num_splits": 1,
  "total_runs_per_method": 15,
  "metadata": {
    "d_effective": 767,
    "ortho_error": 6.299794019781757e-10,
    "num_components": 0,
    "num_nodes": 13381,
    "num_features": 767,
    "num_classes": 10
  },
  "experiments": {
    "sgc_mlp_baseline": {
      "test_acc_mean": 0.7982311964035034,
      "test_acc_std": 0.008600303824794518,
      "val_acc_mean": 0.7879082878430684,
      "val_acc_std": 0.006994855055937497,
      "per_run_test_acc": [
        0.8153961300849915,
        0.7967115044593811,
        0.8109118342399597,
        0.7963378429412842,
        0.7970852255821228,
        0.8000747561454773,
        0.7997010350227356,
        0.7899850606918335,
        0.7765321135520935,
        0.7974588871002197,
        0.7967115044593811,
        0.8030642867088318,
        0.7907324433326721,
        0.8015695214271545,
        0.8011958003044128
      ],
      "n_runs": 15,
      "train_acc_mean": 0.7890673557917277,
      "train_acc_std": 0.00858526717261247,
      "num_params": 264970,
      "param_to_train_ratio": 32.99340057278047
    },
    "restricted_standard_mlp": {
      "test_acc_mean": 0.897708014647166,
      "test_acc_std": 0.0026228424494743256,
      "val_acc_mean": 0.8945400516192118,
      "val_acc_std": 0.0018064546066114402,
      "per_run_test_acc": [
        0.8949925303459167,
        0.9009715914726257,
        0.8972346782684326,
        0.8979820609092712,
        0.8979820609092712,
        0.8961135745048523,
        0.8931240439414978,
        0.8979820609092712,
        0.902466356754303,
        0.896487295627594,
        0.8938714265823364,
        0.8968609571456909,
        0.9005979299545288,
        0.8976083397865295,
        0.9013453125953674
      ],
      "n_runs": 15,
      "train_acc_mean": 0.9613248586654664,
      "train_acc_std": 0.006980061998894408,
      "num_params": 264970,
      "param_to_train_ratio": 32.99340057278047
    },
    "restricted_rownorm_mlp": {
      "test_acc_mean": 0.898555060227712,
      "test_acc_std": 0.0018300362242968798,
      "val_acc_mean": 0.8998753746350606,
      "val_acc_std": 0.002241606477292615,
      "per_run_test_acc": [
        0.896487295627594,
        0.9002242088317871,
        0.8942451477050781,
        0.8983557820320129,
        0.8979820609092712,
        0.8983557820320129,
        0.8998505473136902,
        0.8976083397865295,
        0.8961135745048523,
        0.8994768261909485,
        0.8994768261909485,
        0.8991031646728516,
        0.9009715914726257,
        0.8987294435501099,
        0.9013453125953674
      ],
      "n_runs": 15,
      "train_acc_mean": 0.9862200617790222,
      "train_acc_std": 0.0039641880005754585,
      "num_params": 264448,
      "param_to_train_ratio": 32.9284024405429
    }
  },
  "framework_analysis": {
    "sgc_mlp_acc_pct": 79.82311964035034,
    "restricted_std_acc_pct": 89.7708014647166,
    "restricted_rownorm_acc_pct": 89.85550602277121,
    "part_a_pp": -9.947681824366256,
    "part_b_pp": 0.08470455805461086,
    "remaining_gap_pp": -10.032386382420867
  }
}