{
  "dataset": "citeseer",
  "k": 6,
  "num_splits": 5,
  "num_seeds": 5,
  "total_runs": 25,
  "precompute_time": 0.16800665855407715,
  "sgc_baseline": {
    "test_acc_mean": 0.7554354619979858,
    "test_acc_std": 0.011855733171583359,
    "val_acc_mean": 0.74827068567276,
    "val_acc_std": 0.012731425344267229,
    "train_time_mean": 0.03900752067565918,
    "train_time_std": 0.004262011614349786
  },
  "rownorm_variant": {
    "test_acc_mean": 0.26156156897544863,
    "test_acc_std": 0.021796094131637408,
    "val_acc_mean": 0.25088722169399263,
    "val_acc_std": 0.021158404182927183,
    "train_time_mean": 0.04384451866149902,
    "train_time_std": 0.0039034688335146967
  },
  "improvement": {
    "absolute_pp": -49.38738930225372,
    "relative_percent": -65.37605366265609
  }
}