{
  "dataset": "amazon-computers",
  "split_type": "random",
  "component_type": "lcc",
  "num_components": 1,
  "k_diffusion": 6,
  "num_splits": 5,
  "num_seeds": 5,
  "total_runs": 25,
  "precompute_time": 1.6811347007751465,
  "metadata": {
    "k_full": 766,
    "k_nclasses": 10,
    "k_2nclasses": 20
  },
  "results": {
    "sgc_baseline": {
      "test_acc_mean": 0.8119835877418518,
      "test_acc_std": 0.007024161197519738,
      "test_acc_min": 0.7900635004043579,
      "test_acc_max": 0.8192006349563599
    },
    "full_logistic": {
      "test_acc_mean": 0.8624580001831055,
      "test_acc_std": 0.008977084265086714,
      "test_acc_min": 0.8513261079788208,
      "test_acc_max": 0.8804632425308228
    },
    "full_mlp": {
      "test_acc_mean": 0.8875308418273926,
      "test_acc_std": 0.005058202602128663,
      "test_acc_min": 0.8800897002220154,
      "test_acc_max": 0.8965259790420532
    },
    "nclasses_logistic": {
      "test_acc_mean": 0.33672021865844726,
      "test_acc_std": 0.008965882977960294,
      "test_acc_min": 0.31938737630844116,
      "test_acc_max": 0.3522599935531616
    },
    "nclasses_mlp": {
      "test_acc_mean": 0.5629137253761292,
      "test_acc_std": 0.008348819397645002,
      "test_acc_min": 0.5420246720314026,
      "test_acc_max": 0.5737766027450562
    },
    "2nclasses_logistic": {
      "test_acc_mean": 0.3312364673614502,
      "test_acc_std": 0.007640603794732723,
      "test_acc_min": 0.3130369782447815,
      "test_acc_max": 0.3444153964519501
    },
    "2nclasses_mlp": {
      "test_acc_mean": 0.6760702466964722,
      "test_acc_std": 0.0064956718991009705,
      "test_acc_min": 0.6593201756477356,
      "test_acc_max": 0.6895778775215149
    }
  },
  "improvements": {
    "full_logistic": 5.047441244125372,
    "full_mlp": 7.554725408554086,
    "nclasses_logistic": -47.52633690834045,
    "nclasses_mlp": -24.90698623657226,
    "2nclasses_logistic": -48.074712038040154,
    "2nclasses_mlp": -13.591334104537955
  }
}