{
  "fisher_score": 0.057721055137889034,
  "std_fisher_score": 0.0,
  "per_split": [
    {
      "split": 0,
      "fisher_score": 0.057721055137889034,
      "fisher_score_U": 0.057721055137889034,
      "between_class_variance": 0.0001299774546429485,
      "within_class_variance": 0.0022518204896367047,
      "per_feature_U_stats": {
        "mean": 0.07541785957272827,
        "std": 0.06383464419715502,
        "max": 0.4802955830024831,
        "top5": [
          0.4802955830024831,
          0.4680938147098549,
          0.35682177759694833,
          0.2848902506636538,
          0.28391015620769045
        ]
      },
      "note": "Computed on training set only to prevent data leakage",
      "fisher_score_X_diffused": 0.14386751849248405,
      "between_class_variance_X": 0.1576755720245859,
      "within_class_variance_X": 1.0959775610004923,
      "per_feature_X_stats": {
        "mean": 0.2245351481116941,
        "std": 0.11881247470864612,
        "max": 0.974043459542851,
        "top5": [
          0.974043459542851,
          0.7730811580037604,
          0.6709952696067197,
          0.6436792534013972,
          0.6150309552159572
        ],
        "n_cols_sampled": 300
      }
    }
  ],
  "note": "Fisher score computed on training set only (no leakage)"
}