{
  "dataset": "amazon-photo",
  "split_type": "random",
  "component_type": "lcc",
  "k": 1,
  "d_effective": 745,
  "ortho_error": 2.2065083093991689e-10,
  "analysis": {
    "condition_number_U": 10.598133967941026,
    "singular_values_U_top20": [
      0.38698141599349095,
      0.36617569440049114,
      0.35290627656004453,
      0.349780177043494,
      0.3437637763619676,
      0.34232445885586316,
      0.33890963027595405,
      0.335388842072812,
      0.3331982208301596,
      0.331890887767073,
      0.33120917690735874,
      0.3282483402692081,
      0.32619741935583135,
      0.325766010229199,
      0.3225183130124945,
      0.32229979838702094,
      0.32059464206972954,
      0.31963940990068707,
      0.31781847665335505,
      0.31550409308354493
    ],
    "singular_values_U_bottom5": [
      0.06992478812493978,
      0.062027220273322296,
      0.06021374722265577,
      0.055410280358960944,
      0.03651410872556394
    ],
    "explained_variance_U_pct_top20": [
      0.5696558349845688,
      1.0797041991657914,
      1.553456242829722,
      2.018852319574145,
      2.468375979019146,
      2.914143263724969,
      3.3510614788297732,
      3.778948931711866,
      4.2012650711211625,
      4.620273721502169,
      5.037562834531036,
      5.447424602501464,
      5.852180675054917,
      6.2558668434004305,
      6.651544102282932,
      7.046685379333355,
      7.437656654992056,
      7.8263015539470615,
      8.210530973578209,
      8.589184780052728
    ],
    "condition_number_X": 386.701419365795,
    "singular_values_X_top20": [
      732.5162484327232,
      95.24536407047474,
      86.94773466075756,
      61.09110079464779,
      60.43871809125674,
      48.06353286742798,
      44.23987366748767,
      35.99735186534631,
      31.51661780127571,
      30.259774214641105,
      27.18572237996148,
      24.22120400775925,
      23.719176952983037,
      21.21772329451069,
      20.544413043344917,
      19.92060995967515,
      18.679183420170762,
      18.224440961847275,
      16.391634059303065,
      15.862214398645383
    ],
    "explained_variance_X_pct_top20": [
      90.31998720342563,
      91.84698016336881,
      93.11950387957677,
      93.74771445596669,
      94.36257953907081,
      94.75142830277835,
      95.0808688863611,
      95.29898635495852,
      95.46618338264163,
      95.62031108658613,
      95.74471415646741,
      95.84346499625428,
      95.93816468957003,
      96.01394334673749,
      96.08498888651516,
      96.15178552490947,
      96.2105162166026,
      96.2664221332445,
      96.31164872306374,
      96.35400102046799
    ],
    "intra_class_mean_dist": 1.4072769454212908,
    "inter_class_centroid_dist": 0.14562986801675407,
    "spectral_separability": 0.10348344616216067,
    "variance_analysis": {
      "U_variance_mean": 7.8489222999018e-06,
      "U_variance_std": 1.799823332371295e-06,
      "U_variance_max": 1.2374351652409078e-05,
      "U_variance_min": 2.2084295953939116e-06,
      "U_variance_ratio": 5.603233209238301,
      "X_variance_mean": 0.05590594061698771,
      "X_variance_std": 0.018980425384445703,
      "X_variance_max": 0.142160397207728,
      "X_variance_min": 0.02130366925815975,
      "X_variance_ratio": 6.673047514883125,
      "variance_ratio_reduction": 1.1909280348852485
    },
    "eigenvalue_stats": {
      "min": 0.05279537659617191,
      "max": 1.4058300559490977,
      "mean": 0.7975271022099314,
      "std": 0.21392900660928113,
      "d_effective": 745
    },
    "span_verification_error": 0.45800678766904374,
    "num_edges": 119043,
    "avg_degree": 31.79991986109256
  }
}