{
  "dataset": "amazon-photo",
  "split_type": "random",
  "component_type": "lcc",
  "k": 10,
  "d_effective": 745,
  "ortho_error": 7.671042689949559e-10,
  "analysis": {
    "condition_number_U": 55.25802936219192,
    "singular_values_U_top20": [
      0.7052720364327482,
      0.704049446175348,
      0.6503618845718159,
      0.6485831638023974,
      0.6243357652807765,
      0.6215724919230227,
      0.6184851531178177,
      0.6144875762948852,
      0.595034302940503,
      0.5932769367731351,
      0.5922310480007545,
      0.5913362916899949,
      0.5844661899784397,
      0.5720364488280435,
      0.5670736893030784,
      0.5638784419260899,
      0.5630526971250436,
      0.5621830835113334,
      0.5584934272909253,
      0.5557834128314612
    ],
    "singular_values_U_bottom5": [
      0.017807706779627907,
      0.016076061961213424,
      0.014498801825828125,
      0.01351117275080212,
      0.01276324987650215
    ],
    "explained_variance_U_pct_top20": [
      0.8423633392275686,
      1.681808733259409,
      2.398110941189991,
      3.110500375850033,
      3.7706198678946192,
      4.424908990936903,
      5.07271457249564,
      5.712173038654807,
      6.311784787720817,
      6.90785999662652,
      7.501835414326824,
      8.094017404337874,
      8.672519470891046,
      9.226677374810695,
      9.771261683165903,
      10.309726225211092,
      10.846614864716312,
      11.381846376465266,
      11.910075401386566,
      12.433190542689374
    ],
    "condition_number_X": 23073296.9887339,
    "singular_values_X_top20": [
      691.0184297274053,
      79.2427275032172,
      64.71060524267337,
      50.88186384062481,
      40.6479468579928,
      31.28780748943675,
      21.809219833241116,
      18.36814022670383,
      14.76379608180637,
      12.051701314827081,
      10.067676747959169,
      9.268408008686585,
      8.449673965364008,
      7.597807200842421,
      7.401734001444506,
      6.55328266298305,
      6.1255673696704935,
      6.015876722087951,
      5.463476134720742,
      4.99769164010345
    ],
    "explained_variance_X_pct_top20": [
      96.43706681221092,
      97.70525458804276,
      98.55095327361492,
      99.0738196981757,
      99.40750875174706,
      99.60521254113031,
      99.70127307416621,
      99.7694119719934,
      99.81343306363772,
      99.8427663992653,
      99.86323665449228,
      99.88058567736341,
      99.89500499256823,
      99.90666345478753,
      99.91772795188623,
      99.92640121524177,
      99.93397926361554,
      99.94128834147293,
      99.94731675218173,
      99.95236108397576
    ],
    "intra_class_mean_dist": 1.3946136172401438,
    "inter_class_centroid_dist": 0.21450285616639114,
    "spectral_separability": 0.15380808957744108,
    "variance_analysis": {
      "U_variance_mean": 1.763612970608379e-05,
      "U_variance_std": 1.0339043118444523e-05,
      "U_variance_max": 9.135738674503488e-05,
      "U_variance_min": 1.551174423404718e-06,
      "U_variance_ratio": 58.89558677026485,
      "X_variance_mean": 0.0336615941806983,
      "X_variance_std": 0.014989705913087355,
      "X_variance_max": 0.11402243840430315,
      "X_variance_min": 0.0104064185689297,
      "X_variance_ratio": 10.956933707604403,
      "variance_ratio_reduction": 0.18603997868879615
    },
    "eigenvalue_stats": {
      "min": 0.03305687057387014,
      "max": 1.5668432150346565,
      "mean": 0.5752482867466817,
      "std": 0.23099888983390784,
      "d_effective": 745
    },
    "span_verification_error": 0.4848468453265965,
    "num_edges": 119043,
    "avg_degree": 31.79991986109256
  }
}