{
  "dataset": "amazon-photo",
  "split_type": "random",
  "component_type": "lcc",
  "k": 20,
  "d_effective": 745,
  "ortho_error": 3.6578484685634294e-10,
  "analysis": {
    "condition_number_U": 7.682616753133421,
    "singular_values_U_top20": [
      0.5773502398695595,
      0.5773502270543205,
      0.5773502201916251,
      0.5773502144058983,
      0.5773501730633072,
      0.5773501592404993,
      0.5773496899608627,
      0.5655918039635035,
      0.5639268966253833,
      0.5629706480318121,
      0.5621643092451696,
      0.5603806716530897,
      0.5594894630986225,
      0.5579914349697565,
      0.5576435325607152,
      0.5574899651292673,
      0.5573322395172634,
      0.5569503094451183,
      0.5562943669039492,
      0.5556351947422866
    ],
    "singular_values_U_bottom5": [
      0.11304769886491065,
      0.10824888530885496,
      0.10776376584657363,
      0.09363562677317235,
      0.0751502070741824
    ],
    "explained_variance_U_pct_top20": [
      0.28236297612902866,
      0.5647259397230354,
      0.847088896604406,
      1.1294518478265603,
      1.4118147586101197,
      1.6941776558731216,
      1.976540094117963,
      2.2475188624439513,
      2.51690464262914,
      2.7853776046121275,
      3.053082053594721,
      3.3190904495789986,
      3.5842534186696593,
      3.847998345656084,
      4.11141449021054,
      4.374685572307081,
      4.637807705647396,
      4.9005693365270035,
      5.162712402219065,
      5.424234591465924
    ],
    "condition_number_X": 1122096835.1054688,
    "singular_values_X_top20": [
      687.3342900960679,
      76.62622559657198,
      57.80166573973979,
      45.680556194986046,
      35.9985271585832,
      26.727292965357183,
      15.231428586950694,
      12.122309413529964,
      10.2741782829917,
      8.20047761525711,
      5.922958591764057,
      5.507541996867603,
      5.198327896724948,
      4.872830334627522,
      3.6503232463671407,
      3.265555091146121,
      3.104635162249342,
      2.9193042495219896,
      2.8062627925149135,
      2.599404297768247
    ],
    "explained_variance_X_pct_top20": [
      97.10331765992193,
      98.31016660364527,
      98.9968851161619,
      99.42578982386692,
      99.69214890727677,
      99.83897660703698,
      99.88666133661786,
      99.91686563671816,
      99.93856226467554,
      99.95238443823058,
      99.95959510523267,
      99.96582977825503,
      99.97138402778839,
      99.97626448632067,
      99.97900328869174,
      99.9811951449846,
      99.98317630334104,
      99.98492799138525,
      99.98654664798778,
      99.98793546718875
    ],
    "intra_class_mean_dist": 1.3757919853654716,
    "inter_class_centroid_dist": 0.27818022730297626,
    "spectral_separability": 0.20219642959257333,
    "variance_analysis": {
      "U_variance_mean": 2.1334678544140102e-05,
      "U_variance_std": 1.205986697187955e-05,
      "U_variance_max": 7.024165141142134e-05,
      "U_variance_min": 8.562859664963523e-07,
      "U_variance_ratio": 82.03050397792147,
      "X_variance_mean": 0.028712808753270883,
      "X_variance_std": 0.013603551589482047,
      "X_variance_max": 0.10531863560532752,
      "X_variance_min": 0.008923016629357837,
      "X_variance_ratio": 11.803030294375228,
      "variance_ratio_reduction": 0.1438858683295652
    },
    "eigenvalue_stats": {
      "min": 0.03689033824325646,
      "max": 1.1038443989694073,
      "mean": 0.42878726676191714,
      "std": 0.14139237137652405,
      "d_effective": 745
    },
    "span_verification_error": 0.5816031240506127,
    "num_edges": 122786,
    "avg_degree": 32.79991986109256
  }
}