{
  "dataset": "amazon-photo",
  "split_type": "random",
  "component_type": "lcc",
  "k": 20,
  "d_effective": 745,
  "ortho_error": 2.3555923878149088e-09,
  "analysis": {
    "condition_number_U": 19.155739472664,
    "singular_values_U_top20": [
      2.271934699539525,
      2.189976096669239,
      1.8373415891282354,
      1.7489799705283582,
      1.69266294456447,
      1.6874311730506641,
      1.5885762327616149,
      1.5755351818501722,
      1.557252965630749,
      1.5508015155693688,
      1.5457240472536347,
      1.5435699338530366,
      1.541504585023487,
      1.5176643219474144,
      1.335921805290053,
      1.33351324589891,
      1.3068824772213663,
      1.3018453297359383,
      1.270892093662946,
      1.2403885655545919
    ],
    "singular_values_U_bottom5": [
      0.1716358701570705,
      0.15383614381107294,
      0.14896542832744264,
      0.13559456052211097,
      0.11860334093505845
    ],
    "explained_variance_U_pct_top20": [
      1.4889516622310786,
      2.8724150132576325,
      3.84621266041753,
      4.7285986047020465,
      5.555073913275662,
      6.376448090906216,
      7.104403924916449,
      7.820456845701927,
      8.519988293006286,
      9.213735652567063,
      9.902947662196691,
      10.590240045442338,
      11.275694418216741,
      11.94011084142391,
      12.454925597838985,
      12.967885688605762,
      13.460562338402827,
      13.949448437201067,
      14.415362978942753,
      14.859180473892575
    ],
    "condition_number_X": 1122096835.1054688,
    "singular_values_X_top20": [
      687.3342900960679,
      76.62622559657198,
      57.80166573973979,
      45.680556194986046,
      35.9985271585832,
      26.727292965357183,
      15.231428586950694,
      12.122309413529964,
      10.2741782829917,
      8.20047761525711,
      5.922958591764057,
      5.507541996867603,
      5.198327896724948,
      4.872830334627522,
      3.6503232463671407,
      3.265555091146121,
      3.104635162249342,
      2.9193042495219896,
      2.8062627925149135,
      2.599404297768247
    ],
    "explained_variance_X_pct_top20": [
      97.10331765992193,
      98.31016660364527,
      98.9968851161619,
      99.42578982386692,
      99.69214890727677,
      99.83897660703698,
      99.88666133661786,
      99.91686563671816,
      99.93856226467554,
      99.95238443823058,
      99.95959510523267,
      99.96582977825503,
      99.97138402778839,
      99.97626448632067,
      99.97900328869174,
      99.9811951449846,
      99.98317630334104,
      99.98492799138525,
      99.98654664798778,
      99.98793546718875
    ],
    "intra_class_mean_dist": 1.343107250240538,
    "inter_class_centroid_dist": 0.38841101905168907,
    "spectral_separability": 0.28918838684113146,
    "variance_analysis": {
      "U_variance_mean": 6.138660665817632e-05,
      "U_variance_std": 6.420931876074719e-05,
      "U_variance_max": 0.000843831861107057,
      "U_variance_min": 2.8645553982629587e-06,
      "U_variance_ratio": 294.5768013570091,
      "X_variance_mean": 0.028712808753270883,
      "X_variance_std": 0.013603551589482047,
      "X_variance_max": 0.10531863560532752,
      "X_variance_min": 0.008923016629357837,
      "X_variance_ratio": 11.803030294375228,
      "variance_ratio_reduction": 0.040067752246622554
    },
    "eigenvalue_stats": {
      "min": 0.9059247850839536,
      "max": 27.10736862431501,
      "mean": 2.9058761756246176,
      "std": 2.3556865840383354,
      "d_effective": 745
    },
    "span_verification_error": 0.5816031240506125,
    "num_edges": 122786,
    "avg_degree": 32.79991986109256
  }
}