{
  "dataset": "amazon-photo",
  "split_type": "random",
  "component_type": "lcc",
  "k": 2,
  "d_effective": 745,
  "ortho_error": 5.016849158323566e-10,
  "analysis": {
    "condition_number_U": 15.527101033357638,
    "singular_values_U_top20": [
      0.5745595423057535,
      0.5697432602518968,
      0.5252627785900635,
      0.4909966818994819,
      0.4831175586088522,
      0.4788018120147472,
      0.474156962223932,
      0.4697527689264145,
      0.4663966263068537,
      0.4623974979082989,
      0.46193872963200605,
      0.4593819465006211,
      0.45511401241273625,
      0.45451442379323526,
      0.45210208210730324,
      0.4487241986300743,
      0.4458753590384249,
      0.44411000849313553,
      0.4428691729086389,
      0.44131020082934624
    ],
    "singular_values_U_bottom5": [
      0.07214121333857429,
      0.06939798119830608,
      0.0653676211023644,
      0.05715751485197849,
      0.037003658382295496
    ],
    "explained_variance_U_pct_top20": [
      0.8289527323529482,
      1.6440662146107627,
      2.3368742836084215,
      2.9422385729372054,
      3.52832994432391,
      4.103996838346868,
      4.66854883464539,
      5.222661888121275,
      5.768885518399361,
      6.305782094678547,
      6.841613834192767,
      7.371530442345908,
      7.891646303501627,
      8.41039261717658,
      8.923647037095646,
      9.429260541535523,
      9.928474393967116,
      10.42374300568602,
      10.916247939987581,
      11.405291581000231
    ],
    "condition_number_X": 1746.2979887312772,
    "singular_values_X_top20": [
      719.6529995577488,
      89.891818895186,
      81.56681456211528,
      57.84263596431595,
      54.29394826502751,
      42.28056552206949,
      35.24912347637396,
      32.413125146082905,
      27.301813605710723,
      25.98518419444308,
      22.190912333894115,
      20.231447206907642,
      19.061973393980477,
      17.640600162965725,
      15.933740287814075,
      15.785148229872389,
      15.286441618819534,
      14.483168859146602,
      13.606270199736684,
      12.817897783682085
    ],
    "explained_variance_X_pct_top20": [
      93.56900279262395,
      95.02891270570865,
      96.2309355609314,
      96.83541547351564,
      97.36800003227762,
      97.69097383455113,
      97.91545626995288,
      98.10526996050794,
      98.23993929560464,
      98.36193297231756,
      98.4509014248349,
      98.52485167055082,
      98.59049966143361,
      98.64672245673476,
      98.69259165923967,
      98.73760933306566,
      98.7798274176098,
      98.81772512249259,
      98.85117264106043,
      98.88085642960533
    ],
    "intra_class_mean_dist": 1.403703973195733,
    "inter_class_centroid_dist": 0.16821094572820444,
    "spectral_separability": 0.11983363226168559,
    "variance_analysis": {
      "U_variance_mean": 1.1891566845254515e-05,
      "U_variance_std": 3.918848481170799e-06,
      "U_variance_max": 3.2362688530500985e-05,
      "U_variance_min": 1.2864806630772426e-06,
      "U_variance_ratio": 25.15596565371167,
      "X_variance_mean": 0.043772053597373906,
      "X_variance_std": 0.0154013433643038,
      "X_variance_max": 0.11727904180215504,
      "X_variance_min": 0.014851235453929685,
      "X_variance_ratio": 7.8969215832630075,
      "variance_ratio_reduction": 0.31391844352027615
    },
    "eigenvalue_stats": {
      "min": 0.03038400236558633,
      "max": 1.5189066359150394,
      "mean": 0.6810996887743223,
      "std": 0.2465371993680001,
      "d_effective": 745
    },
    "span_verification_error": 0.4155062258672053,
    "num_edges": 119043,
    "avg_degree": 31.79991986109256
  }
}