k,sgc_mlp,restr_std,restr_rn,part_a,part_b,rem_gap,n_runs,fisher_score,mean_fisher_score,fisher_score_X_diffused,log_magnitude,dual_stream,spec_alpha-1.0,spec_alpha-0.5,spec_alpha0.0,spec_alpha0.5,spec_alpha1.0,best_spectral_alpha,part_b6,part_b5_logmag,part_b5_dual,best_nested_spheres_key,part_b6_nested
1,95.028,89.7695,89.8683,5.2586,0.0988,5.1598,75,0.0035084689099055,0.0034422372748724368,0.9959230380871193,,,,,,,,,,,,,
2,94.8741,89.2408,89.9564,5.6333,0.7156,4.9177,75,0.004807070267466094,0.004931667003317004,0.859345009571506,,,,,,,,,,,,,
4,93.976,87.5799,89.1865,6.3961,1.6066,4.7895,75,0.005391356977581317,0.005664546490099218,0.6505723569772545,,,,,,,,,,,,,
6,93.198,87.8505,89.2425,5.3476,1.3921,3.9555,75,0.005522458599541942,0.005819370004818993,0.5205770055575831,,,,,,,,,,,,,
8,92.3507,87.968,89.433,4.3827,1.4651,2.9177,75,0.00557043999834386,0.005872269052415271,0.42920153082347795,,,,,,,,,,,,,
10,91.5826,88.2457,89.6235,3.3369,1.3778,1.9591,75,0.005588539203300585,0.005891306684329739,0.3604443969279328,89.9573,89.8674,90.7655,90.502,89.8798,89.7134,89.6689,-1.0,1.1419674555460517,0.33377885818481445,0.24388066927592433,nested_spheres_a-1.0_b-1.0,1.3555854956309048
12,90.7637,88.3934,89.6048,2.3703,1.2114,1.1589,75,0.00559551587686657,0.005897793981184889,0.3064145808712374,,,,,,,,,,,,,
20,87.2239,88.9809,90.0472,-1.757,1.0663,-2.8233,75,0.005590455540571499,0.005886265224075883,0.170871796595031,,,,,,,,,,,,,
30,82.5599,89.2114,90.2305,-6.6515,1.0191,-7.6707,75,0.005569512436312449,0.005858908894022095,0.09096339862721858,,,,,,,,,,,,,
