{
  "fisher_score": 0.07243088242202386,
  "std_fisher_score": 0.0,
  "per_split": [
    {
      "split": 0,
      "fisher_score": 0.07243088242202386,
      "fisher_score_U": 0.07243088242202386,
      "between_class_variance": 0.0010714489134032179,
      "within_class_variance": 0.014792708269938533,
      "per_feature_U_stats": {
        "mean": 0.1072380890477455,
        "std": 0.0722295537454032,
        "max": 0.7744759538288118,
        "top5": [
          0.7744759538288118,
          0.7080644570393281,
          0.5630709940522809,
          0.5307701322013938,
          0.5179979198985872
        ]
      },
      "note": "Computed on training set only to prevent data leakage",
      "fisher_score_X_diffused": 0.17429085697111138,
      "between_class_variance_X": 0.06084484568821153,
      "within_class_variance_X": 0.3490994693903911,
      "per_feature_X_stats": {
        "mean": 0.12848318954943444,
        "std": 0.11616104396116032,
        "max": 1.2685478949418318,
        "top5": [
          1.2685478949418318,
          1.0667898067815562,
          0.6701460605164341,
          0.6502341829020853,
          0.6127343295062047
        ],
        "n_cols_sampled": 500
      }
    }
  ],
  "note": "Fisher score computed on training set only (no leakage)"
}