{
  "dataset": "coauthor-cs",
  "k": 12,
  "split_type": "fixed",
  "component_type": "lcc",
  "num_seeds": 15,
  "num_splits": 1,
  "total_runs_per_method": 15,
  "metadata": {
    "d_effective": 6803,
    "ortho_error": 3.8640124433442224e-10,
    "num_components": 0,
    "num_nodes": 18333,
    "num_features": 6805,
    "num_classes": 15
  },
  "experiments": {
    "sgc_mlp_baseline": {
      "test_acc_mean": 0.9058705488840739,
      "test_acc_std": 0.0024046258212062203,
      "val_acc_mean": 0.9040916681289672,
      "val_acc_std": 0.00170728169877851,
      "per_run_test_acc": [
        0.9002180695533752,
        0.9078516364097595,
        0.9081242680549622,
        0.9029443264007568,
        0.906761109828949,
        0.9053980112075806,
        0.9081242680549622,
        0.9045801162719727,
        0.909760057926178,
        0.9037622213363647,
        0.9056706428527832,
        0.9081242680549622,
        0.9045801162719727,
        0.9073063731193542,
        0.9048527479171753
      ],
      "n_runs": 15,
      "train_acc_mean": 0.958608341217041,
      "train_acc_std": 0.004961400087318012,
      "num_params": 1811983,
      "param_to_train_ratio": 164.74070370033638
    },
    "restricted_standard_mlp": {
      "test_acc_mean": 0.7713921944300334,
      "test_acc_std": 0.016762198917449213,
      "val_acc_mean": 0.767757797241211,
      "val_acc_std": 0.015073084764355793,
      "per_run_test_acc": [
        0.7947109937667847,
        0.7508178353309631,
        0.7660850286483765,
        0.774263858795166,
        0.7908942103385925,
        0.7658123970031738,
        0.7350054383277893,
        0.7854416370391846,
        0.7527262568473816,
        0.7958015203475952,
        0.7720828652381897,
        0.767175555229187,
        0.7603598237037659,
        0.7848963737487793,
        0.7748091220855713
      ],
      "n_runs": 15,
      "train_acc_mean": 0.9970057686169942,
      "train_acc_std": 0.0014307946055527032,
      "num_params": 1811471,
      "param_to_train_ratio": 164.69415401400127
    },
    "restricted_rownorm_mlp": {
      "test_acc_mean": 0.7117229739824931,
      "test_acc_std": 0.02417045585531985,
      "val_acc_mean": 0.710965637365977,
      "val_acc_std": 0.022470106416633075,
      "per_run_test_acc": [
        0.7001090049743652,
        0.7420937418937683,
        0.6673936247825623,
        0.7140130400657654,
        0.7554525136947632,
        0.7001090049743652,
        0.7063794732093811,
        0.6812976598739624,
        0.7156488299369812,
        0.7371864318847656,
        0.7246455550193787,
        0.7325517535209656,
        0.7033805847167969,
        0.675299882888794,
        0.7202835083007812
      ],
      "n_runs": 15,
      "train_acc_mean": 0.9831560254096985,
      "train_acc_std": 0.026401462391979557,
      "num_params": 1810944,
      "param_to_train_ratio": 164.6462405673243
    }
  },
  "framework_analysis": {
    "sgc_mlp_acc_pct": 90.5870548884074,
    "restricted_std_acc_pct": 77.13921944300334,
    "restricted_rownorm_acc_pct": 71.17229739824931,
    "part_a_pp": 13.447835445404053,
    "part_b_pp": -5.966922044754028,
    "remaining_gap_pp": 19.41475749015808
  }
}