{
  "dataset": "coauthor-cs",
  "k": 8,
  "split_type": "random",
  "component_type": "lcc",
  "num_seeds": 15,
  "num_splits": 5,
  "total_runs_per_method": 75,
  "metadata": {
    "d_effective": 6803,
    "ortho_error": 9.668464695522516e-09,
    "num_components": 0,
    "num_nodes": 18333,
    "num_features": 6805,
    "num_classes": 15
  },
  "experiments": {
    "sgc_mlp_baseline": {
      "test_acc_mean": 0.9146310035387675,
      "test_acc_std": 0.00419607294100032,
      "val_acc_mean": 0.9218076157569886,
      "val_acc_std": 0.0028492643861606636,
      "per_run_test_acc": [
        0.9083968997001648,
        0.9070337414741516,
        0.909760057926178,
        0.9081242680549622,
        0.9111232161521912,
        0.9089421629905701,
        0.911395788192749,
        0.9092147946357727,
        0.9111232161521912,
        0.9059432744979858,
        0.9078516364097595,
        0.9083968997001648,
        0.9100326895713806,
        0.9073063731193542,
        0.9064885377883911,
        0.9233914613723755,
        0.9154852628707886,
        0.9165757298469543,
        0.924481987953186,
        0.9171209931373596,
        0.919847309589386,
        0.9203925728797913,
        0.9206651449203491,
        0.9220283031463623,
        0.9190294146537781,
        0.9206651449203491,
        0.9201199412345886,
        0.9165757298469543,
        0.9212104082107544,
        0.919847309589386,
        0.9176662564277649,
        0.9133042097091675,
        0.9182115197181702,
        0.9184841513633728,
        0.9160304665565491,
        0.9163030982017517,
        0.9176662564277649,
        0.9138494729995728,
        0.9173936247825623,
        0.9195746779441833,
        0.9127589464187622,
        0.9193020462989807,
        0.9171209931373596,
        0.9176662564277649,
        0.914394736289978,
        0.9133042097091675,
        0.9138494729995728,
        0.9122136831283569,
        0.9141221046447754,
        0.9152126312255859,
        0.9163030982017517,
        0.9141221046447754,
        0.9154852628707886,
        0.9146673679351807,
        0.9111232161521912,
        0.9179388880729675,
        0.9119410514831543,
        0.914394736289978,
        0.9127589464187622,
        0.9138494729995728,
        0.909760057926178,
        0.9092147946357727,
        0.9146673679351807,
        0.9146673679351807,
        0.9141221046447754,
        0.9122136831283569,
        0.9127589464187622,
        0.9184841513633728,
        0.9141221046447754,
        0.9163030982017517,
        0.914394736289978,
        0.916848361492157,
        0.9135768413543701,
        0.9133042097091675,
        0.9133042097091675
      ],
      "n_runs": 75,
      "train_acc_mean": 0.9769093974431355,
      "train_acc_std": 0.01060830442646485,
      "num_params": 1811983,
      "param_to_train_ratio": 164.74070370033638
    },
    "restricted_standard_mlp": {
      "test_acc_mean": 0.8090366792678833,
      "test_acc_std": 0.013915416988918275,
      "val_acc_mean": 0.8174613690376282,
      "val_acc_std": 0.014020676419466643,
      "per_run_test_acc": [
        0.8129770755767822,
        0.8165212273597717,
        0.8151580691337585,
        0.8105233907699585,
        0.8206106424331665,
        0.8113412857055664,
        0.794438362121582,
        0.8094329237937927,
        0.7936204671859741,
        0.8214285373687744,
        0.802344560623169,
        0.802344560623169,
        0.8099781274795532,
        0.8178843855857849,
        0.8151580691337585,
        0.8118865489959717,
        0.8140676021575928,
        0.8050708770751953,
        0.8148854374885559,
        0.7848963737487793,
        0.8058887124061584,
        0.7538167834281921,
        0.8266084790229797,
        0.7786259055137634,
        0.8137949705123901,
        0.8219738006591797,
        0.7993456721305847,
        0.7974372506141663,
        0.8165212273597717,
        0.8053434491157532,
        0.8064339756965637,
        0.80452561378479,
        0.8206106424331665,
        0.8118865489959717,
        0.8056160807609558,
        0.8181570172309875,
        0.8053434491157532,
        0.8047982454299927,
        0.7666302919387817,
        0.8211559057235718,
        0.819520115852356,
        0.8075245022773743,
        0.7982551455497742,
        0.8184296488761902,
        0.8121591806411743,
        0.817066490650177,
        0.8086150288581848,
        0.8208832740783691,
        0.8105233907699585,
        0.8097055554389954,
        0.811613917350769,
        0.8034350872039795,
        0.8176117539405823,
        0.8121591806411743,
        0.819520115852356,
        0.8167938590049744,
        0.8107960224151611,
        0.8129770755767822,
        0.8197927474975586,
        0.8132497072219849,
        0.7565430402755737,
        0.8197927474975586,
        0.8233369588851929,
        0.8121591806411743,
        0.7859869003295898,
        0.8266084790229797,
        0.8058887124061584,
        0.8206106424331665,
        0.80452561378479,
        0.8263358473777771,
        0.819520115852356,
        0.7996183037757874,
        0.8159759640693665,
        0.8094329237937927,
        0.821701169013977
      ],
      "n_runs": 75,
      "train_acc_mean": 0.9978397806485494,
      "train_acc_std": 0.0009909425260959841,
      "num_params": 1811471,
      "param_to_train_ratio": 164.69415401400127
    },
    "restricted_rownorm_mlp": {
      "test_acc_mean": 0.8044274473190307,
      "test_acc_std": 0.010321215559011459,
      "val_acc_mean": 0.8127696084976196,
      "val_acc_std": 0.009109921987801058,
      "per_run_test_acc": [
        0.8094329237937927,
        0.801526665687561,
        0.8222464323043823,
        0.7908942103385925,
        0.7895310521125793,
        0.8113412857055664,
        0.7963467240333557,
        0.7758996486663818,
        0.8009814023971558,
        0.7892584204673767,
        0.8012540340423584,
        0.812431812286377,
        0.7988004088401794,
        0.7936204671859741,
        0.7979825139045715,
        0.8031624555587769,
        0.7971646189689636,
        0.8075245022773743,
        0.8181570172309875,
        0.8189749121665955,
        0.8159759640693665,
        0.8369683623313904,
        0.8047982454299927,
        0.8050708770751953,
        0.796891987323761,
        0.8173391222953796,
        0.8031624555587769,
        0.8075245022773743,
        0.7900763154029846,
        0.8113412857055664,
        0.8039803504943848,
        0.7966193556785583,
        0.8157033324241638,
        0.8178843855857849,
        0.8094329237937927,
        0.817066490650177,
        0.7990730404853821,
        0.8039803504943848,
        0.8110686540603638,
        0.806979238986969,
        0.8118865489959717,
        0.8165212273597717,
        0.7971646189689636,
        0.7974372506141663,
        0.8140676021575928,
        0.806979238986969,
        0.8056160807609558,
        0.8020719289779663,
        0.8189749121665955,
        0.8107960224151611,
        0.8173391222953796,
        0.796891987323761,
        0.8004361987113953,
        0.794438362121582,
        0.8080697655677795,
        0.8137949705123901,
        0.8009814023971558,
        0.7947109937667847,
        0.7876226305961609,
        0.8113412857055664,
        0.8072518706321716,
        0.8053434491157532,
        0.8053434491157532,
        0.7878952622413635,
        0.8135223388671875,
        0.8086150288581848,
        0.8034350872039795,
        0.7848963737487793,
        0.8042529821395874,
        0.8113412857055664,
        0.8113412857055664,
        0.786804735660553,
        0.8031624555587769,
        0.7903489470481873,
        0.7938930988311768
      ],
      "n_runs": 75,
      "train_acc_mean": 0.9742934004465739,
      "train_acc_std": 0.02772667757859053,
      "num_params": 1810944,
      "param_to_train_ratio": 164.6462405673243
    }
  },
  "framework_analysis": {
    "sgc_mlp_acc_pct": 91.46310035387674,