{
  "dataset": "citeseer",
  "k": 6,
  "split_type": "fixed",
  "component_type": "lcc",
  "num_seeds": 15,
  "num_splits": 1,
  "total_runs_per_method": 15,
  "metadata": {
    "d_effective": 2023,
    "ortho_error": 1.7669599117198231e-10,
    "num_components": 0,
    "num_nodes": 2120,
    "num_features": 3703,
    "num_classes": 6
  },
  "experiments": {
    "sgc_mlp_baseline": {
      "test_acc_mean": 0.604927122592926,
      "test_acc_std": 0.011831123341131,
      "val_acc_mean": 0.6294715285301209,
      "val_acc_std": 0.013024003230967522,
      "per_run_test_acc": [
        0.6003016829490662,
        0.5927602052688599,
        0.5852187275886536,
        0.6018099784851074,
        0.6289592981338501,
        0.5852187275886536,
        0.6093514561653137,
        0.6003016829490662,
        0.6214178204536438,
        0.6033182740211487,
        0.6078431606292725,
        0.6033182740211487,
        0.6184012293815613,
        0.6033182740211487,
        0.6123680472373962
      ],
      "n_runs": 15,
      "train_acc_mean": 0.9308333436648051,
      "train_acc_std": 0.04350926077034128,
      "num_params": 1015558,
      "param_to_train_ratio": 12694.475
    },
    "restricted_standard_mlp": {
      "test_acc_mean": 0.2416289617617925,
      "test_acc_std": 0.024907135971416795,
      "val_acc_mean": 0.2819105664889018,
      "val_acc_std": 0.008541418350969708,
      "per_run_test_acc": [
        0.23529411852359772,
        0.23076923191547394,
        0.23076923191547394,
        0.23076923191547394,
        0.23076923191547394,
        0.23076923191547394,
        0.23076923191547394,
        0.23076923191547394,
        0.3182503879070282,
        0.23076923191547394,
        0.23076923191547394,
        0.24132730066776276,
        0.2322775274515152,
        0.288084477186203,
        0.2322775274515152
      ],
      "n_runs": 15,
      "train_acc_mean": 0.462500003973643,
      "train_acc_std": 0.22220485696809922,
      "num_params": 585478,
      "param_to_train_ratio": 7318.475
    },
    "restricted_rownorm_mlp": {
      "test_acc_mean": 0.28014078438282014,
      "test_acc_std": 0.026610297950997716,
      "val_acc_mean": 0.3028455177942912,
      "val_acc_std": 0.012529295602354395,
      "per_run_test_acc": [
        0.30467572808265686,
        0.2654600441455841,
        0.28657618165016174,
        0.24132730066776276,
        0.2850678861141205,
        0.28205129504203796,
        0.27903470396995544,
        0.3031674325466156,
        0.22926093637943268,
        0.30920061469078064,
        0.3152337968349457,
        0.27903470396995544,
        0.288084477186203,
        0.23076923191547394,
        0.3031674325466156
      ],
      "n_runs": 15,
      "train_acc_mean": 0.9674999992052714,
      "train_acc_std": 0.12160386804375521,
      "num_params": 584960,
      "param_to_train_ratio": 7312.0
    }
  },
  "framework_analysis": {
    "sgc_mlp_acc_pct": 60.4927122592926,
    "restricted_std_acc_pct": 24.16289617617925,
    "restricted_rownorm_acc_pct": 28.014078438282013,
    "part_a_pp": 36.32981608311336,
    "part_b_pp": 3.851182262102764,
    "remaining_gap_pp": 32.47863382101059
  }
}