{
  "dataset": "amazon-computers",
  "split_type": "fixed",
  "component_type": "lcc",
  "num_components": 1,
  "k_diffusion": 8,
  "num_splits": 1,
  "num_seeds": 5,
  "total_runs": 5,
  "precompute_time": 7.93555212020874,
  "metadata": {
    "d_full": 766,
    "ortho_error": 2.419135336495515e-09
  },
  "results": {
    "sgc_baseline": {
      "val_acc_mean": 0.7810486912727356,
      "val_acc_std": 0.0032183682089377387,
      "test_acc_mean": 0.7820132970809937,
      "test_acc_std": 0.003511042407273611,
      "train_time_mean": 0.13456230163574218,
      "train_time_std": 0.011941828117211652
    },
    "sgc_mlp_baseline": {
      "val_acc_mean": 0.8498876571655274,
      "val_acc_std": 0.006151446970887127,
      "test_acc_mean": 0.8552923440933228,
      "test_acc_std": 0.006302514935982118,
      "train_time_mean": 0.3746015548706055,
      "train_time_std": 0.10774354294481607
    },
    "full_rownorm_mlp": {
      "val_acc_mean": 0.8788015007972717,
      "val_acc_std": 0.001813300272829834,
      "test_acc_mean": 0.8951887130737305,
      "test_acc_std": 0.003498533650678671,
      "train_time_mean": 1.1563811302185059,
      "train_time_std": 0.10708295099583456
    },
    "jl_binary_nc": {
      "val_acc_mean": 0.658576774597168,
      "val_acc_std": 0.0034538266317096296,
      "test_acc_mean": 0.6717246174812317,
      "test_acc_std": 0.004114577623211868,
      "train_time_mean": 0.8746057987213135,
      "train_time_std": 0.21290702825719293
    },
    "jl_binary_2nc": {
      "val_acc_mean": 0.7692884087562561,
      "val_acc_std": 0.00360796705794855,
      "test_acc_mean": 0.7806809544563293,
      "test_acc_std": 0.004667332860116673,
      "train_time_mean": 0.41083788871765137,
      "train_time_std": 0.11441122014422761
    },
    "jl_binary_4nc": {
      "val_acc_mean": 0.8346816658973694,
      "val_acc_std": 0.0017502999123191563,
      "test_acc_mean": 0.8327164769172668,
      "test_acc_std": 0.0034875469416779693,
      "train_time_mean": 0.7149436473846436,
      "train_time_std": 0.29774100042394824
    },
    "jl_ortho_nc": {
      "val_acc_mean": 0.6634457111358643,
      "val_acc_std": 0.0043523167293474385,
      "test_acc_mean": 0.6820873141288757,
      "test_acc_std": 0.006947548432463284,
      "train_time_mean": 1.175573205947876,
      "train_time_std": 0.15961584008708896
    },
    "jl_ortho_2nc": {
      "val_acc_mean": 0.7739325881004333,
      "val_acc_std": 0.0014524845578138199,
      "test_acc_mean": 0.7709104180335998,
      "test_acc_std": 0.005352972861961333,
      "train_time_mean": 0.5417006492614747,
      "train_time_std": 0.18880665665355817
    },
    "jl_ortho_4nc": {
      "val_acc_mean": 0.8214232206344605,
      "val_acc_std": 0.0021371359888330455,
      "test_acc_mean": 0.8354551911354064,
      "test_acc_std": 0.004243054484933019,
      "train_time_mean": 0.97342529296875,
      "train_time_std": 0.10025026639467893
    }
  },
  "improvements": {
    "full_rownorm_mlp": {
      "vs_sgc": 11.317541599273683,
      "vs_sgc_mlp": 3.9896368980407715
    },
    "jl_binary_nc": {
      "vs_sgc": -11.028867959976196,
      "vs_sgc_mlp": -18.35677266120911
    },
    "jl_binary_2nc": {
      "vs_sgc": -0.13323426246643066,
      "vs_sgc_mlp": -7.461138963699343
    },
    "jl_binary_4nc": {
      "vs_sgc": 5.070317983627315,
      "vs_sgc_mlp": -2.2575867176055975
    },
    "jl_ortho_nc": {
      "vs_sgc": -9.992598295211796,
      "vs_sgc_mlp": -17.32050299644471
    },
    "jl_ortho_2nc": {
      "vs_sgc": -1.110287904739382,
      "vs_sgc_mlp": -8.438192605972294
    },
    "jl_ortho_4nc": {
      "vs_sgc": 5.34418940544128,
      "vs_sgc_mlp": -1.9837152957916326
    }
  },
  "parameter_counts": {
    "sgc_baseline": 7670,
    "sgc_mlp_baseline": 264448,
    "full_rownorm_mlp": 264192,
    "jl_binary_nc": 70656,
    "jl_ortho_nc": 70656,
    "jl_binary_2nc": 73216,
    "jl_ortho_2nc": 73216,
    "jl_binary_4nc": 78336,
    "jl_ortho_4nc": 78336
  }
}