{
  "fisher_score": 0.003267266013491241,
  "mean_fisher_score": 0.003267266013491241,
  "std_fisher_score": 0.0,
  "per_split": [
    {
      "split": 0,
      "fisher_score": 0.003267266013491241,
      "fisher_score_U": 0.003267266013491241,
      "between_class_variance": 0.00036025369400373745,
      "within_class_variance": 0.11026151299470958,
      "per_feature_U_stats": {
        "mean": 0.0008191365415365568,
        "std": 0.0008120761758877914,
        "max": 0.009197781753495629,
        "top5": [
          0.009197781753495629,
          0.008366098549371006,
          0.007549022609891074,
          0.005882263933670967,
          0.005451667651553737
        ]
      },
      "note": "Computed on training set only to prevent data leakage",
      "fisher_score_X_diffused": 0.023139624381208427,
      "between_class_variance_X": 0.007334681403465037,
      "within_class_variance_X": 0.3169749552815341,
      "per_feature_X_stats": {
        "mean": 0.006651834051175195,
        "std": 0.02491348400012039,
        "max": 0.46345908152419146,
        "top5": [
          0.46345908152419146,
          0.22118183129685817,
          0.10794196545624385,
          0.10109317825421615,
          0.09150526646611683
        ],
        "n_cols_sampled": 500
      }
    }
  ],
  "note": "Fisher score computed on training set only (no leakage)"
}