{
  "fisher_score": 0.039275685492644465,
  "std_fisher_score": 0.0,
  "per_split": [
    {
      "split": 0,
      "fisher_score": 0.039275685492644465,
      "fisher_score_U": 0.039275685492644465,
      "between_class_variance": 0.00047752861633385815,
      "within_class_variance": 0.01215837764113091,
      "per_feature_U_stats": {
        "mean": 0.09020668890303438,
        "std": 0.06760312933870798,
        "max": 0.5510371020576939,
        "top5": [
          0.5510371020576939,
          0.514956755817546,
          0.43924026694427293,
          0.4307806346814386,
          0.42325374538975813
        ]
      },
      "note": "Computed on training set only to prevent data leakage",
      "fisher_score_X_diffused": 0.06301195555548468,
      "between_class_variance_X": 0.008719429839047976,
      "within_class_variance_X": 0.1383773882619807,
      "per_feature_X_stats": {
        "mean": 0.29246573143579757,
        "std": 0.32912381983387623,
        "max": 4.758747158521498,
        "top5": [
          4.758747158521498,
          2.099993812460655,
          1.9919287834001929,
          1.6967281311474711,
          1.5191061351779696
        ],
        "n_cols_sampled": 500
      }
    }
  ],
  "note": "Fisher score computed on training set only (no leakage)"
}