{
  "dataset": "amazon-photo",
  "k": 4,
  "split_type": "fixed",
  "component_type": "lcc",
  "num_seeds": 15,
  "num_splits": 1,
  "total_runs_per_method": 15,
  "metadata": {
    "d_effective": 745,
    "ortho_error": 3.473206167114995e-10,
    "num_components": 0,
    "num_nodes": 7487,
    "num_features": 745,
    "num_classes": 8
  },
  "experiments": {
    "sgc_mlp_baseline": {
      "test_acc_mean": 0.9380093932151794,
      "test_acc_std": 0.003468465914406874,
      "val_acc_mean": 0.9497326374053955,
      "val_acc_std": 0.0015282004540866107,
      "per_run_test_acc": [
        0.9385437965393066,
        0.9372077584266663,
        0.9358717799186707,
        0.9425517916679382,
        0.934535801410675,
        0.9398797750473022,
        0.9412158131599426,
        0.9418838024139404,
        0.9412158131599426,
        0.9378758072853088,
        0.9358717799186707,
        0.9405478239059448,
        0.9285237789154053,
        0.9378758072853088,
        0.9365397691726685
      ],
      "n_runs": 15,
      "train_acc_mean": 0.9555258671442668,
      "train_acc_std": 0.0047834670555137885,
      "num_params": 258824,
      "param_to_train_ratio": 57.59323542501112
    },
    "restricted_standard_mlp": {
      "test_acc_mean": 0.8704520503679911,
      "test_acc_std": 0.005245498580333051,
      "val_acc_mean": 0.8836898565292358,
      "val_acc_std": 0.003274719744651453,
      "per_run_test_acc": [
        0.8744155168533325,
        0.8670675158500671,
        0.8804275393486023,
        0.8744155168533325,
        0.8684034943580627,
        0.8770875334739685,
        0.8770875334739685,
        0.8704075217247009,
        0.8663995265960693,
        0.8710755109786987,
        0.8677355051040649,
        0.8637275099754333,
        0.8677355051040649,
        0.8603875041007996,
        0.8704075217247009
      ],
      "n_runs": 15,
      "train_acc_mean": 0.9998071114222209,
      "train_acc_std": 7.565712477268959e-05,
      "num_params": 258824,
      "param_to_train_ratio": 57.59323542501112
    },
    "restricted_rownorm_mlp": {
      "test_acc_mean": 0.8834113041559856,
      "test_acc_std": 0.004423414023254207,
      "val_acc_mean": 0.896925151348114,
      "val_acc_std": 0.003011241017337813,
      "per_run_test_acc": [
        0.8844355940818787,
        0.8830995559692383,
        0.8877755999565125,
        0.8824315667152405,
        0.8871076107025146,
        0.89445561170578,
        0.8837675452232361,
        0.8770875334739685,
        0.8817635774612427,
        0.8864395618438721,
        0.8830995559692383,
        0.8777555227279663,
        0.8784235715866089,
        0.8851035833358765,
        0.8784235715866089
      ],
      "n_runs": 15,
      "train_acc_mean": 0.9966918547948201,
      "train_acc_std": 0.0015241469587875258,
      "num_params": 258304,
      "param_to_train_ratio": 57.477525589675125
    }
  },
  "framework_analysis": {
    "sgc_mlp_acc_pct": 93.80093932151794,
    "restricted_std_acc_pct": 87.04520503679912,
    "restricted_rownorm_acc_pct": 88.34113041559856,
    "part_a_pp": 6.755734284718827,
    "part_b_pp": 1.2959253787994385,
    "remaining_gap_pp": 5.459808905919388
  }
}