{
  "dataset": "amazon-computers",
  "k": 1,
  "split_type": "fixed",
  "component_type": "lcc",
  "num_seeds": 15,
  "num_splits": 1,
  "total_runs_per_method": 15,
  "metadata": {
    "d_effective": 767,
    "ortho_error": 4.173098533399866e-10,
    "num_components": 0,
    "num_nodes": 13381,
    "num_features": 767,
    "num_classes": 10
  },
  "experiments": {
    "sgc_mlp_baseline": {
      "test_acc_mean": 0.9311373988787334,
      "test_acc_std": 0.0020471214835027984,
      "val_acc_mean": 0.9247940063476563,
      "val_acc_std": 0.0027933855284926015,
      "per_run_test_acc": [
        0.9333826303482056,
        0.931902289390564,
        0.9341228604316711,
        0.9300518035888672,
        0.9315321445465088,
        0.9333826303482056,
        0.9285714030265808,
        0.931902289390564,
        0.9270910024642944,
        0.9289414882659912,
        0.9322723746299744,
        0.9289414882659912,
        0.930791974067688,
        0.9304218888282776,
        0.933752715587616
      ],
      "n_runs": 15,
      "train_acc_mean": 0.9767678260803223,
      "train_acc_std": 0.006205482998984432,
      "num_params": 264970,
      "param_to_train_ratio": 33.08403046572606
    },
    "restricted_standard_mlp": {
      "test_acc_mean": 0.8924500068028768,
      "test_acc_std": 0.0020795757356803276,
      "val_acc_mean": 0.8858427007993063,
      "val_acc_std": 0.001254921076076692,
      "per_run_test_acc": [
        0.8941524624824524,
        0.8934122323989868,
        0.8952627182006836,
        0.8963730335235596,
        0.8919318914413452,
        0.8889710903167725,
        0.8886010050773621,
        0.8919318914413452,
        0.893782377243042,
        0.8911916613578796,
        0.8900814056396484,
        0.8930421471595764,
        0.8930421471595764,
        0.8930421471595764,
        0.8919318914413452
      ],
      "n_runs": 15,
      "train_acc_mean": 1.0,
      "train_acc_std": 0.0,
      "num_params": 264970,
      "param_to_train_ratio": 33.08403046572606
    },
    "restricted_rownorm_mlp": {
      "test_acc_mean": 0.8889957785606384,
      "test_acc_std": 0.0030562726102129553,
      "val_acc_mean": 0.8755555629730225,
      "val_acc_std": 0.003098949229913472,
      "per_run_test_acc": [
        0.8871206045150757,
        0.8882309198379517,
        0.889711320400238,
        0.8911916613578796,
        0.89156174659729,
        0.8911916613578796,
        0.8856402635574341,
        0.889711320400238,
        0.8841598629951477,
        0.8960029482841492,
        0.8841598629951477,
        0.8911916613578796,
        0.8900814056396484,
        0.8882309198379517,
        0.8867505192756653
      ],
      "n_runs": 15,
      "train_acc_mean": 0.9995338797569275,
      "train_acc_std": 0.00031411091496767166,
      "num_params": 264448,
      "param_to_train_ratio": 33.018853789486826
    }
  },
  "framework_analysis": {
    "sgc_mlp_acc_pct": 93.11373988787334,
    "restricted_std_acc_pct": 89.24500068028767,
    "restricted_rownorm_acc_pct": 88.89957785606384,
    "part_a_pp": 3.868739207585662,
    "part_b_pp": -0.3454228242238315,
    "remaining_gap_pp": 4.214162031809494
  }
}