{
  "dataset": "amazon-photo",
  "split_type": "fixed_splits",
  "num_seeds": 5,
  "num_splits": 1,
  "total_runs_per_model": 5,
  "d_raw": 745,
  "d_effective": 745,
  "rank_deficiency": false,
  "orthonormality_error": 9.017473767691797e-09,
  "epochs": 200,
  "hidden_dim": 256,
  "batch_size": 128,
  "learning_rate": 0.01,
  "weight_decay": 0.0005,
  "models": {
    "standard_X_scaled": {
      "name": "(a) Standard MLP on X (scaled)",
      "test_accuracy": {
        "mean": 0.8750326991081238,
        "std": 0.019873583752587104,
        "min": 0.8379085063934326,
        "max": 0.8954248428344727
      },
      "convergence_metrics": {
        "speed_to_90": {
          "mean": 0.0,
          "std": 0.0
        },
        "speed_to_95": {
          "mean": 0.4,
          "std": 0.48989794855663565
        },
        "speed_to_99": {
          "mean": 0.6,
          "std": 0.48989794855663565
        },
        "auc": {
          "mean": 0.986264921921489,
          "std": 0.02248004727621181
        },
        "convergence_rate": {
          "mean": 0.001947712302207947,
          "std": 0.0004980207848005689
        },
        "final_acc": {
          "mean": 0.8798693060874939,
          "std": 0.01889509625251279
        }
      },
      "checkpoint_accuracies": {
        "10": {
          "mean": 0.886928129196167,
          "std": 0.011858728979373248
        },
        "20": {
          "mean": 0.8848366260528564,
          "std": 0.01328839631528661
        },
        "40": {
          "mean": 0.8952941417694091,
          "std": 0.00717645586676998
        },
        "80": {
          "mean": 0.8660130977630616,
          "std": 0.030748138677604883
        },
        "160": {
          "mean": 0.8698039412498474,
          "std": 0.050670081782734716
        },
        "200": {
          "mean": 0.8798693060874939,
          "std": 0.01889509625251279
        }
      }
    },
    "standard_V_scaled": {
      "name": "(b) Standard MLP on V (scaled)",
      "test_accuracy": {
        "mean": 0.8347712635993958,
        "std": 0.02567353376694924,
        "min": 0.7941176891326904,
        "max": 0.8627451062202454
      },
      "convergence_metrics": {
        "speed_to_90": {
          "mean": 0.8,
          "std": 0.4000000000000001
        },
        "speed_to_95": {
          "mean": 9.0,
          "std": 7.26636084983398
        },
        "speed_to_99": {
          "mean": 43.0,
          "std": 34.65833233148993
        },
        "auc": {
          "mean": 0.9854666811627167,
          "std": 0.029976910360502446
        },
        "convergence_rate": {
          "mean": 0.005098038911819458,
          "std": 0.0014904253034501787
        },
        "final_acc": {
          "mean": 0.841568648815155,
          "std": 0.02388474871461776
        }
      },
      "checkpoint_accuracies": {
        "10": {
          "mean": 0.8094117879867554,
          "std": 0.0050050222259416695
        },
        "20": {
          "mean": 0.8197385907173157,
          "std": 0.016950156388836207
        },
        "40": {
          "mean": 0.8233987212181091,
          "std": 0.005218951894863982
        },
        "80": {
          "mean": 0.7873202800750733,
          "std": 0.11141873146108532
        },
        "160": {
          "mean": 0.8554248571395874,
          "std": 0.014658026098075934
        },
        "200": {
          "mean": 0.841568648815155,
          "std": 0.02388474871461776
        }
      }
    },
    "rownorm_V": {
      "name": "(c) RowNorm MLP on V (unscaled)",
      "test_accuracy": {
        "mean": 0.8027451276779175,
        "std": 0.013505225077437701,
        "min": 0.7784314155578613,
        "max": 0.8156862854957581
      },
      "convergence_metrics": {
        "speed_to_90": {
          "mean": 1.0,
          "std": 0.0
        },
        "speed_to_95": {
          "mean": 1.0,
          "std": 0.0
        },
        "speed_to_99": {
          "mean": 1.4,
          "std": 0.4898979485566356
        },
        "auc": {
          "mean": 1.0068378344135829,
          "std": 0.014827360377064993
        },
        "convergence_rate": {
          "mean": 0.008915032744407655,
          "std": 0.000877230967499629
        },
        "final_acc": {
          "mean": 0.8138562321662903,
          "std": 0.010630926298597972
        }
      },
      "checkpoint_accuracies": {
        "10": {
          "mean": 0.8282353281974792,
          "std": 0.00582250716492216
        },
        "20": {
          "mean": 0.8282353043556213,
          "std": 0.005458983470127994
        },
        "40": {
          "mean": 0.8209150552749633,
          "std": 0.006145188560612852
        },
        "80": {
          "mean": 0.8281046032905579,
          "std": 0.006117312781905736
        },
        "160": {
          "mean": 0.82209153175354,
          "std": 0.005688894475880662
        },
        "200": {
          "mean": 0.8138562321662903,
          "std": 0.010630926298597972
        }
      }
    }
  }
}