{
  "dataset": "ogbn-arxiv",
  "split_type": "fixed",
  "component_type": "lcc",
  "k": 1,
  "d_effective": 128,
  "ortho_error": 2.7798396917688706e-10,
  "analysis": {
    "condition_number_U": 13.882549286462055,
    "singular_values_U_top20": [
      0.37792998494791047,
      0.3058374035677667,
      0.3040756906354719,
      0.3032374046826952,
      0.30006072026838926,
      0.2966972336767947,
      0.2959319088536967,
      0.294608089044903,
      0.2938722112442276,
      0.291920946786847,
      0.29097266397282695,
      0.28999918770213945,
      0.28928037704256465,
      0.2885334079654612,
      0.2880651712901889,
      0.28601181566296163,
      0.2853524847981356,
      0.28480242894729213,
      0.284474336460058,
      0.2826869506089079
    ],
    "singular_values_U_bottom5": [
      0.08320474621345092,
      0.07140720416612592,
      0.06485276626019411,
      0.053349129985186906,
      0.027223385067788604
    ],
    "explained_variance_U_pct_top20": [
      2.0609735041533916,
      3.4106537895496802,
      4.744829751929946,
      6.071659653101269,
      7.370835694521801,
      8.64104913068526,
      9.904718036107562,
      11.15710645317238,
      12.403246203843091,
      13.632892556593248,
      14.854563061084686,
      16.068072813785285,
      17.275574255198443,
      18.47684781669389,
      19.674225649501278,
      20.854594277187203,
      22.029527070489806,
      23.199934543029123,
      24.367646949272782,
      25.520731704067916
    ],
    "condition_number_X": 175.97418144754621,
    "singular_values_X_top20": [
      732.8953793535918,
      91.49142691550671,
      85.14466532406085,
      73.50178845266896,
      54.313002651628295,
      47.56589983357666,
      43.92145973961205,
      38.90854074911957,
      35.42515225413413,
      34.50289362155717,
      33.18278687975746,
      30.639041589692255,
      28.642969522174404,
      26.92632754337732,
      26.411469571046695,
      25.57758958679083,
      25.26626376579226,
      24.690010855200423,
      23.30296948975516,
      23.092765172276476
    ],
    "explained_variance_X_pct_top20": [
      90.26862098316676,
      91.67536035469192,
      92.89369817527017,
      93.80162041349305,
      94.29736783815919,
      94.67759599523392,
      95.00179103943461,
      95.25620604734947,
      95.46710590741615,
      95.66716757245175,
      95.85221308432989,
      96.00997537115315,
      96.14785144957622,
      96.2696962748425,
      96.3869260612976,
      96.49687019701125,
      96.60415418080238,
      96.70660027428774,
      96.79785920456376,
      96.88747915908706
    ],
    "intra_class_mean_dist": 1.3654285729998847,
    "inter_class_centroid_dist": 0.33772264346687425,
    "spectral_separability": 0.247338198529776,
    "variance_analysis": {
      "U_variance_mean": 5.924478099924998e-07,
      "U_variance_std": 1.8229440352745224e-07,
      "U_variance_max": 8.140751464056753e-07,
      "U_variance_min": 4.81560297414361e-08,
      "U_variance_ratio": 16.904596292100937,
      "X_variance_mean": 0.01586130695181381,
      "X_variance_std": 0.026155412032796307,
      "X_variance_max": 0.22379716553843657,
      "X_variance_min": 0.00327995439633487,
      "X_variance_ratio": 68.23179179572837,
      "variance_ratio_reduction": 4.036286381332113
    },
    "eigenvalue_stats": {
      "min": 0.2446234959670288,
      "max": 0.9276611114691142,
      "mean": 0.5373463854972085,
      "std": 0.11128337975167396,
      "d_effective": 128
    },
    "span_verification_error": null,
    "num_edges": 1157799,
    "avg_degree": 13.674010735607613
  }
}