{
  "dataset": "ogbn-arxiv",
  "split_type": "fixed",
  "component_type": "lcc",
  "k": 10,
  "d_effective": 128,
  "ortho_error": 2.987327052395017e-10,
  "analysis": {
    "condition_number_U": 14.767104466602758,
    "singular_values_U_top20": [
      0.4546718712074134,
      0.39675770348083783,
      0.39656688538624535,
      0.39533029065959985,
      0.39376527393690214,
      0.39223497823611114,
      0.38963090364303754,
      0.3885800751998537,
      0.38748403928992065,
      0.38543802012588085,
      0.38404817082886467,
      0.3829088024683983,
      0.3820114839375038,
      0.38001470718428376,
      0.3781808284037674,
      0.37606841995830786,
      0.3757736466644286,
      0.37379925783404133,
      0.3734985379812743,
      0.3725294285573825
    ],
    "singular_values_U_bottom5": [
      0.12492795441699907,
      0.1220990257764571,
      0.10247809008484665,
      0.06403228017138031,
      0.0307895073293277
    ],
    "explained_variance_U_pct_top20": [
      1.659284916089851,
      2.922785732837821,
      4.185071496475133,
      5.43949728853146,
      6.684010804816268,
      7.918869975644556,
      9.137386948247714,
      10.349340141635881,
      11.554466063478046,
      12.74689881256273,
      13.930747490004613,
      15.107582261351732,
      16.278907844519406,
      17.438020375812822,
      18.585972587303008,
      19.721136358724014,
      20.854521279247617,
      21.97602743298065,
      23.095729819067774,
      24.20962920320553
    ],
    "condition_number_X": 563.1512020052468,
    "singular_values_X_top20": [
      660.8793662248187,
      68.47337216031238,
      61.98156633075942,
      46.366508687904656,
      27.515063891009813,
      25.444072975686378,
      23.889186798687057,
      22.950936681641103,
      18.550944740112538,
      16.054245943778376,
      15.401414420377773,
      14.500063088174148,
      12.486453552702455,
      11.872001682177476,
      10.863130071543653,
      10.608901120630755,
      10.531277449874466,
      9.924673435834714,
      9.578323757511306,
      9.265156121877203
    ],
    "explained_variance_X_pct_top20": [
      96.17693807194,
      97.20939036718265,
      98.05535392565083,
      98.52876166367595,
      98.69547395187679,
      98.83803465419764,
      98.96370398255412,
      99.07969581002362,
      99.15547651213564,
      99.21223180708867,
      99.26446514444744,
      99.3107635830506,
      99.34509603123382,
      99.37613265418231,
      99.4021184798513,
      99.42690224953303,
      99.45132466810816,
      99.47301464115276,
      99.49321716305994,
      99.51212022009778
    ],
    "intra_class_mean_dist": 1.3168129941498008,
    "inter_class_centroid_dist": 0.46021579230818266,
    "spectral_separability": 0.34949214076165813,
    "variance_analysis": {
      "U_variance_mean": 1.0669174297302385e-06,
      "U_variance_std": 3.411226163617858e-07,
      "U_variance_max": 1.8344259912809616e-06,
      "U_variance_min": 1.8708317782205628e-08,
      "U_variance_ratio": 98.04879112298141,
      "X_variance_mean": 0.010360338939791151,
      "X_variance_std": 0.021380759881421043,
      "X_variance_max": 0.18033598063949333,
      "X_variance_min": 0.0007447917936812815,
      "X_variance_ratio": 242.12938693378658,
      "variance_ratio_reduction": 2.4694785541015407
    },
    "eigenvalue_stats": {
      "min": 0.08361160780042919,
      "max": 0.7942771682661935,
      "mean": 0.1933085682528514,
      "std": 0.11681515857818091,
      "d_effective": 128
    },
    "span_verification_error": null,
    "num_edges": 1157799,
    "avg_degree": 13.674010735607613
  }
}