{
  "dataset": "coauthor-physics",
  "k_diffusion": 10,
  "split_type": "fixed",
  "num_nodes": 34493,
  "num_classes": 5,
  "num_seeds": 5,
  "diagnostics": {
    "diffused_features": {
      "overall_mean": 1.8979201706885644,
      "overall_std": 0.6078996957836081,
      "overall_min": 0.7574316582154401,
      "overall_max": 8.145628637280558,
      "per_class": {
        "0": {
          "count": 5750,
          "mean": 2.2481930247612167,
          "std": 0.5902770987983057
        },
        "1": {
          "count": 5045,
          "mean": 1.8257909752652666,
          "std": 0.509490632167009
        },
        "2": {
          "count": 17426,
          "mean": 1.8554511661626603,
          "std": 0.6371305171000173
        },
        "3": {
          "count": 2753,
          "mean": 1.776528763939919,
          "std": 0.47417578178201325
        },
        "4": {
          "count": 3519,
          "mean": 1.7342595556388956,
          "std": 0.4893810639073163
        }
      },
      "between_class_variance": 0.03414607102823727,
      "within_class_variance": 0.5400910187509322,
      "fisher_score": 0.06322280845774263
    }
  },
  "experiments": {
    "sgc_baseline": {
      "test_acc_mean": 0.9386956095695496,
      "test_acc_std": 0.0,
      "val_acc_mean": 0.9487967252731323,
      "val_acc_std": 5.79833984375e-05
    },
    "sgc_mlp_baseline": {
      "test_acc_mean": 0.9517390966415405,
      "test_acc_std": 0.0018147895425444636,
      "val_acc_mean": 0.9572049975395203,
      "val_acc_std": 0.0011244280309661864
    },
    "restricted_standard_mlp": {
      "test_acc_mean": 0.8794782161712646,
      "test_acc_std": 0.006297663892433822,
      "val_acc_mean": 0.8745143413543701,
      "val_acc_std": 0.005112807025629723
    },
    "restricted_rownorm_mlp": {
      "test_acc_mean": 0.9187535762786865,
      "test_acc_std": 0.0023217296715829145,
      "val_acc_mean": 0.9164395451545715,
      "val_acc_std": 0.002468068522385201
    },
    "magnitude_only": {
      "test_acc_mean": 0.5105796813964844,
      "test_acc_std": 0.0014579353974750757,
      "val_acc_mean": 0.517396354675293,
      "val_acc_std": 0.0007725681462501916
    },
    "log_magnitude": {
      "test_acc_mean": 0.9338550209999085,
      "test_acc_std": 0.0014128875289587263,
      "val_acc_mean": 0.935459566116333,
      "val_acc_std": 0.0007638140219916516
    },
    "dual_stream": {
      "test_acc_mean": 0.9292463302612305,
      "test_acc_std": 0.002607725736956697,
      "val_acc_mean": 0.9299797058105469,
      "val_acc_std": 0.0018901701826731247
    }
  },
  "metadata": {
    "d_restricted": 7701,
    "ortho_error": 5.979500894426337e-09
  },
  "framework_analysis": {
    "part_a": -7.226088047027588,
    "part_b_rownorm": 3.9275360107421875,
    "part_b_log_magnitude": 5.43768048286438,
    "part_b_dual_stream": 4.976811408996582,
    "gap_rownorm": -3.2985520362854004,
    "gap_log_magnitude": -1.788407564163208,
    "gap_dual_stream": -2.249276638031006
  }
}