{
  "dataset": "amazon-photo",
  "split_type": "random",
  "component_type": "lcc",
  "num_components": 1,
  "k_diffusion": 8,
  "num_splits": 5,
  "num_seeds": 5,
  "total_runs": 25,
  "precompute_time": 0.8843283653259277,
  "metadata": {
    "d_full": 744,
    "ortho_error": 2.532501541807619e-09
  },
  "results": {
    "sgc_baseline": {
      "val_acc_mean": 0.8894322347640992,
      "val_acc_std": 0.009913705767152638,
      "test_acc_mean": 0.8806942915916443,
      "test_acc_std": 0.007496918826742628,
      "train_time_mean": 0.11469079971313477,
      "train_time_std": 0.012802781516636231
    },
    "sgc_mlp_baseline": {
      "val_acc_mean": 0.9258517408370972,
      "val_acc_std": 0.0069343631470000534,
      "test_acc_mean": 0.9167423629760743,
      "test_acc_std": 0.008917360055126151,
      "train_time_mean": 0.19812591552734374,
      "train_time_std": 0.02038541482986298
    },
    "full_rownorm_mlp": {
      "val_acc_mean": 0.9046092557907105,
      "val_acc_std": 0.009458314193459402,
      "test_acc_mean": 0.9008278107643127,
      "test_acc_std": 0.0048325952642828615,
      "train_time_mean": 0.2673154830932617,
      "train_time_std": 0.04335154914235765
    },
    "jl_binary_nc": {
      "val_acc_mean": 0.6096994209289551,
      "val_acc_std": 0.01107921560983819,
      "test_acc_mean": 0.6048865461349487,
      "test_acc_std": 0.013379572711662466,
      "train_time_mean": 0.2922761821746826,
      "train_time_std": 0.04373863884422453
    },
    "jl_binary_2nc": {
      "val_acc_mean": 0.7622178030014038,
      "val_acc_std": 0.017375756748269626,
      "test_acc_mean": 0.760801100730896,
      "test_acc_std": 0.01223902166120451,
      "train_time_mean": 0.2625269603729248,
      "train_time_std": 0.04884198671531466
    },
    "jl_binary_4nc": {
      "val_acc_mean": 0.8267735719680787,
      "val_acc_std": 0.010727580822272799,
      "test_acc_mean": 0.8192256689071655,
      "test_acc_std": 0.005988698048501294,
      "train_time_mean": 0.26103050231933594,
      "train_time_std": 0.05166702856624022
    },
    "jl_ortho_nc": {
      "val_acc_mean": 0.6134669589996338,
      "val_acc_std": 0.01367156059281547,
      "test_acc_mean": 0.6004539608955384,
      "test_acc_std": 0.007514969554197552,
      "train_time_mean": 0.2613039398193359,
      "train_time_std": 0.04998820635516735
    },
    "jl_ortho_2nc": {
      "val_acc_mean": 0.768443591594696,
      "val_acc_std": 0.012592345185048088,
      "test_acc_mean": 0.7609346079826355,
      "test_acc_std": 0.01308591136658594,
      "train_time_mean": 0.25633472442626953,
      "train_time_std": 0.04461622289280697
    },
    "jl_ortho_4nc": {
      "val_acc_mean": 0.8219906830787659,
      "val_acc_std": 0.009420724045965676,
      "test_acc_mean": 0.8142857503890991,
      "test_acc_std": 0.006012464034339924,
      "train_time_mean": 0.24335723876953125,
      "train_time_std": 0.053419454749771195
    }
  },
  "improvements": {
    "full_rownorm_mlp": {
      "vs_sgc": 2.013351917266848,
      "vs_sgc_mlp": -1.5914552211761523
    },
    "jl_binary_nc": {
      "vs_sgc": -27.580774545669552,
      "vs_sgc_mlp": -31.185581684112552
    },
    "jl_binary_2nc": {
      "vs_sgc": -11.989319086074824,
      "vs_sgc_mlp": -15.594126224517824
    },
    "jl_binary_4nc": {
      "vs_sgc": -6.146862268447872,
      "vs_sgc_mlp": -9.751669406890873
    },
    "jl_ortho_nc": {
      "vs_sgc": -28.02403306961059,
      "vs_sgc_mlp": -31.62884020805359
    },
    "jl_ortho_2nc": {
      "vs_sgc": -11.975968360900879,
      "vs_sgc_mlp": -15.58077549934388
    },
    "jl_ortho_4nc": {
      "vs_sgc": -6.640854120254513,
      "vs_sgc_mlp": -10.245661258697513
    }
  },
  "parameter_counts": {
    "sgc_baseline": 5960,
    "sgc_mlp_baseline": 258304,
    "full_rownorm_mlp": 258048,
    "jl_binary_nc": 69632,
    "jl_ortho_nc": 69632,
    "jl_binary_2nc": 71680,
    "jl_ortho_2nc": 71680,
    "jl_binary_4nc": 75776,
    "jl_ortho_4nc": 75776
  }
}