{
  "dataset": "coauthor-cs",
  "split_type": "fixed",
  "component_type": "lcc",
  "num_components": 1,
  "k_diffusion": 8,
  "num_splits": 1,
  "num_seeds": 5,
  "total_runs": 5,
  "precompute_time": 7.939685821533203,
  "metadata": {
    "k_full": 6802,
    "k_nclasses": 15,
    "k_2nclasses": 30
  },
  "results": {
    "sgc_baseline": {
      "test_acc_mean": 0.9037622213363647,
      "test_acc_std": 0.0006897095688633999,
      "test_acc_min": 0.9029443264007568,
      "test_acc_max": 0.9045801162719727
    },
    "full_logistic": {
      "test_acc_mean": 0.8721918821334839,
      "test_acc_std": 0.0038377587271479557,
      "test_acc_min": 0.8672300577163696,
      "test_acc_max": 0.8756815195083618
    },
    "full_mlp": {
      "test_acc_mean": 0.8037622332572937,
      "test_acc_std": 0.015700538742229507,
      "test_acc_min": 0.7838058471679688,
      "test_acc_max": 0.824154794216156
    },
    "nclasses_logistic": {
      "test_acc_mean": 0.12595419585704803,
      "test_acc_std": 0.0023954083791866863,
      "test_acc_min": 0.12241002917289734,
      "test_acc_max": 0.12977099418640137
    },
    "nclasses_mlp": {
      "test_acc_mean": 0.22737185657024384,
      "test_acc_std": 0.0,
      "test_acc_min": 0.22737185657024384,
      "test_acc_max": 0.22737185657024384
    },
    "2nclasses_logistic": {
      "test_acc_mean": 0.13162485659122466,
      "test_acc_std": 0.002501058941779966,
      "test_acc_min": 0.12868046760559082,
      "test_acc_max": 0.13549618422985077
    },
    "2nclasses_mlp": {
      "test_acc_mean": 0.22737185657024384,
      "test_acc_std": 0.0,
      "test_acc_min": 0.22737185657024384,
      "test_acc_max": 0.22737185657024384
    }
  },
  "improvements": {
    "full_logistic": -3.157033920288088,
    "full_mlp": -9.999998807907106,
    "nclasses_logistic": -77.78080254793167,
    "nclasses_mlp": -67.63903647661209,
    "2nclasses_logistic": -77.21373647451401,
    "2nclasses_mlp": -67.63903647661209
  }
}