{
  "dataset": "amazon-computers",
  "k": 6,
  "num_splits": 5,
  "num_seeds": 5,
  "total_runs": 25,
  "precompute_time": 0.44488096237182617,
  "sgc_baseline": {
    "test_acc_mean": 0.8038967967033386,
    "test_acc_std": 0.010104173391746228,
    "val_acc_mean": 0.8075636196136474,
    "val_acc_std": 0.013007008600659675,
    "train_time_mean": 0.0380171012878418,
    "train_time_std": 0.0033735028805093655
  },
  "rownorm_variant": {
    "test_acc_mean": 0.8713340902328491,
    "test_acc_std": 0.005758972141229808,
    "val_acc_mean": 0.8731781578063965,
    "val_acc_std": 0.0033663779390787707,
    "train_time_mean": 0.04481807708740235,
    "train_time_std": 0.004019032219593543
  },
  "improvement": {
    "absolute_pp": 6.743729352951055,
    "relative_percent": 8.388799881534649
  }
}