{
  "dataset": "coauthor-cs",
  "split_type": "fixed",
  "component_type": "lcc",
  "k": 6,
  "d_effective": 6803,
  "ortho_error": 3.4363212275678734e-10,
  "analysis": {
    "condition_number_U": 320.84179329250566,
    "singular_values_U_top20": [
      0.7062230565784835,
      0.7062032938784054,
      0.7061091702968415,
      0.7060984373987539,
      0.7060557998449988,
      0.7059746631083536,
      0.705893361023624,
      0.7058700726593576,
      0.7057787790494388,
      0.7055145626470815,
      0.7054782424296666,
      0.7054003935039218,
      0.7052661350755646,
      0.7052211024247896,
      0.7051264215551261,
      0.7050964185791728,
      0.7049399295753062,
      0.7048884166657469,
      0.7047769852385015,
      0.7047623004685315
    ],
    "singular_values_U_bottom5": [
      0.0037588983806797916,
      0.0033366431994393073,
      0.0026825569285593084,
      0.002376874483621014,
      0.002201156680154299
    ],
    "explained_variance_U_pct_top20": [
      0.06701307932268435,
      0.13402240815649577,
      0.20101387602089485,
      0.2680033073528056,
      0.3349846486533814,
      0.40195059645336445,
      0.46890112115689386,
      0.5358472283589316,
      0.6027760197494572,
      0.6696547093943511,
      0.73652651332447,
      0.8033835595751814,
      0.8702151585258148,
      0.9370382230868838,
      1.0038433459240552,
      1.0706427837952677,
      1.13741257404041,
      1.204172606346323,
      1.2709115329637288,
      1.3376476784586073
    ],
    "condition_number_X": Infinity,
    "singular_values_X_top20": [
      212.7774301093151,
      113.37012616861706,
      73.08122377560021,
      50.52504746764148,
      42.903895160878335,
      37.50748786106199,
      35.29332601822137,
      28.677755071736353,
      25.346263352575775,
      22.731272768805248,
      20.787682054471166,
      18.281492639071363,
      17.692058677841885,
      16.12517057486996,
      15.426174376368797,
      14.86355344042716,
      13.549609790494962,
      12.76717009451859,
      12.562558497590256,
      12.291764090758772
    ],
    "explained_variance_X_pct_top20": [
      53.44803284132812,
      68.62125676192666,
      74.92636039896173,
      77.94001910622038,
      80.11309078892805,
      81.77388782791093,
      83.24439038108616,
      84.21528235204617,
      84.97370010964406,
      85.58369769224863,
      86.09384163987032,
      86.48839333259477,
      86.85791282212101,
      87.16487809183839,
      87.44580741941475,
      87.7066184198094,
      87.92335598176577,
      88.11578470396519,
      88.30209497654444,
      88.48045973090487
    ],
    "intra_class_mean_dist": 1.4125754806729383,
    "inter_class_centroid_dist": 0.09325815368548694,
    "spectral_separability": 0.06601994368545856,
    "variance_analysis": {
      "U_variance_mean": 9.945193695138134e-06,
      "U_variance_std": 2.934868509872448e-06,
      "U_variance_max": 3.3473269445105994e-05,
      "U_variance_min": 1.3729965706545982e-06,
      "U_variance_ratio": 24.379700416474215,
      "X_variance_mean": 0.0006492375773971418,
      "X_variance_std": 0.002686609191782941,
      "X_variance_max": 0.06503803123140144,
      "X_variance_min": 2.2681420601547233e-06,
      "X_variance_ratio": 28674.571888320315,
      "variance_ratio_reduction": 1176.1658838491194
    },
    "eigenvalue_stats": {
      "min": 0.017747311053003038,
      "max": 1.3910941542966764,
      "mean": 0.5543859180767461,
      "std": 0.2764488865118545,
      "d_effective": 6803
    },
    "span_verification_error": 0.14782205746954458,
    "num_edges": 81894,
    "avg_degree": 8.93405334642448
  }
}