{
  "dataset": "coauthor-cs",
  "split_type": "fixed",
  "component_type": "lcc",
  "k": 4,
  "d_effective": 6803,
  "ortho_error": 9.064301975669764e-09,
  "analysis": {
    "condition_number_U": 22.00654665581745,
    "singular_values_U_top20": [
      5.296561078011557,
      3.9801572859124414,
      3.862395698595304,
      3.8466803541536807,
      3.668989992078204,
      3.460715390173196,
      3.3943198250237123,
      3.256334867187463,
      3.1291947117396894,
      2.990642679996704,
      2.9859228221874585,
      2.825066342994291,
      2.7982632873281448,
      2.7807052760495674,
      2.728610736045278,
      2.7242345520437388,
      2.7193533388602966,
      2.718379752103515,
      2.677226389669826,
      2.662048118393225
    ],
    "singular_values_U_bottom5": [
      0.2651990069356998,
      0.2606298008809849,
      0.256681739246842,
      0.2506430575684238,
      0.24068115551475708
    ],
    "explained_variance_U_pct_top20": [
      0.6734356544974438,
      1.0537201382081252,
      1.4118344404020147,
      1.7670404749573128,
      2.0901882654039197,
      2.3776896265136664,
      2.6542650957429794,
      2.9088110831821643,
      3.1438681496047303,
      3.3585706935584914,
      3.5725960815052886,
      3.7641828175719767,
      3.9521514084793083,
      4.137768540583834,
      4.316496008916322,
      4.494650645756018,
      4.672167428789537,
      4.849557124953883,
      5.021616495967876,
      5.191730450025645
    ],
    "condition_number_X": Infinity,
    "singular_values_X_top20": [
      213.56453041649445,
      121.87025887788836,
      84.21197567282384,
      61.90275827749831,
      54.488073830511944,
      46.878605251976786,
      42.040151565353625,
      36.800855805282495,
      32.79560193524746,
      30.65085253884772,
      28.105090881122226,
      25.905549340710614,
      23.082680227708444,
      22.766543732786282,
      21.908727817950513,
      20.26040099361036,
      19.227832112027496,
      18.558199897576465,
      18.248434249569023,
      17.375391086496183
    ],
    "explained_variance_X_pct_top20": [
      38.84172002133727,
      51.49012232307173,
      57.52944057211952,
      60.79276464674669,
      63.32114912009013,
      65.19264798078433,
      66.6977597419897,
      67.8510962509267,
      68.767045510762,
      69.56711060040524,
      70.23979319582995,
      70.81130580361406,
      71.2650516615661,
      71.70645377778884,
      72.11521954990683,
      72.4647912579429,
      72.77963919064979,
      73.07293908054467,
      73.35652941017003,
      73.61363373388323
    ],
    "intra_class_mean_dist": 1.4058987189124241,
    "inter_class_centroid_dist": 0.1678396996103647,
    "spectral_separability": 0.11938249701244641,
    "variance_analysis": {
      "U_variance_mean": 3.353025027877635e-05,
      "U_variance_std": 5.007279616673186e-05,
      "U_variance_max": 0.0015862863246554832,
      "U_variance_min": 5.185353972488594e-06,
      "U_variance_ratio": 305.9166311798671,
      "X_variance_mean": 0.0010823876380752057,
      "X_variance_std": 0.0036862700537669112,
      "X_variance_max": 0.07824397132414947,
      "X_variance_min": 5.035350497093354e-06,
      "X_variance_ratio": 15538.929381457408,
      "variance_ratio_reduction": 50.79465382946463
    },
    "eigenvalue_stats": {
      "min": 1.0441253288724488,
      "max": 127.98574265846361,
      "mean": 3.3345576416158202,
      "std": 3.869919987023513,
      "d_effective": 6803
    },
    "span_verification_error": 0.09778026779415612,
    "num_edges": 91060,
    "avg_degree": 9.93405334642448
  }
}