{
  "dataset": "coauthor-cs",
  "split_type": "fixed",
  "component_type": "lcc",
  "k": 10,
  "d_effective": 6803,
  "ortho_error": 3.8698544368998e-10,
  "analysis": {
    "condition_number_U": 440.91855640131575,
    "singular_values_U_top20": [
      0.7070952825996658,
      0.707094606968546,
      0.7070939737122178,
      0.7070932819767527,
      0.7070929718384612,
      0.7070914070813983,
      0.7070907178115284,
      0.7070902692549866,
      0.7070889633995533,
      0.7070864593538094,
      0.7070849619656542,
      0.7070836357762172,
      0.70708306438223,
      0.7070803468868454,
      0.7070796976742597,
      0.7070786059371016,
      0.707077617869853,
      0.7070762668542433,
      0.7070749966360859,
      0.7070748831720963
    ],
    "singular_values_U_bottom5": [
      0.0019494863494589668,
      0.0018634560847908788,
      0.001835617745409556,
      0.0017399637248509685,
      0.0016036868313523212
    ],
    "explained_variance_U_pct_top20": [
      0.06640488724813534,
      0.1328096475962955,
      0.19921428900360827,
      0.2656188004863997,
      0.3320232537178182,
      0.39842741305090545,
      0.46483144292303896,
      0.5312353885458625,
      0.5976390888990878,
      0.6640423189363629,
      0.7304452677313558,
      0.7968479674394313,
      0.8632505598275633,
      0.9296526418134504,
      0.9960546018639799,
      1.0624563568642682,
      1.128857926285887,
      1.195259241960339,
      1.261660319063409,
      1.3280613748557821
    ],
    "condition_number_X": Infinity,
    "singular_values_X_top20": [
      209.23654986049937,
      99.78234690556525,
      60.304708876668904,
      38.89934243815081,
      31.621772776827797,
      29.54468927518633,
      27.908542571440606,
      20.876720169263184,
      17.968623287106393,
      15.525119528779587,
      14.631623346761211,
      14.041227109008807,
      11.682060381357392,
      11.280135011451074,
      10.970931022887502,
      10.491765306731454,
      9.619822269225754,
      9.143023156833678,
      8.661220172461844,
      8.597096903139777
    ],
    "explained_variance_X_pct_top20": [
      64.88905886617322,
      79.64625344621015,
      85.03637830260385,
      87.27912845463307,
      88.7611987471607,
      90.05496324181938,
      91.2094014441422,
      91.85538418493738,
      92.33393271037305,
      92.69117780967716,
      93.00848608639767,
      93.30070377589237,
      93.5029755427727,
      93.69156828276832,
      93.86996355632124,
      94.03311597226016,
      94.17027691814961,
      94.29417826126655,
      94.40536539434493,
      94.51491227580367
    ],
    "intra_class_mean_dist": 1.412504644170637,
    "inter_class_centroid_dist": 0.09324894680266593,
    "spectral_separability": 0.06601673643162977,
    "variance_analysis": {
      "U_variance_mean": 1.0061099804401366e-05,
      "U_variance_std": 3.285930607306099e-06,
      "U_variance_max": 3.5214097687477145e-05,
      "U_variance_min": 1.0878963146084119e-06,
      "U_variance_ratio": 32.3689535902131,
      "X_variance_mean": 0.00042190760232031446,
      "X_variance_std": 0.0019501094520058867,
      "X_variance_max": 0.050988205324405095,
      "X_variance_min": 5.728237431985911e-07,
      "X_variance_ratio": 89011.87654655505,
      "variance_ratio_reduction": 2749.915170982402
    },
    "eigenvalue_stats": {
      "min": 0.01772996834429797,
      "max": 1.3989063356378626,
      "mean": 0.5487036568640793,
      "std": 0.27420672227761755,
      "d_effective": 6803
    },
    "span_verification_error": 0.18327210276025782,
    "num_edges": 81894,
    "avg_degree": 8.93405334642448
  }
}