{
  "dataset": "coauthor-cs",
  "split_type": "fixed",
  "component_type": "lcc",
  "k": 4,
  "d_effective": 6803,
  "ortho_error": 3.1386182541837115e-10,
  "analysis": {
    "condition_number_U": 206.02477313545972,
    "singular_values_U_top20": [
      0.6998743363259309,
      0.6995509033413256,
      0.6989757092399012,
      0.6985658770040135,
      0.6984914843685035,
      0.6977003986983097,
      0.6972458499361662,
      0.6966430066638878,
      0.6961393292145779,
      0.6948882790609293,
      0.6943246703384388,
      0.6933129979591414,
      0.6927992450900191,
      0.6921944093507344,
      0.6918053025860152,
      0.6912028608112805,
      0.690307707425399,
      0.6900436573302383,
      0.6891256184302136,
      0.6888245757242677
    ],
    "singular_values_U_bottom5": [
      0.006158028194307731,
      0.005574272158351799,
      0.005539661453073434,
      0.004892968234310639,
      0.003397039713596815
    ],
    "explained_variance_U_pct_top20": [
      0.06721113784094097,
      0.1343601694584597,
      0.20139882212325413,
      0.268358883941693,
      0.3353046849140271,
      0.4020989310719647,
      0.4688061732612712,
      0.5353981142909587,
      0.601893797313169,
      0.668150692839767,
      0.7343001529085024,
      0.8002569860113541,
      0.8661161057940509,
      0.9318602815679795,
      0.997530563900821,
      1.06308652130652,
      1.128472790067641,
      1.1938090464988076,
      1.2589715709504716,
      1.3240771756841332
    ],
    "condition_number_X": Infinity,
    "singular_values_X_top20": [
      215.62437336878676,
      121.45446804433702,
      81.6596111533205,
      58.46508388639118,
      50.70593298797559,
      43.10109536526076,
      40.11035854060078,
      33.92621390538663,
      30.350768895447228,
      28.051525486754482,
      25.935231503660862,
      22.857921716336495,
      20.700031058816514,
      20.455151007411708,
      19.384473186174034,
      18.795820912012683,
      17.01319280424466,
      16.33622947450841,
      16.2010691376951,
      15.386725108306885
    ],
    "explained_variance_X_pct_top20": [
      45.20092430703107,
      59.541896954444894,
      66.02475079415095,
      69.34786119271126,
      71.84745345374954,
      73.65349705140757,
      75.2175977258794,
      76.33657793929356,
      77.23213035711325,
      77.99713590171024,
      78.6510668221785,
      79.15902165554304,
      79.5755970452567,
      79.98237461285889,
      80.34768298070924,
      80.69114143562945,
      80.97254089749796,
      81.23199184779156,
      81.48716734275256,
      81.71733484511418
    ],
    "intra_class_mean_dist": 1.4125879255590639,
    "inter_class_centroid_dist": 0.09326547076189197,
    "spectral_separability": 0.06602454195902888,
    "variance_analysis": {
      "U_variance_mean": 9.73838348590236e-06,
      "U_variance_std": 2.592681361038382e-06,
      "U_variance_max": 3.2501361920751424e-05,
      "U_variance_min": 5.548842805228823e-07,
      "U_variance_ratio": 58.57311963677352,
      "X_variance_mean": 0.0008896218216004507,
      "X_variance_std": 0.0033325843193384545,
      "X_variance_max": 0.07474198372325105,
      "X_variance_min": 5.156505909604765e-06,
      "X_variance_ratio": 14494.692828595445,
      "variance_ratio_reduction": 247.46322064592755
    },
    "eigenvalue_stats": {
      "min": 0.017721689710405913,
      "max": 1.3765420125352656,
      "mean": 0.5645233720715885,
      "std": 0.2809965045499908,
      "d_effective": 6803
    },
    "span_verification_error": 0.12635212280700703,
    "num_edges": 81894,
    "avg_degree": 8.93405334642448
  }
}