{
  "dataset": "coauthor-cs",
  "split_type": "fixed",
  "component_type": "lcc",
  "k": 8,
  "d_effective": 6803,
  "ortho_error": 9.668464695522516e-09,
  "analysis": {
    "condition_number_U": 21.815795625348198,
    "singular_values_U_top20": [
      5.62487540403115,
      4.088712716473259,
      4.037488953830696,
      3.991500749960343,
      3.9679253096516343,
      3.5488209453216424,
      3.4860022929623216,
      3.3235535882128255,
      3.212288601603608,
      3.077056934866614,
      3.0123386090594018,
      2.9124175654258577,
      2.9091644366061082,
      2.9016851425636037,
      2.7993972063112094,
      2.7933829675979798,
      2.790276749455884,
      2.7800444380304694,
      2.6950182513800787,
      2.6851756229863986
    ],
    "singular_values_U_bottom5": [
      0.27642239001162544,
      0.2721525934700757,
      0.2656319611652959,
      0.26392582144794635,
      0.2578349880347934
    ],
    "explained_variance_U_pct_top20": [
      0.7293276070776629,
      1.1146906239936023,
      1.4904583993639131,
      1.857714712268516,
      2.2206455043741764,
      2.5109575224737344,
      2.7910827202941375,
      3.045708405449436,
      3.2835708909809718,
      3.501827751328245,
      3.711000168797412,
      3.9065259918904647,
      4.1016152598296705,
      4.295702690738583,
      4.476347667307678,
      4.656217280559051,
      4.835687089258299,
      5.013843032706763,
      5.181268014639746,
      5.347472305260252
    ],
    "condition_number_X": Infinity,
    "singular_values_X_top20": [
      208.97230573387856,
      108.8296493364718,
      70.08459464551261,
      48.81652264837791,
      41.906997182816404,
      37.5293504318122,
      33.980057048976086,
      27.839124789634525,
      24.148433758455873,
      22.24490990180319,
      19.61754095827974,
      18.027628454726585,
      17.533398307856547,
      15.553409477710632,
      15.19507990454869,
      14.628051847101265,
      13.186990839148624,
      12.555342856922003,
      12.245304623905454,
      12.033563533774903
    ],
    "explained_variance_X_pct_top20": [
      53.093215040328886,
      67.49300028286903,
      73.46481998258378,
      76.36213178504184,
      78.49731251466287,
      80.20970633009868,
      81.61352095575558,
      82.55578519897799,
      83.26477419013172,
      83.86639501060942,
      84.33429247479908,
      84.72942133621049,
      85.10318213832231,
      85.39729415379833,
      85.67801038971353,
      85.93816680357018,
      86.14959016063199,
      86.34124452302258,
      86.52355043071512,
      86.69960612081601
    ],
    "intra_class_mean_dist": 1.4058227492241766,
    "inter_class_centroid_dist": 0.1684213109687913,
    "spectral_separability": 0.11980266435561453,
    "variance_analysis": {
      "U_variance_mean": 3.4912120797078944e-05,
      "U_variance_std": 5.3425451299771294e-05,
      "U_variance_max": 0.0017830390780709997,
      "U_variance_min": 3.5039615652056304e-06,
      "U_variance_ratio": 508.8636207979471,
      "X_variance_mean": 0.0006124740124661725,
      "X_variance_std": 0.0024862600469500646,
      "X_variance_max": 0.061295289389728884,
      "X_variance_min": 1.9919908122006654e-06,
      "X_variance_ratio": 30770.8540839897,
      "variance_ratio_reduction": 60.4697463649258
    },
    "eigenvalue_stats": {
      "min": 1.0473937409041465,
      "max": 143.365936307759,
      "mean": 3.4138742972726894,
      "std": 4.0777625368068415,
      "d_effective": 6803
    },
    "span_verification_error": 0.12767913647287668,
    "num_edges": 91060,
    "avg_degree": 9.93405334642448
  }
}