{
  "dataset": "coauthor-physics",
  "k": 8,
  "split_type": "fixed",
  "component_type": "lcc",
  "num_seeds": 15,
  "num_splits": 1,
  "total_runs_per_method": 15,
  "metadata": {
    "d_effective": 7697,
    "ortho_error": 5.193449004181616e-10,
    "num_components": 0,
    "num_nodes": 34493,
    "num_features": 8415,
    "num_classes": 5
  },
  "experiments": {
    "sgc_mlp_baseline": {
      "test_acc_mean": 0.9500192840894063,
      "test_acc_std": 0.0010997532806824226,
      "val_acc_mean": 0.9571759819984436,
      "val_acc_std": 0.000768575374730757,
      "per_run_test_acc": [
        0.9515941739082336,
        0.9497101306915283,
        0.9515941739082336,
        0.9517390727996826,
        0.950289785861969,
        0.9488405585289001,
        0.9498550295829773,
        0.9491304159164429,
        0.9497101306915283,
        0.9478260278701782,
        0.9498550295829773,
        0.9510144591331482,
        0.9504347443580627,
        0.9499999284744263,
        0.9486956000328064
      ],
      "n_runs": 15,
      "train_acc_mean": 0.9856970032056173,
      "train_acc_std": 0.005732193642300999,
      "num_params": 2221573,
      "param_to_train_ratio": 107.34829669002174
    },
    "restricted_standard_mlp": {
      "test_acc_mean": 0.866425081094106,
      "test_acc_std": 0.011207269110469488,
      "val_acc_mean": 0.8700589497884115,
      "val_acc_std": 0.011083816838159182,
      "per_run_test_acc": [
        0.8644927144050598,
        0.8669564723968506,
        0.8665217161178589,
        0.8640579581260681,
        0.8563767671585083,
        0.8557970523834229,
        0.8723188042640686,
        0.8855072259902954,
        0.8672463297843933,
        0.867536187171936,
        0.854637622833252,
        0.8844926953315735,
        0.8699999451637268,
        0.8789854645729065,
        0.8414492607116699
      ],
      "n_runs": 15,
      "train_acc_mean": 0.9980478247006734,
      "train_acc_std": 0.0010491753373616632,
      "num_params": 2037765,
      "param_to_train_ratio": 98.46653781106548
    },
    "restricted_rownorm_mlp": {
      "test_acc_mean": 0.8796231428782145,
      "test_acc_std": 0.009425396049879752,
      "val_acc_mean": 0.884034009774526,
      "val_acc_std": 0.012011139242160995,
      "per_run_test_acc": [
        0.8797100782394409,
        0.872898519039154,
        0.8933333158493042,
        0.8678260445594788,
        0.8804347515106201,
        0.8873912692070007,
        0.8769564628601074,
        0.8955072164535522,
        0.8915941715240479,
        0.887246310710907,
        0.8685506582260132,
        0.8697100877761841,
        0.8649274706840515,
        0.878405749797821,
        0.8798550367355347
      ],
      "n_runs": 15,
      "train_acc_mean": 0.9972424705823263,
      "train_acc_std": 0.002210299385874686,
      "num_params": 2037248,
      "param_to_train_ratio": 98.44155593138439
    }
  },
  "framework_analysis": {
    "sgc_mlp_acc_pct": 95.00192840894063,
    "restricted_std_acc_pct": 86.6425081094106,
    "restricted_rownorm_acc_pct": 87.96231428782146,
    "part_a_pp": 8.35942029953003,
    "part_b_pp": 1.3198061784108575,
    "remaining_gap_pp": 7.039614121119172
  }
}