{
  "dataset": "citeseer",
  "k": 4,
  "split_type": "fixed",
  "component_type": "lcc",
  "num_seeds": 15,
  "num_splits": 1,
  "total_runs_per_method": 15,
  "metadata": {
    "d_effective": 2023,
    "ortho_error": 2.799493759031435e-08,
    "num_components": 0,
    "num_nodes": 2120,
    "num_features": 3703,
    "num_classes": 6
  },
  "experiments": {
    "sgc_mlp_baseline": {
      "test_acc_mean": 0.6158874034881592,
      "test_acc_std": 0.014463567674744214,
      "val_acc_mean": 0.6459349393844604,
      "val_acc_std": 0.01182709158744304,
      "per_run_test_acc": [
        0.61689293384552,
        0.6003016829490662,
        0.6078431606292725,
        0.6304675936698914,
        0.6244344115257263,
        0.5731523633003235,
        0.6078431606292725,
        0.61689293384552,
        0.6199095249176025,
        0.6304675936698914,
        0.6289592981338501,
        0.6289592981338501,
        0.6244344115257263,
        0.6138763427734375,
        0.6138763427734375
      ],
      "n_runs": 15,
      "train_acc_mean": 0.9675000071525574,
      "train_acc_std": 0.0236290816627842,
      "num_params": 1015558,
      "param_to_train_ratio": 12694.475
    },
    "restricted_standard_mlp": {
      "test_acc_mean": 0.26847662826379143,
      "test_acc_std": 0.03494128302839966,
      "val_acc_mean": 0.29186991254488626,
      "val_acc_std": 0.01191063399855079,
      "per_run_test_acc": [
        0.3001508414745331,
        0.30467572808265686,
        0.2322775274515152,
        0.3061840236186981,
        0.29411765933036804,
        0.23076923191547394,
        0.29713425040245056,
        0.23076923191547394,
        0.29411765933036804,
        0.2322775274515152,
        0.2986425459384918,
        0.31221720576286316,
        0.2322775274515152,
        0.23076923191547394,
        0.23076923191547394
      ],
      "n_runs": 15,
      "train_acc_mean": 0.712500003973643,
      "train_acc_std": 0.31437768859800647,
      "num_params": 585478,
      "param_to_train_ratio": 7318.475
    },
    "restricted_rownorm_mlp": {
      "test_acc_mean": 0.6973353624343872,
      "test_acc_std": 0.007257951274830713,
      "val_acc_mean": 0.7313007712364197,
      "val_acc_std": 0.005551417585322801,
      "per_run_test_acc": [
        0.7104072570800781,
        0.692307710647583,
        0.6877828240394592,
        0.6907994151115417,
        0.6907994151115417,
        0.6907994151115417,
        0.7013574838638306,
        0.7028657793998718,
        0.7073906660079956,
        0.692307710647583,
        0.692307710647583,
        0.6968325972557068,
        0.7104072570800781,
        0.6953243017196655,
        0.698340892791748
      ],
      "n_runs": 15,
      "train_acc_mean": 1.0,
      "train_acc_std": 0.0,
      "num_params": 584960,
      "param_to_train_ratio": 7312.0
    }
  },
  "framework_analysis": {
    "sgc_mlp_acc_pct": 61.58874034881592,
    "restricted_std_acc_pct": 26.847662826379143,
    "restricted_rownorm_acc_pct": 69.73353624343872,
    "part_a_pp": 34.741077522436775,
    "part_b_pp": 42.88587341705958,
    "remaining_gap_pp": -8.144795894622803
  }
}