{
  "dataset": "citeseer",
  "k": 4,
  "split_type": "fixed",
  "component_type": "lcc",
  "num_seeds": 15,
  "num_splits": 1,
  "total_runs_per_method": 15,
  "metadata": {
    "d_effective": 2033,
    "ortho_error": 2.2394430754246741e-10,
    "num_components": 0,
    "num_nodes": 2120,
    "num_features": 3703,
    "num_classes": 6
  },
  "experiments": {
    "sgc_mlp_baseline": {
      "test_acc_mean": 0.6243338584899902,
      "test_acc_std": 0.009207056780334445,
      "val_acc_mean": 0.6506097316741943,
      "val_acc_std": 0.012877251183883883,
      "per_run_test_acc": [
        0.6184012293815613,
        0.6229261159896851,
        0.6214178204536438,
        0.6395173668861389,
        0.6289592981338501,
        0.6214178204536438,
        0.6259427070617676,
        0.6349924802780151,
        0.6093514561653137,
        0.645550549030304,
        0.6199095249176025,
        0.6153846383094788,
        0.61689293384552,
        0.6244344115257263,
        0.6199095249176025
      ],
      "n_runs": 15,
      "train_acc_mean": 0.9325000087420146,
      "train_acc_std": 0.03894440517561417,
      "num_params": 1015558,
      "param_to_train_ratio": 12694.475
    },
    "restricted_standard_mlp": {
      "test_acc_mean": 0.28647562563419343,
      "test_acc_std": 0.02936321378592865,
      "val_acc_mean": 0.3069105625152588,
      "val_acc_std": 0.017625592157658646,
      "per_run_test_acc": [
        0.3182503879070282,
        0.2322775274515152,
        0.3001508414745331,
        0.28959277272224426,
        0.2911010682582855,
        0.3107089102268219,
        0.22926093637943268,
        0.2835595905780792,
        0.2322775274515152,
        0.29713425040245056,
        0.30467572808265686,
        0.30920061469078064,
        0.28657618165016174,
        0.2956259548664093,
        0.31674209237098694
      ],
      "n_runs": 15,
      "train_acc_mean": 0.8850000023841857,
      "train_acc_std": 0.22999999523162837,
      "num_params": 588038,
      "param_to_train_ratio": 7350.475
    },
    "restricted_rownorm_mlp": {
      "test_acc_mean": 0.24193062285582226,
      "test_acc_std": 0.015010387910433534,
      "val_acc_mean": 0.31422762870788573,
      "val_acc_std": 0.011647600136777125,
      "per_run_test_acc": [
        0.24283559620380402,
        0.23831070959568024,
        0.26395174860954285,
        0.2247360497713089,
        0.24434389173984528,
        0.22926093637943268,
        0.21417798101902008,
        0.2322775274515152,
        0.26696833968162537,
        0.24283559620380402,
        0.24585218727588654,
        0.23831070959568024,
        0.2503770887851715,
        0.26696833968162537,
        0.22775264084339142
      ],
      "n_runs": 15,
      "train_acc_mean": 1.0,
      "train_acc_std": 0.0,
      "num_params": 587520,
      "param_to_train_ratio": 7344.0
    }
  },
  "framework_analysis": {
    "sgc_mlp_acc_pct": 62.43338584899902,
    "restricted_std_acc_pct": 28.647562563419342,
    "restricted_rownorm_acc_pct": 24.193062285582226,
    "part_a_pp": 33.78582328557968,
    "part_b_pp": -4.454500277837116,
    "remaining_gap_pp": 38.240323563416794
  }
}