{
  "dataset": "citeseer",
  "k": 4,
  "split_type": "fixed",
  "component_type": "lcc",
  "num_seeds": 15,
  "num_splits": 1,
  "total_runs_per_method": 15,
  "metadata": {
    "d_effective": 2023,
    "ortho_error": 1.767007651309882e-10,
    "num_components": 0,
    "num_nodes": 2120,
    "num_features": 3703,
    "num_classes": 6
  },
  "experiments": {
    "sgc_mlp_baseline": {
      "test_acc_mean": 0.6158874034881592,
      "test_acc_std": 0.014463567674744214,
      "val_acc_mean": 0.6459349393844604,
      "val_acc_std": 0.01182709158744304,
      "per_run_test_acc": [
        0.61689293384552,
        0.6003016829490662,
        0.6078431606292725,
        0.6304675936698914,
        0.6244344115257263,
        0.5731523633003235,
        0.6078431606292725,
        0.61689293384552,
        0.6199095249176025,
        0.6304675936698914,
        0.6289592981338501,
        0.6289592981338501,
        0.6244344115257263,
        0.6138763427734375,
        0.6138763427734375
      ],
      "n_runs": 15,
      "train_acc_mean": 0.9675000071525574,
      "train_acc_std": 0.0236290816627842,
      "num_params": 1015558,
      "param_to_train_ratio": 12694.475
    },
    "restricted_standard_mlp": {
      "test_acc_mean": 0.2621417850255966,
      "test_acc_std": 0.03808638600390738,
      "val_acc_mean": 0.29166666269302366,
      "val_acc_std": 0.013156543273043374,
      "per_run_test_acc": [
        0.3107089102268219,
        0.23076923191547394,
        0.23076923191547394,
        0.23076923191547394,
        0.23076923191547394,
        0.23076923191547394,
        0.23076923191547394,
        0.3031674325466156,
        0.3107089102268219,
        0.2322775274515152,
        0.23076923191547394,
        0.3137255012989044,
        0.2322775274515152,
        0.30467572808265686,
        0.30920061469078064
      ],
      "n_runs": 15,
      "train_acc_mean": 0.6433333396911621,
      "train_acc_std": 0.29720456297438635,
      "num_params": 585478,
      "param_to_train_ratio": 7318.475
    },
    "restricted_rownorm_mlp": {
      "test_acc_mean": 0.25319256583849586,
      "test_acc_std": 0.020436282482551953,
      "val_acc_mean": 0.2934959292411804,
      "val_acc_std": 0.011806125715779506,
      "per_run_test_acc": [
        0.23076923191547394,
        0.2760181128978729,
        0.23831070959568024,
        0.2322775274515152,
        0.2398190051317215,
        0.2926093637943268,
        0.28205129504203796,
        0.26395174860954285,
        0.23076923191547394,
        0.2579185664653778,
        0.25641027092933655,
        0.24132730066776276,
        0.23076923191547394,
        0.27903470396995544,
        0.24585218727588654
      ],
      "n_runs": 15,
      "train_acc_mean": 0.8425000031789144,
      "train_acc_std": 0.24928230109951016,
      "num_params": 584960,
      "param_to_train_ratio": 7312.0
    }
  },
  "framework_analysis": {
    "sgc_mlp_acc_pct": 61.58874034881592,
    "restricted_std_acc_pct": 26.21417850255966,
    "restricted_rownorm_acc_pct": 25.319256583849587,
    "part_a_pp": 35.374561846256256,
    "part_b_pp": -0.8949219187100717,
    "remaining_gap_pp": 36.269483764966324
  }
}