{
  "dataset": "amazon-computers",
  "split_type": "fixed",
  "component_type": "lcc",
  "k": 12,
  "d_effective": 767,
  "ortho_error": 2.3029578244404547e-09,
  "analysis": {
    "condition_number_U": 25.583172605175253,
    "singular_values_U_top20": [
      2.424476981731758,
      2.2610526151566845,
      2.247906091714393,
      2.1024432213855038,
      1.9628568572309681,
      1.8998896791765203,
      1.8516896284726196,
      1.8289177613311856,
      1.7471522919890154,
      1.7344558998143342,
      1.7047814449614294,
      1.6525729683339276,
      1.6434159231630066,
      1.642200053851256,
      1.6304640477529961,
      1.5950561511559043,
      1.5950308953162498,
      1.5927661947708924,
      1.579046278062435,
      1.5787961893668747
    ],
    "singular_values_U_bottom5": [
      0.16634668418169746,
      0.15364457494115882,
      0.1441566913357899,
      0.11457365802035194,
      0.09476842529066576
    ],
    "explained_variance_U_pct_top20": [
      1.223847994956769,
      2.2882671646429977,
      3.34034453364487,
      4.260666742439834,
      5.062840793584144,
      5.814373900780644,
      6.528258048568944,
      7.224691631656759,
      7.860246243912716,
      8.486597386730946,
      9.091699639591566,
      9.660307212387629,
      10.222630839158802,
      10.784122711640947,
      11.33761784166582,
      11.867334099948552,
      12.39703358349523,
      12.925229949979181,
      13.444365854788462,
      13.963337331560584
    ],
    "condition_number_X": 383250.1642410182,
    "singular_values_X_top20": [
      924.7133272965099,
      68.3835734198425,
      49.80668723051202,
      41.07439812491749,
      39.96294000430173,
      27.417981962228474,
      17.76895542097135,
      14.527472311116336,
      13.377558063854735,
      12.687236256850145,
      10.895786959393904,
      9.061877623188982,
      8.921149006726218,
      7.374150461590995,
      6.802786277619796,
      6.547370229891759,
      6.152835189666864,
      5.9177613877418,
      5.63918872757386,
      5.5318073996573505
    ],
    "explained_variance_X_pct_top20": [
      98.48733197096998,
      99.02593615332712,
      99.31165668665027,
      99.50597268373056,
      99.6899147246314,
      99.77649861818907,
      99.81286414926988,
      99.83717198269024,
      99.85778396818183,
      99.87632356106889,
      99.88999717598637,
      99.8994552460011,
      99.908621834282,
      99.91488494556218,
      99.92021510000187,
      99.92515251847436,
      99.92951282181049,
      99.93354631231087,
      99.93720899585836,
      99.9407335179788
    ],
    "intra_class_mean_dist": 1.3021014636562396,
    "inter_class_centroid_dist": 0.49214369184831785,
    "spectral_separability": 0.3779610925759975,
    "variance_analysis": {
      "U_variance_mean": 4.582152608159092e-05,
      "U_variance_std": 5.220938417260214e-05,
      "U_variance_max": 0.0005961947692542669,
      "U_variance_min": 2.664470472845696e-06,
      "U_variance_ratio": 223.75723490765014,
      "X_variance_mean": 0.028231177732789645,
      "X_variance_std": 0.014648340591380737,
      "X_variance_max": 0.06894170967050663,
      "X_variance_min": 0.008769676282980428,
      "X_variance_ratio": 7.861374518058606,
      "variance_ratio_reduction": 0.03513349868353149
    },
    "eigenvalue_stats": {
      "min": 1.444672873700296,
      "max": 43.99730547472216,
      "mean": 3.3753016927751616,
      "std": 2.7994542941462996,
      "d_effective": 767
    },
    "span_verification_error": 0.7165214317990481,
    "num_edges": 252468,
    "avg_degree": 37.735371048501605
  }
}