{
  "dataset": "amazon-computers",
  "split_type": "fixed",
  "component_type": "lcc",
  "k": 4,
  "d_effective": 767,
  "ortho_error": 2.1263099059254387e-09,
  "analysis": {
    "condition_number_U": 27.585497883035668,
    "singular_values_U_top20": [
      2.039039580999657,
      1.9371081229764224,
      1.9027970554805542,
      1.7489106015806466,
      1.69923267256179,
      1.6740160750361053,
      1.6414797749091765,
      1.5689382008826853,
      1.531468150489471,
      1.4848347228590473,
      1.4593409958770414,
      1.4539181099065426,
      1.4495448485408327,
      1.431338652878674,
      1.416734444800921,
      1.4144629653321261,
      1.3954022364486718,
      1.3891625707795066,
      1.3814187736118377,
      1.3612875388416534
    ],
    "singular_values_U_bottom5": [
      0.15792577010034173,
      0.148308971721053,
      0.13582119392069072,
      0.1160598494971172,
      0.07391708460892457
    ],
    "explained_variance_U_pct_top20": [
      1.2223405123313411,
      2.3255261980913304,
      3.389977591703758,
      4.289218621444892,
      5.138099192264199,
      5.961971948069102,
      6.754130227328897,
      7.477820222064429,
      8.167356042645613,
      8.815538276877403,
      9.441653782657285,
      10.063124665329608,
      10.680862508231012,
      11.283180300642638,
      11.873269681770113,
      12.461468374924598,
      13.033921226287637,
      13.601265975852197,
      14.16230310183546,
      14.707107533397004
    ],
    "condition_number_X": 3166.9894215355926,
    "singular_values_X_top20": [
      947.2706021743255,
      91.983066114347,
      80.12862617828338,
      55.716510239087775,
      53.50423635534649,
      40.511424169691686,
      36.64738095904929,
      30.449630718493708,
      27.07825546310251,
      25.674050042688517,
      21.242624751195095,
      19.049088686312974,
      18.325830508484824,
      17.30254628700102,
      16.749855545714972,
      15.371887064088428,
      14.643938290964085,
      13.00288593345867,
      12.66177860207856,
      11.49929907707992
    ],
    "explained_variance_X_pct_top20": [
      96.23109966084309,
      97.13846689749096,
      97.82702837692523,
      98.15994474141463,
      98.46694848371759,
      98.6429524081439,
      98.78698249255565,
      98.88641568646722,
      98.96504938296637,
      99.03573907609623,
      99.08413220295834,
      99.12304708667796,
      99.15906301892905,
      99.19116910525241,
      99.22125683790647,
      99.24659771833998,
      99.26959534978722,
      99.28772739674552,
      99.30492059853607,
      99.31910170339606
    ],
    "intra_class_mean_dist": 1.3403365455742156,
    "inter_class_centroid_dist": 0.41034453832724693,
    "spectral_separability": 0.306150376696213,
    "variance_analysis": {
      "U_variance_mean": 3.265908216883068e-05,
      "U_variance_std": 3.270047393716406e-05,
      "U_variance_max": 0.0004118586436553074,
      "U_variance_min": 1.854273869113019e-06,
      "U_variance_ratio": 222.11304834882299,
      "X_variance_mean": 0.03223233622062774,
      "X_variance_std": 0.013885593340702511,
      "X_variance_max": 0.07742657870024872,
      "X_variance_min": 0.011215196268414057,
      "X_variance_ratio": 6.903720348738391,
      "variance_ratio_reduction": 0.0310820116155276
    },
    "eigenvalue_stats": {
      "min": 0.8283707556225244,
      "max": 34.99702278524792,
      "mean": 2.891720816369701,
      "std": 2.2232014327255607,
      "d_effective": 767
    },
    "span_verification_error": 0.6545758641782357,
    "num_edges": 252468,
    "avg_degree": 37.735371048501605
  }
}