k,sgc_mlp,restr_std,restr_rn,part_a,part_b,rem_gap,n_runs,fisher_score,mean_fisher_score,fisher_score_X_diffused,log_magnitude,dual_stream,spec_alpha-1.0,spec_alpha-0.5,spec_alpha0.0,spec_alpha0.5,spec_alpha1.0,best_spectral_alpha,part_b6,part_b5_logmag,part_b5_dual,best_nested_spheres_key,part_b6_nested
1,93.1137,89.245,88.8996,3.8687,-0.3454,4.2142,15,0.0028427774046985697,0.0028427774046985697,0.4972146859141933,,,,,,,,,,,,,
2,93.4715,87.8066,88.7935,5.6649,0.9869,4.678,15,0.005292390380135399,0.005292390380135399,0.47117127248514945,,,,,,,,,,,,,
4,92.0479,88.1989,88.4234,3.849,0.2245,3.6245,15,0.006684014434003586,0.006684014434003586,0.44120474339810223,,,,,,,,,,,,,
6,89.5904,88.3666,89.2351,1.2238,0.8685,0.3553,15,0.006730580432017069,0.006730580432017069,0.4065141219293005,,,,,,,,,,,,,
8,86.3262,89.0575,89.7853,-2.7313,0.7279,-3.4592,15,0.006649311169345184,0.006649311169345184,0.37432689256676815,,,,,,,,,,,,,
10,84.5324,89.5041,90.1382,-4.9716,0.6341,-5.6057,15,0.006602106010390935,0.006602106010390935,0.34667138501186984,90.7056,90.5601,90.1702,90.3232,90.4614,90.6834,90.9499,1.0,0.8117441336313931,0.5674807230631558,0.4219098885854038,nested_spheres_a1.0_b-1.0,1.090550422668457
12,83.3037,89.852,90.227,-6.5482,0.375,-6.9233,15,0.006583780797298756,0.006583780797298756,0.32358813843908324,,,,,,,,,,,,,
20,79.588,90.1283,90.6292,-10.5403,0.5009,-11.0412,15,0.0065652664316511455,0.0065652664316511455,0.26454241903360365,,,,,,,,,,,,,
30,76.6667,90.2813,90.5601,-13.6146,0.2788,-13.8934,15,0.006534007954708244,0.006534007954708244,0.22915085081052247,,,,,,,,,,,,,
