{
  "dataset": "pubmed",
  "split_type": "fixed",
  "component_type": "lcc",
  "num_components": 1,
  "k_diffusion": 6,
  "num_splits": 1,
  "num_seeds": 5,
  "total_runs": 5,
  "precompute_time": 0.2890937328338623,
  "metadata": {
    "d_full": 499,
    "ortho_error": 3.2328073551468606e-10
  },
  "results": {
    "sgc_baseline": {
      "val_acc_mean": 0.7820000648498535,
      "val_acc_std": 0.0,
      "test_acc_mean": 0.7652000308036804,
      "test_acc_std": 0.0017204650756033268,
      "train_time_mean": 0.10827627182006835,
      "train_time_std": 0.002105894939312099
    },
    "sgc_mlp_baseline": {
      "val_acc_mean": 0.7740000367164612,
      "val_acc_std": 0.006693272404247981,
      "test_acc_mean": 0.7408000349998474,
      "test_acc_std": 0.013905409871655016,
      "train_time_mean": 0.1952956199645996,
      "train_time_std": 0.007326905537881792
    },
    "full_rownorm_mlp": {
      "val_acc_mean": 0.5040000259876252,
      "val_acc_std": 0.01447757102389624,
      "test_acc_mean": 0.48060002326965334,
      "test_acc_std": 0.022455296777277256,
      "train_time_mean": 0.285451602935791,
      "train_time_std": 0.0037626451967408417
    },
    "jl_binary_nc": {
      "val_acc_mean": 0.356000018119812,
      "val_acc_std": 0.004898977246891525,
      "test_acc_mean": 0.37340001463890077,
      "test_acc_std": 0.007059744823108468,
      "train_time_mean": 0.22455940246582032,
      "train_time_std": 0.0010344644883006307
    },
    "jl_binary_2nc": {
      "val_acc_mean": 0.35840001702308655,
      "val_acc_std": 0.022676855312096244,
      "test_acc_mean": 0.3724000155925751,
      "test_acc_std": 0.01890609002315339,
      "train_time_mean": 0.28445234298706057,
      "train_time_std": 0.009457453842599339
    },
    "jl_binary_4nc": {
      "val_acc_mean": 0.3764000117778778,
      "val_acc_std": 0.012862345673255157,
      "test_acc_mean": 0.3624000072479248,
      "test_acc_std": 0.01826034089784513,
      "train_time_mean": 0.2022376537322998,
      "train_time_std": 0.023436401878214486
    },
    "jl_ortho_nc": {
      "val_acc_mean": 0.35040001273155214,
      "val_acc_std": 0.007310257759304233,
      "test_acc_mean": 0.34800001978874207,
      "test_acc_std": 0.010019984284806814,
      "train_time_mean": 0.29918227195739744,
      "train_time_std": 0.03897357435757371
    },
    "jl_ortho_2nc": {
      "val_acc_mean": 0.3820000171661377,
      "val_acc_std": 0.02567488770130831,
      "test_acc_mean": 0.3738000154495239,
      "test_acc_std": 0.01989371285490675,
      "train_time_mean": 0.19093103408813478,
      "train_time_std": 0.012402502440301548
    },
    "jl_ortho_4nc": {
      "val_acc_mean": 0.4364000201225281,
      "val_acc_std": 0.013821724170723394,
      "test_acc_mean": 0.37020001411437986,
      "test_acc_std": 0.011771153358273972,
      "train_time_mean": 0.20274882316589354,
      "train_time_std": 0.010584542143960658
    }
  },
  "improvements": {
    "full_rownorm_mlp": {
      "vs_sgc": -28.460000753402703,
      "vs_sgc_mlp": -26.020001173019402
    },
    "jl_binary_nc": {
      "vs_sgc": -39.18000161647796,
      "vs_sgc_mlp": -36.74000203609466
    },
    "jl_binary_2nc": {
      "vs_sgc": -39.28000152111053,
      "vs_sgc_mlp": -36.84000194072723
    },
    "jl_binary_4nc": {
      "vs_sgc": -40.280002355575554,
      "vs_sgc_mlp": -37.840002775192254
    },
    "jl_ortho_nc": {
      "vs_sgc": -41.72000110149383,
      "vs_sgc_mlp": -39.28000152111053
    },
    "jl_ortho_2nc": {
      "vs_sgc": -39.14000153541565,
      "vs_sgc_mlp": -36.70000195503235
    },
    "jl_ortho_4nc": {
      "vs_sgc": -39.500001668930054,
      "vs_sgc_mlp": -37.06000208854675
    }
  },
  "parameter_counts": {
    "sgc_baseline": 1500,
    "sgc_mlp_baseline": 194304,
    "full_rownorm_mlp": 194048,
    "jl_binary_nc": 67072,
    "jl_ortho_nc": 67072,
    "jl_binary_2nc": 67840,
    "jl_ortho_2nc": 67840,
    "jl_binary_4nc": 69376,
    "jl_ortho_4nc": 69376
  }
}