{
  "dataset": "wikics",
  "split_type": "random",
  "component_type": "lcc",
  "num_components": 1,
  "k_diffusion": 4,
  "num_splits": 5,
  "num_seeds": 5,
  "total_runs": 25,
  "precompute_time": 0.2317967414855957,
  "metadata": {
    "k_full": 299,
    "k_nclasses": 10,
    "k_2nclasses": 20
  },
  "results": {
    "sgc_baseline": {
      "test_acc_mean": 0.7283959221839905,
      "test_acc_std": 0.013038043381984886,
      "test_acc_min": 0.7079098224639893,
      "test_acc_max": 0.7437030076980591
    },
    "full_logistic": {
      "test_acc_mean": 0.7055589818954467,
      "test_acc_std": 0.011435827919333182,
      "test_acc_min": 0.6884666085243225,
      "test_acc_max": 0.7242597937583923
    },
    "full_mlp": {
      "test_acc_mean": 0.787043731212616,
      "test_acc_std": 0.01242770805082318,
      "test_acc_min": 0.7688908576965332,
      "test_acc_max": 0.8077772855758667
    },
    "nclasses_logistic": {
      "test_acc_mean": 0.2696067082881928,
      "test_acc_std": 0.008266385283372667,
      "test_acc_min": 0.25231993198394775,
      "test_acc_max": 0.28457799553871155
    },
    "nclasses_mlp": {
      "test_acc_mean": 0.5014405608177185,
      "test_acc_std": 0.00899921303397877,
      "test_acc_min": 0.48431286215782166,
      "test_acc_max": 0.5161290168762207
    },
    "2nclasses_logistic": {
      "test_acc_mean": 0.2913300883769989,
      "test_acc_std": 0.013346884533766945,
      "test_acc_min": 0.257622629404068,
      "test_acc_max": 0.3124171495437622
    },
    "2nclasses_mlp": {
      "test_acc_mean": 0.6213344883918762,
      "test_acc_std": 0.0064702522160014235,
      "test_acc_min": 0.609368085861206,
      "test_acc_max": 0.6301369667053223
    }
  },
  "improvements": {
    "full_logistic": -2.2836940288543772,
    "full_mlp": 5.8647809028625435,
    "nclasses_logistic": -45.87892138957977,
    "nclasses_mlp": -22.695536136627204,
    "2nclasses_logistic": -43.70658338069916,
    "2nclasses_mlp": -10.70614337921143
  }
}