{
  "dataset": "coauthor-physics",
  "split_type": "fixed",
  "component_type": "lcc",
  "num_components": 1,
  "k_diffusion": 6,
  "num_splits": 1,
  "num_seeds": 5,
  "total_runs": 5,
  "precompute_time": 19.714621782302856,
  "metadata": {
    "d_full": 7700,
    "ortho_error": 5.607418751552018e-09
  },
  "results": {
    "sgc_baseline": {
      "val_acc_mean": 0.9565091133117676,
      "val_acc_std": 0.0,
      "test_acc_mean": 0.9442318439483642,
      "test_acc_std": 0.0002130024320239043,
      "train_time_mean": 0.5358330726623535,
      "train_time_std": 0.004394063037298787
    },
    "sgc_mlp_baseline": {
      "val_acc_mean": 0.9584227323532104,
      "val_acc_std": 0.00042413318383746124,
      "test_acc_mean": 0.9532463312149048,
      "test_acc_std": 0.0005620543276456739,
      "train_time_mean": 1.650300931930542,
      "train_time_std": 0.0070925479138682305
    },
    "full_rownorm_mlp": {
      "val_acc_mean": 0.9224702715873718,
      "val_acc_std": 0.0042030129150774954,
      "test_acc_mean": 0.9217390894889832,
      "test_acc_std": 0.0020981920880018224,
      "train_time_mean": 2.3808298110961914,
      "train_time_std": 0.003415150883137493
    },
    "jl_binary_nc": {
      "val_acc_mean": 0.5013337373733521,
      "val_acc_std": 5.7983398437500004e-05,
      "test_acc_mean": 0.4995651841163635,
      "test_acc_std": 0.0,
      "train_time_mean": 0.4150870323181152,
      "train_time_std": 0.006445268415483502
    },
    "jl_binary_2nc": {
      "val_acc_mean": 0.5021165609359741,
      "val_acc_std": 0.0009377055485652332,
      "test_acc_mean": 0.5004347503185272,
      "test_acc_std": 0.0009027490049545771,
      "train_time_mean": 0.41434249877929685,
      "train_time_std": 0.005388038058061077
    },
    "jl_binary_4nc": {
      "val_acc_mean": 0.5175993084907532,
      "val_acc_std": 0.004101992156920586,
      "test_acc_mean": 0.5139130115509033,
      "test_acc_std": 0.002340470871626192,
      "train_time_mean": 0.41912293434143066,
      "train_time_std": 0.006592108100135301
    },
    "jl_ortho_nc": {
      "val_acc_mean": 0.5014786958694458,
      "val_acc_std": 0.00010847700553696424,
      "test_acc_mean": 0.49939127564430236,
      "test_acc_std": 0.0002493350525071514,
      "train_time_mean": 0.41539897918701174,
      "train_time_std": 0.006581235101882638
    },
    "jl_ortho_2nc": {
      "val_acc_mean": 0.5033053040504456,
      "val_acc_std": 0.0013611687017099456,
      "test_acc_mean": 0.5011593997478485,
      "test_acc_std": 0.0012331664127055047,
      "train_time_mean": 0.416626501083374,
      "train_time_std": 0.006323862452073428
    },
    "jl_ortho_4nc": {
      "val_acc_mean": 0.5144679546356201,
      "val_acc_std": 0.003701003953065482,
      "test_acc_mean": 0.5153622984886169,
      "test_acc_std": 0.0034503788082252264,
      "train_time_mean": 0.42319140434265134,
      "train_time_std": 0.007846036687778946
    }
  },
  "improvements": {
    "full_rownorm_mlp": {
      "vs_sgc": -2.2492754459381037,
      "vs_sgc_mlp": -3.1507241725921564
    },
    "jl_binary_nc": {
      "vs_sgc": -44.46666598320007,
      "vs_sgc_mlp": -45.368114709854126
    },
    "jl_binary_2nc": {
      "vs_sgc": -44.3797093629837,
      "vs_sgc_mlp": -45.28115808963775
    },
    "jl_binary_4nc": {
      "vs_sgc": -43.031883239746094,
      "vs_sgc_mlp": -43.93333196640015
    },
    "jl_ortho_nc": {
      "vs_sgc": -44.48405683040619,
      "vs_sgc_mlp": -45.38550555706024
    },
    "jl_ortho_2nc": {
      "vs_sgc": -44.307244420051575,
      "vs_sgc_mlp": -45.20869314670563
    },
    "jl_ortho_4nc": {
      "vs_sgc": -42.88695454597473,
      "vs_sgc_mlp": -43.788403272628784
    }
  },
  "parameter_counts": {
    "sgc_baseline": 42075,
    "sgc_mlp_baseline": 2221056,
    "full_rownorm_mlp": 2038016,
    "jl_binary_nc": 68096,
    "jl_ortho_nc": 68096,
    "jl_binary_2nc": 69376,
    "jl_ortho_2nc": 69376,
    "jl_binary_4nc": 71936,
    "jl_ortho_4nc": 71936
  }
}