{
  "dataset": "amazon-photo",
  "split_type": "fixed",
  "component_type": "lcc",
  "k": 2,
  "d_effective": 745,
  "ortho_error": 5.016849158323566e-10,
  "analysis": {
    "condition_number_U": 14.763907684368139,
    "singular_values_U_top20": [
      0.5856835179704695,
      0.5798795539343449,
      0.5322086264292013,
      0.5215335560776234,
      0.5153057049690789,
      0.5094206282453613,
      0.48593477836854215,
      0.47853825904487984,
      0.4725640739104098,
      0.4684515529886743,
      0.46599023094444214,
      0.4629323685079844,
      0.46076034584718634,
      0.4592060651980078,
      0.45421321462446934,
      0.45353836412252035,
      0.45134939355118514,
      0.4502034014451672,
      0.4482878254489894,
      0.44499095465275706
    ],
    "singular_values_U_bottom5": [
      0.07406635000129372,
      0.07190006122417511,
      0.06651684850371019,
      0.060741833931948964,
      0.039669952595990876
    ],
    "explained_variance_U_pct_top20": [
      0.8360397993833779,
      1.6555918470292654,
      2.3459345945288037,
      3.0088612178245797,
      3.656049802654515,
      4.2885402950841955,
      4.864055646633729,
      5.422184247176321,
      5.966464215836792,
      6.501312138645552,
      7.03055446746755,
      7.552873731114074,
      8.070303175380504,
      8.5842476230485,
      9.087076809069764,
      9.588412941021604,
      10.084921425126451,
      10.578911804798285,
      11.068707356311704,
      11.551325131967742
    ],
    "condition_number_X": 1764.6703374492965,
    "singular_values_X_top20": [
      719.9424502971319,
      90.37497413948086,
      83.41613914887992,
      56.97708767613997,
      53.88163735386633,
      41.231744970819584,
      34.83423771485747,
      31.70429926738884,
      26.71803551217948,
      26.244055545071834,
      22.207225042223936,
      20.727573947572512,
      18.962317983993206,
      18.053945711491043,
      16.582868739169257,
      15.823904898872744,
      15.193529308969422,
      14.785034823246582,
      13.873237100858324,
      12.824049603139695
    ],
    "explained_variance_X_pct_top20": [
      93.53659671419992,
      95.01054542869774,
      96.26624622769931,
      96.85209630901663,
      97.37601943636088,
      97.68281525099273,
      97.90179231221876,
      98.08318606180966,
      98.21200954751606,
      98.33630289857318,
      98.42529973885266,
      98.5028320887486,
      98.56772075548135,
      98.62654146583488,
      98.67616701512131,
      98.72135399637203,
      98.76301246839212,
      98.80246098746647,
      98.83719393321064,
      98.8668720526963
    ],
    "intra_class_mean_dist": 1.4038047572800765,
    "inter_class_centroid_dist": 0.16983701653519132,
    "spectral_separability": 0.12098336015348517,
    "variance_analysis": {
      "U_variance_mean": 1.2265645830513777e-05,
      "U_variance_std": 4.430107804528406e-06,
      "U_variance_max": 5.149356130086894e-05,
      "U_variance_min": 1.2822096562284038e-06,
      "U_variance_ratio": 40.159985452262724,
      "X_variance_mean": 0.043854256871815385,
      "X_variance_std": 0.015516205497861191,
      "X_variance_max": 0.120401861041812,
      "X_variance_min": 0.015716512072087418,
      "X_variance_ratio": 7.660851242432174,
      "variance_ratio_reduction": 0.19075831716966793
    },
    "eigenvalue_stats": {
      "min": 0.03038400236558633,
      "max": 1.5189066359150394,
      "mean": 0.6810996887743223,
      "std": 0.2465371993680001,
      "d_effective": 745
    },
    "span_verification_error": 0.42357714286582504,
    "num_edges": 119043,
    "avg_degree": 31.79991986109256
  }
}