{
  "dataset": "amazon-photo",
  "split_type": "fixed",
  "component_type": "lcc",
  "k": 8,
  "d_effective": 745,
  "ortho_error": 6.908064120736412e-10,
  "analysis": {
    "condition_number_U": 53.781032045741206,
    "singular_values_U_top20": [
      0.7009409104956081,
      0.6990369189013124,
      0.6982829192888662,
      0.6946512098831868,
      0.6614735047982482,
      0.642977626455739,
      0.6351298161979246,
      0.6339802165838482,
      0.629508742891263,
      0.6171078715505863,
      0.6055549388340858,
      0.6049952821294957,
      0.599819623072108,
      0.5951596098374918,
      0.585784721767761,
      0.5794429337196867,
      0.5737183345774953,
      0.5733349375887047,
      0.5717131744981112,
      0.5668517529701173
    ],
    "singular_values_U_bottom5": [
      0.02965695341887115,
      0.025023873619353418,
      0.02380829062465824,
      0.019724920048725225,
      0.013033236511702717
    ],
    "explained_variance_U_pct_top20": [
      0.7953978090377631,
      1.586480350217993,
      2.3758572468863868,
      3.1570445331156294,
      3.8653922202383755,
      4.53468061710195,
      5.187730830957164,
      5.838419112430502,
      6.479961130490479,
      7.096476270002748,
      7.69012381302928,
      8.282674559454934,
      8.865130277014604,
      9.438570925023248,
      9.994088309484486,
      10.537642584376867,
      11.070509837306227,
      11.602665133079878,
      12.131814126057067,
      12.652002404230284
    ],
    "condition_number_X": 2624942.5205902527,
    "singular_values_X_top20": [
      698.0332142794417,
      82.78248851777235,
      68.63914109709583,
      51.27971996367789,
      40.89516814185973,
      30.817459794222327,
      24.75291000726975,
      20.279722900612775,
      15.535876016684124,
      13.882179912799838,
      12.57853161926757,
      11.714648018946573,
      9.783215363290697,
      8.886948643122894,
      8.260038018150254,
      7.618493906478771,
      7.264117417808027,
      7.001444935821782,
      6.151827754799649,
      5.990811219882949
    ],
    "explained_variance_X_pct_top20": [
      96.15839478003107,
      97.51081602348893,
      98.440592832644,
      98.95954379126232,
      99.28959325018475,
      99.47701876176363,
      99.59793581494193,
      99.67909899633351,
      99.72673184139357,
      99.7647639466147,
      99.7959884054697,
      99.8230712026425,
      99.84195973684132,
      99.85754594132473,
      99.87101071696523,
      99.8824651415673,
      99.89287873792414,
      99.90255283372824,
      99.91002150531645,
      99.91710432683061
    ],
    "intra_class_mean_dist": 1.393399013921448,
    "inter_class_centroid_dist": 0.21558245390698896,
    "spectral_separability": 0.15471695598540325,
    "variance_analysis": {
      "U_variance_mean": 1.8469696521719064e-05,
      "U_variance_std": 1.0880343839633834e-05,
      "U_variance_max": 8.893956906760446e-05,
      "U_variance_min": 2.488991501155567e-06,
      "U_variance_ratio": 35.733160717162626,
      "X_variance_mean": 0.03543526973493082,
      "X_variance_std": 0.015618139583511801,
      "X_variance_max": 0.12059295289960903,
      "X_variance_min": 0.0111329360668842,
      "X_variance_ratio": 10.832088872538325,
      "variance_ratio_reduction": 0.3031382798257578
    },
    "eigenvalue_stats": {
      "min": 0.03303666527944044,
      "max": 1.56649093388863,
      "mean": 0.5780902823734029,
      "std": 0.2324088363409779,
      "d_effective": 745
    },
    "span_verification_error": 0.4869839517593444,
    "num_edges": 119043,
    "avg_degree": 31.79991986109256
  }
}