{
  "dataset": "amazon-photo",
  "split_type": "fixed",
  "component_type": "lcc",
  "k": 12,
  "d_effective": 745,
  "ortho_error": 3.70248165459941e-10,
  "analysis": {
    "condition_number_U": 7.751461366218742,
    "singular_values_U_top20": [
      0.5773264563254893,
      0.5773197000132141,
      0.5773140493277017,
      0.577312134637982,
      0.5772802030498199,
      0.577278566106901,
      0.5769361950538504,
      0.5651796415007236,
      0.5634269678819676,
      0.5626212169120314,
      0.5615931591167194,
      0.5609033129851471,
      0.5592737374635562,
      0.5574209273226123,
      0.5571489795385555,
      0.5570446141774558,
      0.5568354187199027,
      0.5563288419732048,
      0.5559265270314567,
      0.5553584428938295
    ],
    "singular_values_U_bottom5": [
      0.11319531642631729,
      0.10779567087183317,
      0.10767471522451726,
      0.09354450812694823,
      0.07447969215734042
    ],
    "explained_variance_U_pct_top20": [
      0.2853116319527437,
      0.570616586078131,
      0.855915955219389,
      1.1412134319457163,
      1.426479349489261,
      1.7117436492279365,
      1.9966696815075489,
      2.270101831677277,
      2.541840735304943,
      2.812802972795494,
      3.0827758756278603,
      3.352085930725577,
      3.619833422157068,
      3.885809818337022,
      4.151526755125152,
      4.41714415283944,
      4.682562085312095,
      4.947497313600602,
      5.212049499152483,
      5.476061285548712
    ],
    "condition_number_X": 3321162.1938985493,
    "singular_values_X_top20": [
      695.7888897546864,
      80.21294608411738,
      65.22203571180971,
      49.2555963692423,
      39.73814186573234,
      30.153893433413526,
      20.11140435372366,
      17.714152511372312,
      14.456456540082677,
      11.589266311052649,
      9.514395349446733,
      8.464225710484383,
      8.022540868021014,
      7.7462687938280075,
      6.991974591889876,
      6.499042070434238,
      5.720096745948855,
      5.659316266844955,
      5.0654205606603995,
      4.902758575242495
    ],
    "explained_variance_X_pct_top20": [
      96.51902249997775,
      97.80178681695863,
      98.64988598125825,
      99.13357819784426,
      99.44840597802957,
      99.62968382180861,
      99.71032237577005,
      99.77288265729119,
      99.81454864154267,
      99.84132612877093,
      99.85937376475015,
      99.87365719134854,
      99.88648882086126,
      99.89845190235353,
      99.90819860279201,
      99.91661946637895,
      99.92314272630726,
      99.92952809333254,
      99.9346436035115,
      99.93943584783267
    ],
    "intra_class_mean_dist": 1.380592609620064,
    "inter_class_centroid_dist": 0.26932045658744913,
    "spectral_separability": 0.1950759802064749,
    "variance_analysis": {
      "U_variance_mean": 2.113223284683408e-05,
      "U_variance_std": 1.1747497653607348e-05,
      "U_variance_max": 6.9999793391316e-05,
      "U_variance_min": 9.412010358455187e-07,
      "U_variance_ratio": 74.37276028459972,
      "X_variance_mean": 0.031026591197351343,
      "X_variance_std": 0.013893715578248722,
      "X_variance_max": 0.10969973747096941,
      "X_variance_min": 0.009493949398778598,
      "X_variance_ratio": 11.554700035954228,
      "variance_ratio_reduction": 0.155361989950865
    },
    "eigenvalue_stats": {
      "min": 0.03689075050279517,
      "max": 1.226019560056901,
      "mean": 0.43192369134776687,
      "std": 0.1475075746019917,
      "d_effective": 745
    },
    "span_verification_error": 0.5771661329693648,
    "num_edges": 122786,
    "avg_degree": 32.79991986109256
  }
}