{
  "dataset": "amazon-photo",
  "split_type": "fixed",
  "component_type": "lcc",
  "k": 1,
  "d_effective": 745,
  "ortho_error": 6.254731177435247e-10,
  "analysis": {
    "condition_number_U": 11.74996956946518,
    "singular_values_U_top20": [
      0.7436029254203097,
      0.6930294068355336,
      0.67339954270342,
      0.641002608632165,
      0.6357888985569773,
      0.6254033793575091,
      0.5997074612613044,
      0.5966382189939151,
      0.5948410433717003,
      0.5865592367398614,
      0.581869057020592,
      0.5796579147138693,
      0.571106110220837,
      0.5662170125766359,
      0.5643919317937197,
      0.5621653309910607,
      0.5575951641360843,
      0.5547665485007641,
      0.5511705835359989,
      0.5477971713410748
    ],
    "singular_values_U_bottom5": [
      0.12774541385672508,
      0.11958872261674351,
      0.11752139405828382,
      0.10728496624150664,
      0.06328551925383039
    ],
    "explained_variance_U_pct_top20": [
      0.6444975214446236,
      1.204309772486396,
      1.732858104276,
      2.211773353873301,
      2.6829296002059984,
      3.1388190264362006,
      3.558015843557717,
      3.9729328266420443,
      4.3853539735290585,
      4.786371014877284,
      5.181000560513872,
      5.572636566152198,
      5.952802051633128,
      6.326486393395031,
      6.697765632703636,
      7.066121159238165,
      7.428511880502087,
      7.787235195337668,
      8.141323134216586,
      8.4910899818947
    ],
    "condition_number_X": 301.4721047006169,
    "singular_values_X_top20": [
      740.9033669806539,
      97.68489954124962,
      88.73891211648476,
      63.3787062734045,
      61.12656191317068,
      49.59471165765689,
      45.18781777600069,
      36.83168302077396,
      32.19994659488883,
      31.821528956723373,
      28.785876385029624,
      25.84497535253567,
      25.183855994779382,
      22.976692608848147,
      21.431137161857222,
      21.206460246096686,
      20.420611923006486,
      19.77826936420735,
      17.984921436583726,
      17.38643444061421
    ],
    "explained_variance_X_pct_top20": [
      88.19149264602568,
      89.72455007755653,
      90.98967018046797,
      91.63501272332974,
      92.23530602197022,
      92.63046722194271,
      92.95852194430115,
      93.1764668313674,
      93.34304337984344,
      93.50572767940176,
      93.63885355230724,
      93.74616740849598,
      93.84806126760883,
      93.93287742339128,
      94.00666682491845,
      94.07891716933982,
      94.14591196399319,
      94.2087583243048,
      94.26072448672552,
      94.30928962290743
    ],
    "intra_class_mean_dist": 1.377688976020169,
    "inter_class_centroid_dist": 0.2941245165302321,
    "spectral_separability": 0.2134912318017461,
    "variance_analysis": {
      "U_variance_mean": 1.556164799062346e-05,
      "U_variance_std": 6.713665413309739e-06,
      "U_variance_max": 4.964438075583829e-05,
      "U_variance_min": 2.4831883559905796e-06,
      "U_variance_ratio": 19.992184903689893,
      "X_variance_mean": 0.05920501621856473,
      "X_variance_std": 0.018187257010266872,
      "X_variance_max": 0.13838690368706116,
      "X_variance_min": 0.025406484185986337,
      "X_variance_ratio": 5.446912790788481,
      "variance_ratio_reduction": 0.2724521015100701
    },
    "eigenvalue_stats": {
      "min": 0.7776422479632467,
      "max": 18.46330197670176,
      "mean": 1.6933571510708054,
      "std": 1.3957513181328833,
      "d_effective": 745
    },
    "span_verification_error": 0.4477132704752768,
    "num_edges": 122786,
    "avg_degree": 32.79991986109256
  }
}