{
  "dataset": "amazon-photo",
  "split_type": "fixed",
  "component_type": "lcc",
  "k": 30,
  "d_effective": 480,
  "ortho_error": 7.385454470210107e-10,
  "analysis": {
    "condition_number_U": 57.04704501188983,
    "singular_values_U_top20": [
      0.7068851545610338,
      0.7063722540386722,
      0.70597486548487,
      0.7054878009616897,
      0.6964489610727425,
      0.6347241896902729,
      0.6306854280434431,
      0.619192501950204,
      0.616510211242922,
      0.6114422672889281,
      0.6030501460062125,
      0.5932360292458712,
      0.579524486931546,
      0.5675428782457594,
      0.5655095662884914,
      0.5566740403230026,
      0.5549751610745645,
      0.5524831809794362,
      0.5465447688494871,
      0.5408098188106281
    ],
    "singular_values_U_bottom5": [
      0.03268373247701895,
      0.030907529639884888,
      0.02632182043355841,
      0.016884085485024986,
      0.012391266794164427
    ],
    "explained_variance_U_pct_top20": [
      1.0742654799812699,
      2.146972598102452,
      3.2184730957204524,
      4.2884956091383195,
      5.331275117184893,
      6.197406945253232,
      7.052551415890671,
      7.876813410583404,
      8.693949603392154,
      9.49770668504773,
      10.279551845563107,
      11.036156375365843,
      11.758190096173923,
      12.450676506618704,
      13.138209921657932,
      13.804427115121603,
      14.466584139030925,
      15.122808005588345,
      15.765000731745666,
      16.39378697902255
    ],
    "condition_number_X": Infinity,
    "singular_values_X_top20": [
      679.7240901505812,
      74.66438163546545,
      48.762337672839365,
      40.664392288272275,
      31.290924957750725,
      20.631081754593335,
      13.10708241377652,
      6.46939065905786,
      5.3576385572258225,
      4.767103562966152,
      2.9227706449657367,
      2.664362241430952,
      2.3820399809678334,
      1.691005471077613,
      1.6238983000830478,
      1.1485233916333153,
      0.9416698015406237,
      0.7593854881361618,
      0.7362366085678671,
      0.704721341283833
    ],
    "explained_variance_X_pct_top20": [
      97.61084118036307,
      98.78860898037351,
      99.29095361312996,
      99.64030406069061,
      99.84716073274396,
      99.93708496349474,
      99.97337979558826,
      99.98222197831605,
      99.9882862626279,
      99.99308737537672,
      99.99489214679672,
      99.99639189818268,
      99.99759065426684,
      99.99819477363114,
      99.99875189573012,
      99.99903057997744,
      99.99921791976256,
      99.99933975062491,
      99.99945426698837,
      99.9995591892343
    ],
    "intra_class_mean_dist": 1.3679388746755983,
    "inter_class_centroid_dist": 0.3034444090793201,
    "spectral_separability": 0.22182600019411014,
    "variance_analysis": {
      "U_variance_mean": 2.1584740522792994e-05,
      "U_variance_std": 1.465583229121474e-05,
      "U_variance_max": 0.0001056513350789874,
      "U_variance_min": 2.465009921249426e-06,
      "U_variance_ratio": 42.86039228801329,
      "X_variance_mean": 0.030531022281109127,
      "X_variance_std": 0.015537900158655795,
      "X_variance_max": 0.11231291236306684,
      "X_variance_min": 0.010110878159659751,
      "X_variance_ratio": 11.108126374231597,
      "variance_ratio_reduction": 0.2591699651180732
    },
    "eigenvalue_stats": {
      "min": 0.033925737082074324,
      "max": 1.558676340530662,
      "mean": 0.49183414296442746,
      "std": 0.20829286877092834,
      "d_effective": 480
    },
    "span_verification_error": 0.5723479331907096,
    "num_edges": 119043,
    "avg_degree": 31.79991986109256
  }
}