k,sgc_mlp,restr_std,restr_rn,part_a,part_b,rem_gap,n_runs,fisher_score,mean_fisher_score,fisher_score_X_diffused,log_magnitude,dual_stream,spec_alpha-1.0,spec_alpha-0.5,spec_alpha0.0,spec_alpha0.5,spec_alpha1.0,best_spectral_alpha,part_b6,part_b5_logmag,part_b5_dual,best_nested_spheres_key,part_b6_nested
1,94.9276,89.4723,90.0779,5.4554,0.6057,4.8497,15,0.00416138240331307,0.00416138240331307,0.9453078038656348,,,,,,,,,,,,,
2,94.7361,87.8869,90.1937,6.8493,2.3068,4.5424,15,0.006781212179759746,0.006781212179759746,0.8580257472646244,,,,,,,,,,,,,
4,93.8009,86.9027,89.4456,6.8982,2.5429,4.3554,15,0.008449133968414945,0.008449133968414945,0.654762704421414,,,,,,,,,,,,,
6,93.0483,87.3926,89.4812,5.6558,2.0886,3.5671,15,0.008925864352632753,0.008925864352632753,0.528692154271694,,,,,,,,,,,,,
8,92.2423,87.6286,89.9221,4.6137,2.2935,2.3202,15,0.009147226472140285,0.009147226472140285,0.4385881137819302,,,,,,,,,,,,,
10,91.2358,88.2253,90.4609,3.0105,2.2356,0.7749,15,0.009255867841351476,0.009255867841351476,0.3698583190702246,90.4565,90.7237,89.9176,90.1759,90.7504,91.3338,91.6277,1.0,1.1667792002359931,-0.00445246696472168,0.2627484003702705,nested_spheres_a1.0_b0.0,1.0955254236857002
12,90.2427,88.7553,90.7059,1.4874,1.9506,-0.4631,15,0.009313027266059194,0.009313027266059194,0.31527675211695816,,,,,,,,,,,,,
20,86.7424,89.0537,91.071,-2.3113,2.0174,-4.3287,15,0.009361267456982571,0.009361267456982571,0.17589321104978342,,,,,,,,,,,,,
30,82.0842,89.4277,91.0354,-7.3436,1.6077,-8.9512,15,0.00933817642781996,0.00933817642781996,0.09126894986850069,,,,,,,,,,,,,
