k,sgc_mlp,restr_std,restr_rn,part_a,part_b,rem_gap,n_runs,fisher_score,mean_fisher_score,fisher_score_X_diffused,log_magnitude,dual_stream,spec_alpha-1.0,spec_alpha-0.5,spec_alpha0.0,spec_alpha0.5,spec_alpha1.0,best_spectral_alpha,part_b6,part_b5_logmag,part_b5_dual,best_nested_spheres_key,part_b6_nested
1,94.9276,89.1294,89.8909,5.7983,0.7615,5.0367,15,0.0036991014366456977,0.0036991014366456977,0.9453078038656348,,,,,,,,,,,,,
2,94.7361,88.016,88.5638,6.7201,0.5478,6.1723,15,0.005308758783908809,0.005308758783908809,0.8580257472646244,,,,,,,,,,,,,
4,93.8009,87.0452,88.3411,6.7557,1.2959,5.4598,15,0.006140434299216523,0.006140434299216523,0.654762704421414,,,,,,,,,,,,,
6,93.0483,87.2679,88.7553,5.7805,1.4874,4.293,15,0.00632076723489708,0.00632076723489708,0.528692154271694,,,,,,,,,,,,,
8,92.2423,87.8112,89.2808,4.4311,1.4696,2.9615,15,0.006372007819607496,0.006372007819607496,0.4385881137819302,,,,,,,,,,,,,
10,91.2358,88.1051,89.6816,3.1307,1.5765,1.5542,15,0.006382927487550633,0.006382927487550633,0.3698583190702246,89.9711,90.1314,91.4362,90.648,90.0646,89.9844,89.401,-1.0,1.7546192804972378,0.2894667784373013,0.449786980946854,nested_spheres_a-1.0_b0.0,1.7011797428131104
12,90.2427,88.7687,89.8686,1.4741,1.1,0.3741,15,0.006381072942637167,0.006381072942637167,0.31527675211695816,,,,,,,,,,,,,
20,86.7424,89.1027,90.0824,-2.3603,0.9797,-3.34,15,0.006339458275161038,0.006339458275161038,0.17589321104978342,,,,,,,,,,,,,
30,82.0842,89.2095,90.2204,-7.1254,1.0109,-8.1363,15,0.006287348504212603,0.006287348504212603,0.09126894986850069,,,,,,,,,,,,,
