{
  "dataset": "citeseer",
  "k": 4,
  "split_type": "random",
  "component_type": "lcc",
  "num_seeds": 15,
  "num_splits": 5,
  "total_runs_per_method": 75,
  "metadata": {
    "d_effective": 2033,
    "ortho_error": 2.2394430754246741e-10,
    "num_components": 0,
    "num_nodes": 2120,
    "num_features": 3703,
    "num_classes": 6
  },
  "experiments": {
    "sgc_mlp_baseline": {
      "test_acc_mean": 0.739371079603831,
      "test_acc_std": 0.019165778506586673,
      "val_acc_mean": 0.753522028128306,
      "val_acc_std": 0.019688802454145934,
      "per_run_test_acc": [
        0.740566074848175,
        0.7358490824699402,
        0.7429245114326477,
        0.724056601524353,
        0.7311320900917053,
        0.7287735939025879,
        0.7193396091461182,
        0.7382075786590576,
        0.7476415038108826,
        0.724056601524353,
        0.724056601524353,
        0.7358490824699402,
        0.7311320900917053,
        0.7334905862808228,
        0.724056601524353,
        0.7429245114326477,
        0.7452830076217651,
        0.7429245114326477,
        0.7452830076217651,
        0.7382075786590576,
        0.7452830076217651,
        0.7476415038108826,
        0.7547169923782349,
        0.766509473323822,
        0.7617924809455872,
        0.7523584961891174,
        0.7429245114326477,
        0.7641509771347046,
        0.7523584961891174,
        0.7452830076217651,
        0.7452830076217651,
        0.7783018946647644,
        0.7617924809455872,
        0.775943398475647,
        0.7688679099082947,
        0.7334905862808228,
        0.7735849022865295,
        0.7594339847564697,
        0.7712264060974121,
        0.75,
        0.7783018946647644,
        0.7594339847564697,
        0.7735849022865295,
        0.7712264060974121,
        0.7735849022865295,
        0.7523584961891174,
        0.7146226763725281,
        0.7146226763725281,
        0.7382075786590576,
        0.7334905862808228,
        0.7193396091461182,
        0.7122641801834106,
        0.7169811725616455,
        0.7169811725616455,
        0.7382075786590576,
        0.7334905862808228,
        0.7146226763725281,
        0.7051886916160583,
        0.7476415038108826,
        0.7169811725616455,
        0.7358490824699402,
        0.7169811725616455,
        0.7287735939025879,
        0.7311320900917053,
        0.7334905862808228,
        0.698113203048706,
        0.7452830076217651,
        0.7216981053352356,
        0.7311320900917053,
        0.7169811725616455,
        0.724056601524353,
        0.7122641801834106,
        0.7264150977134705,
        0.7193396091461182,
        0.7334905862808228
      ],
      "n_runs": 75,
      "train_acc_mean": 0.8634066764513652,
      "train_acc_std": 0.043111610021501115,
      "num_params": 1015558,
      "param_to_train_ratio": 798.3946540880503
    },
    "restricted_standard_mlp": {
      "test_acc_mean": 0.614433970451355,
      "test_acc_std": 0.024797024661116784,
      "val_acc_mean": 0.6256918350855509,
      "val_acc_std": 0.02672152977596081,
      "per_run_test_acc": [
        0.5778301954269409,
        0.599056601524353,
        0.599056601524353,
        0.5801886916160583,
        0.5896226763725281,
        0.6108490824699402,
        0.6061320900917053,
        0.5872641801834106,
        0.5919811129570007,
        0.6226415038108826,
        0.599056601524353,
        0.5589622855186462,
        0.6132075786590576,
        0.6084905862808228,
        0.625,
        0.5896226763725281,
        0.6084905862808228,
        0.625,
        0.599056601524353,
        0.5943396091461182,
        0.6202830076217651,
        0.5825471878051758,
        0.625,
        0.5966981053352356,
        0.615566074848175,
        0.5966981053352356,
        0.6415094137191772,
        0.6226415038108826,
        0.6297169923782349,
        0.6037735939025879,
        0.6415094137191772,
        0.625,
        0.6533018946647644,
        0.6108490824699402,
        0.6061320900917053,
        0.6556603908538818,
        0.6438679099082947,
        0.6556603908538818,
        0.6344339847564697,
        0.676886796951294,
        0.625,
        0.615566074848175,
        0.6674528121948242,
        0.6556603908538818,
        0.6320754885673523,
        0.5801886916160583,
        0.5872641801834106,
        0.5919811129570007,
        0.5896226763725281,
        0.5943396091461182,
        0.6037735939025879,
        0.6179245114326477,
        0.5919811129570007,
        0.5778301954269409,
        0.5849056839942932,
        0.5966981053352356,
        0.5636792778968811,
        0.6061320900917053,
        0.6084905862808228,
        0.5896226763725281,
        0.6320754885673523,
        0.6367924809455872,
        0.6037735939025879,
        0.6320754885673523,
        0.6084905862808228,
        0.6438679099082947,
        0.6202830076217651,
        0.6533018946647644,
        0.6344339847564697,
        0.6556603908538818,
        0.6344339847564697,
        0.625,
        0.6415094137191772,
        0.6226415038108826,
        0.6344339847564697
      ],
      "n_runs": 75,
      "train_acc_mean": 0.9999999403953552,
      "train_acc_std": 0.0,
      "num_params": 588038,
      "param_to_train_ratio": 462.2940251572327
    },
    "restricted_rownorm_mlp": {
      "test_acc_mean": 0.6601572378476461,
      "test_acc_std": 0.018978345150144453,
      "val_acc_mean": 0.6747484381993611,
      "val_acc_std": 0.02101810274555499,
      "per_run_test_acc": [
        0.6698113083839417,
        0.6485849022865295,
        0.676886796951294,
        0.7004716992378235,
        0.6226415038108826,
        0.676886796951294,
        0.6745283007621765,
        0.6462264060974121,
        0.6580188870429993,
        0.6603773832321167,
        0.6674528121948242,
        0.615566074848175,
        0.6792452931404114,
        0.6533018946647644,
        0.6580188870429993,
        0.6580188870429993,
        0.6698113083839417,
        0.6580188870429993,
        0.6792452931404114,
        0.6839622855186462,
        0.6391509771347046,
        0.676886796951294,
        0.6674528121948242,
        0.6603773832321167,
        0.7004716992378235,
        0.6863207817077637,
        0.6745283007621765,
        0.6650943756103516,
        0.6745283007621765,
        0.6627358794212341,
        0.676886796951294,
        0.6462264060974121,
        0.6485849022865295,
        0.6839622855186462,
        0.6179245114326477,
        0.6698113083839417,
        0.6886792778968811,
        0.6556603908538818,
        0.6745283007621765,
        0.6438679099082947,
        0.6580188870429993,
        0.6674528121948242,
        0.6108490824699402,
        0.6933962106704712,
        0.6650943756103516,
        0.6580188870429993,
        0.6745283007621765,
        0.6438679099082947,
        0.650943398475647,
        0.676886796951294,
        0.6603773832321167,
        0.6556603908538818,
        0.650943398475647,
        0.6533018946647644,
        0.6438679099082947,
        0.6698113083839417,
        0.6745283007621765,
        0.6367924809455872,
        0.6674528121948242,
        0.6438679099082947,
        0.6391509771347046,
        0.6320754885673523,
        0.6202830076217651,
        0.6792452931404114,
        0.6721698045730591,
        0.6674528121948242,
        0.6438679099082947,
        0.6438679099082947,
        0.6438679099082947,
        0.6320754885673523,
        0.6627358794212341,
        0.6674528121948242,
        0.6721698045730591,
        0.6462264060974121,
        0.6627358794212341
      ],
      "n_runs": 75,
      "train_acc_mean": 0.9995701853434245,
      "train_acc_std": 0.0005923913400323858,
      "num_params": 587520,
      "param_to_train_ratio": 461.8867924528302
    }
  },
  "framework_analysis": {
    "sgc_mlp_acc_pct": 73.9371079603831,
    "restricted_std_acc_pct": 61.4433970451355,
    "restricted_rownorm_acc_pct": 66.01572378476462,