{
  "dataset": "citeseer",
  "k": 4,
  "split_type": "random",
  "component_type": "lcc",
  "num_seeds": 15,
  "num_splits": 5,
  "total_runs_per_method": 75,
  "metadata": {
    "d_effective": 2023,
    "ortho_error": 2.799493759031435e-08,
    "num_components": 0,
    "num_nodes": 2120,
    "num_features": 3703,
    "num_classes": 6
  },
  "experiments": {
    "sgc_mlp_baseline": {
      "test_acc_mean": 0.739308188756307,
      "test_acc_std": 0.02267205923669834,
      "val_acc_mean": 0.753239004611969,
      "val_acc_std": 0.020185057747562206,
      "per_run_test_acc": [
        0.7523584961891174,
        0.7287735939025879,
        0.7311320900917053,
        0.740566074848175,
        0.7287735939025879,
        0.7075471878051758,
        0.7523584961891174,
        0.7617924809455872,
        0.7382075786590576,
        0.7122641801834106,
        0.7169811725616455,
        0.7547169923782349,
        0.7311320900917053,
        0.7216981053352356,
        0.7334905862808228,
        0.7476415038108826,
        0.7523584961891174,
        0.7523584961891174,
        0.7712264060974121,
        0.740566074848175,
        0.7429245114326477,
        0.7476415038108826,
        0.7264150977134705,
        0.7641509771347046,
        0.7594339847564697,
        0.7382075786590576,
        0.7452830076217651,
        0.7452830076217651,
        0.7594339847564697,
        0.7617924809455872,
        0.775943398475647,
        0.7523584961891174,
        0.7948113083839417,
        0.7523584961891174,
        0.7783018946647644,
        0.7806603908538818,
        0.7783018946647644,
        0.740566074848175,
        0.7688679099082947,
        0.7594339847564697,
        0.7924528121948242,
        0.7617924809455872,
        0.7570754885673523,
        0.766509473323822,
        0.7688679099082947,
        0.7358490824699402,
        0.7216981053352356,
        0.7311320900917053,
        0.7358490824699402,
        0.7169811725616455,
        0.724056601524353,
        0.7311320900917053,
        0.7382075786590576,
        0.724056601524353,
        0.7382075786590576,
        0.724056601524353,
        0.7358490824699402,
        0.7099056839942932,
        0.7216981053352356,
        0.7334905862808228,
        0.7028301954269409,
        0.7122641801834106,
        0.698113203048706,
        0.7287735939025879,
        0.6886792778968811,
        0.7028301954269409,
        0.7169811725616455,
        0.7051886916160583,
        0.724056601524353,
        0.7311320900917053,
        0.698113203048706,
        0.7334905862808228,
        0.7334905862808228,
        0.7193396091461182,
        0.7358490824699402
      ],
      "n_runs": 75,
      "train_acc_mean": 0.8719706201553344,
      "train_acc_std": 0.031678049187300786,
      "num_params": 1015558,
      "param_to_train_ratio": 798.3946540880503
    },
    "restricted_standard_mlp": {
      "test_acc_mean": 0.5802830266952514,
      "test_acc_std": 0.022045480870742058,
      "val_acc_mean": 0.6024213973681132,
      "val_acc_std": 0.023259303721216363,
      "per_run_test_acc": [
        0.5542452931404114,
        0.551886796951294,
        0.5589622855186462,
        0.5613207817077637,
        0.5966981053352356,
        0.5613207817077637,
        0.5495283007621765,
        0.5471698045730591,
        0.5683962106704712,
        0.5471698045730591,
        0.5683962106704712,
        0.5778301954269409,
        0.573113203048706,
        0.551886796951294,
        0.5613207817077637,
        0.6061320900917053,
        0.5613207817077637,
        0.573113203048706,
        0.5849056839942932,
        0.5778301954269409,
        0.5778301954269409,
        0.615566074848175,
        0.5943396091461182,
        0.599056601524353,
        0.5778301954269409,
        0.5825471878051758,
        0.6202830076217651,
        0.6273584961891174,
        0.6179245114326477,
        0.6037735939025879,
        0.5660377740859985,
        0.599056601524353,
        0.5353773832321167,
        0.551886796951294,
        0.615566074848175,
        0.5683962106704712,
        0.5919811129570007,
        0.5849056839942932,
        0.5683962106704712,
        0.5400943756103516,
        0.6037735939025879,
        0.5660377740859985,
        0.6037735939025879,
        0.5754716992378235,
        0.5943396091461182,
        0.6108490824699402,
        0.5330188870429993,
        0.573113203048706,
        0.5707547068595886,
        0.5448113083839417,
        0.573113203048706,
        0.5849056839942932,
        0.5660377740859985,
        0.5683962106704712,
        0.5660377740859985,
        0.5566037893295288,
        0.5707547068595886,
        0.5849056839942932,
        0.599056601524353,
        0.5872641801834106,
        0.5778301954269409,
        0.5660377740859985,
        0.5801886916160583,
        0.6061320900917053,
        0.6061320900917053,
        0.6014150977134705,
        0.5919811129570007,
        0.5872641801834106,
        0.6037735939025879,
        0.5943396091461182,
        0.5849056839942932,
        0.599056601524353,
        0.6061320900917053,
        0.5919811129570007,
        0.6202830076217651
      ],
      "n_runs": 75,
      "train_acc_mean": 0.9999999403953552,
      "train_acc_std": 0.0,
      "num_params": 585478,
      "param_to_train_ratio": 460.2814465408805
    },
    "restricted_rownorm_mlp": {
      "test_acc_mean": 0.7389937210083007,
      "test_acc_std": 0.022431984416899538,
      "val_acc_mean": 0.7581132173538208,
      "val_acc_std": 0.01686824649293803,
      "per_run_test_acc": [
        0.7311320900917053,
        0.7311320900917053,
        0.7311320900917053,
        0.7311320900917053,
        0.7334905862808228,
        0.7287735939025879,
        0.7216981053352356,
        0.7311320900917053,
        0.7287735939025879,
        0.724056601524353,
        0.7334905862808228,
        0.724056601524353,
        0.7311320900917053,
        0.7311320900917053,
        0.7264150977134705,
        0.7452830076217651,
        0.7452830076217651,
        0.7476415038108826,
        0.7523584961891174,
        0.7594339847564697,
        0.7523584961891174,
        0.75,
        0.7547169923782349,
        0.7523584961891174,
        0.7594339847564697,
        0.7547169923782349,
        0.75,
        0.740566074848175,
        0.7570754885673523,
        0.7617924809455872,
        0.775943398475647,
        0.7735849022865295,
        0.7712264060974121,
        0.775943398475647,
        0.7830188870429993,
        0.7806603908538818,
        0.7783018946647644,
        0.7712264060974121,
        0.7806603908538818,
        0.7806603908538818,
        0.7783018946647644,
        0.75,
        0.7688679099082947,
        0.7783018946647644,
        0.7712264060974121,
        0.7146226763725281,
        0.7193396091461182,
        0.7122641801834106,
        0.7169811725616455,
        0.7169811725616455,
        0.7028301954269409,
        0.7169811725616455,
        0.7075471878051758,
        0.7122641801834106,
        0.7169811725616455,
        0.7146226763725281,
        0.7075471878051758,
        0.7216981053352356,
        0.7146226763725281,
        0.7099056839942932,
        0.724056601524353,
        0.7193396091461182,
        0.724056601524353,
        0.7193396091461182,
        0.7264150977134705,
        0.7311320900917053,
        0.7287735939025879,
        0.7311320900917053,
        0.7287735939025879,
        0.7311320900917053,
        0.7216981053352356,
        0.7287735939025879,
        0.7146226763725281,
        0.7311320900917053,
        0.7193396091461182
      ],
      "n_runs": 75,
      "train_acc_mean": 0.9976205007235209,
      "train_acc_std": 0.00871185769738247,
      "num_params": 584960,
      "param_to_train_ratio": 459.87421383647796
    }
  },
  "framework_analysis": {
    "sgc_mlp_acc_pct": 73.9308188756307,
    "restricted_std_acc_pct": 58.02830266952515,