{
  "fisher_score": 0.0013823830578304863,
  "mean_fisher_score": 0.00137057730087031,
  "std_fisher_score": 5.52547369979502e-05,
  "per_split": [
    {
      "split": 0,
      "fisher_score": 0.0013823830578304863,
      "fisher_score_U": 0.0013823830578304863,
      "between_class_variance": 5.393300237304976e-05,
      "within_class_variance": 0.03901451342849375,
      "per_feature_U_stats": {
        "mean": 3.5958831391428775e-05,
        "std": 6.26802735844899e-05,
        "max": 0.0007864706671681445,
        "top5": [
          0.0007864706671681445,
          0.0005893043379167362,
          0.0003779332021288154,
          0.00032941696487032266,
          0.0003174541042957509
        ]
      },
      "note": "Computed on training set only to prevent data leakage",
      "fisher_score_X_diffused": 0.006787002040070626,
      "between_class_variance_X": 0.0005299774947143533,
      "within_class_variance_X": 0.07808712765744776,
      "per_feature_X_stats": {
        "mean": 0.0003738255380524776,
        "std": 0.001216415080087799,
        "max": 0.024473220220259294,
        "top5": [
          0.024473220220259294,
          0.005010437973474574,
          0.004542542364502429,
          0.004222416486531153,
          0.003427018842144327
        ],
        "n_cols_sampled": 500
      }
    },
    {
      "split": 1,
      "fisher_score": 0.0013369573721862726,
      "fisher_score_U": 0.0013369573721862726,
      "between_class_variance": 5.271013399814789e-05,
      "within_class_variance": 0.03942544100112416,
      "per_feature_U_stats": {
        "mean": 3.588115975737015e-05,
        "std": 6.335120316286148e-05,
        "max": 0.0007746263955523693,
        "top5": [
          0.0007746263955523693,
          0.0005670194804604542,
          0.0003991161057042273,
          0.0003467525746847921,
          0.0003328962227189426
        ]
      },
      "note": "Computed on training set only to prevent data leakage",
      "fisher_score_X_diffused": 0.006716070703836179,
      "between_class_variance_X": 0.0005209306707999381,
      "within_class_variance_X": 0.0775647984918303,
      "per_feature_X_stats": {
        "mean": 0.0003659115416343254,
        "std": 0.0011131793645189135,
        "max": 0.02205055660711568,
        "top5": [
          0.02205055660711568,
          0.004528394302383087,
          0.004449673774820335,
          0.004036389330741406,
          0.0034273194522273865
        ],
        "n_cols_sampled": 500
      }
    },
    {
      "split": 2,
      "fisher_score": 0.0013627532053081368,
      "fisher_score_U": 0.0013627532053081368,
      "between_class_variance": 5.358638322385531e-05,
      "within_class_variance": 0.03932214799798523,
      "per_feature_U_stats": {
        "mean": 3.5459245088736226e-05,
        "std": 6.178310439149919e-05,
        "max": 0.0007422125700147311,
        "top5": [
          0.0007422125700147311,
          0.0005711552939317313,
          0.0003921488341982231,
          0.00033717851309433947,
          0.0003225505111732189
        ]
      },
      "note": "Computed on training set only to prevent data leakage",
      "fisher_score_X_diffused": 0.006694721350812566,
      "between_class_variance_X": 0.000530163103306902,
      "within_class_variance_X": 0.07919121282658821,
      "per_feature_X_stats": {
        "mean": 0.0003645673674135703,
        "std": 0.0011579439517036918,
        "max": 0.0231307732005918,
        "top5": [
          0.0231307732005918,
          0.004803841966740527,
          0.004375860574275702,
          0.004266761375600314,
          0.003481003297471733
        ],
        "n_cols_sampled": 500
      }
    },
    {
      "split": 3,
      "fisher_score": 0.0013032522795593216,
      "fisher_score_U": 0.0013032522795593216,
      "between_class_variance": 5.102202060810117e-05,
      "within_class_variance": 0.03914976509793915,
      "per_feature_U_stats": {
        "mean": 3.4199285125094964e-05,
        "std": 6.043551435472645e-05,
        "max": 0.0007712262810112286,
        "top5": [
          0.0007712262810112286,
          0.0005661641800735352,
          0.00035489427883909425,
          0.0003093835599999287,
          0.0002993368252333284
        ]
      },
      "note": "Computed on training set only to prevent data leakage",
      "fisher_score_X_diffused": 0.006649607545311455,
      "between_class_variance_X": 0.0005178884734334745,
      "within_class_variance_X": 0.0778825622270942,
      "per_feature_X_stats": {
        "mean": 0.0003594113924631947,
        "std": 0.001147726959055886,
        "max": 0.023069581045860075,
        "top5": [
          0.023069581045860075,
          0.004386712084187576,
          0.004071852498096415,
          0.004035333467699872,
          0.0033930303174756434
        ],
        "n_cols_sampled": 500
      }
    },
    {
      "split": 4,
      "fisher_score": 0.0014675405894673335,
      "fisher_score_U": 0.0014675405894673335,
      "between_class_variance": 5.6929421072036034e-05,
      "within_class_variance": 0.03879239966555163,
      "per_feature_U_stats": {
        "mean": 3.70210203608825e-05,
        "std": 6.340180573092032e-05,
        "max": 0.0007466589529179107,
        "top5": [
          0.0007466589529179107,
          0.0005648952226188925,
          0.00040066591100884743,
          0.0003636932374711037,
          0.0003581789841779577
        ]
      },
      "note": "Computed on training set only to prevent data leakage",
      "fisher_score_X_diffused": 0.006875931710161561,
      "between_class_variance_X": 0.0005274553278251253,
      "within_class_variance_X": 0.07671037905243126,
      "per_feature_X_stats": {
        "mean": 0.00036625213266199995,
        "std": 0.0011590302820588497,
        "max": 0.023150262798260986,
        "top5": [
          0.023150262798260986,
          0.004815924056163803,
          0.004344667240143085,
          0.00413501358141728,
          0.0034485642437159657
        ],
        "n_cols_sampled": 500
      }
    }
  ],
  "note": "Fisher score computed on training set only (no leakage)"
}