{
  "dataset": "cora",
  "split_type": "fixed",
  "component_type": "lcc",
  "k": 20,
  "d_effective": 1262,
  "ortho_error": 2.367255280688596e-10,
  "analysis": {
    "condition_number_U": 5.212975427690557,
    "singular_values_U_top20": [
      0.6979838881275138,
      0.6965467233473327,
      0.6690217575168242,
      0.6144035689887724,
      0.6025584825526058,
      0.6007923551012557,
      0.5706973139362803,
      0.5612789416147915,
      0.5177906732792863,
      0.5144306901226418,
      0.5098371496439357,
      0.5001771179723087,
      0.49913062943173375,
      0.4981718285408383,
      0.4950183511958478,
      0.49405136845672165,
      0.47192712551321997,
      0.46903985887866745,
      0.46604563990932224,
      0.4640667576991812
    ],
    "singular_values_U_bottom5": [
      0.18055149109971233,
      0.16585294939406117,
      0.15692175368508465,
      0.15540571463051103,
      0.13389356957639323
    ],
    "explained_variance_U_pct_top20": [
      3.112660772110531,
      6.212516661222212,
      9.072223280994706,
      11.48406307536361,
      13.80380358294437,
      16.109965480910212,
      18.19087239862504,
      20.20366252709661,
      21.916631291740273,
      23.60744101643182,
      25.268189834014088,
      26.86660148534842,
      28.458331625056964,
      30.043952396350665,
      31.609562428572097,
      33.16906182182884,
      34.592015878174735,
      35.99761183097245,
      37.385319203402005,
      38.76126687226285
    ],
    "condition_number_X": 7820.810233337385,
    "singular_values_X_top20": [
      12.11952941069789,
      2.6282754780529323,
      2.4625414927369684,
      2.174383869861485,
      1.7627052950955815,
      1.5540726872468353,
      1.2446494945985964,
      1.172588212987642,
      1.107108074296482,
      1.00126837539358,
      0.8635196882797882,
      0.8248326341548133,
      0.7731977919571876,
      0.7627442971701212,
      0.7406734088756742,
      0.7259887023418934,
      0.6825853921496741,
      0.6557324703019338,
      0.6133020950997778,
      0.582849519229874
    ],
    "explained_variance_X_pct_top20": [
      79.66088883034223,
      83.40729965943609,
      86.69612452826627,
      89.26029012706346,
      90.94541873745368,
      92.25525282832172,
      93.09542398528595,
      93.84112491150614,
      94.50586775463327,
      95.04958690893291,
      95.4539934037919,
      95.82297550913552,
      96.14720673941635,
      96.46273013888452,
      96.76025765757258,
      97.04610447333768,
      97.2987942162536,
      97.53199339293336,
      97.73598980569857,
      97.92023090621004
    ],
    "intra_class_mean_dist": 1.4129071566570184,
    "inter_class_centroid_dist": 0.3520857100710963,
    "spectral_separability": 0.24919238919005965,
    "variance_analysis": {
      "U_variance_mean": 0.00010079713533565043,
      "U_variance_std": 7.846559744503706e-05,
      "U_variance_max": 0.0011846332332637569,
      "U_variance_min": 7.601782269196772e-17,
      "U_variance_ratio": 1184543186.8698063,
      "X_variance_mean": 0.0003035443482452806,
      "X_variance_std": 0.0016390947333421446,
      "X_variance_max": 0.04600071280026571,
      "X_variance_min": 0.0,
      "X_variance_ratio": 46000712800.26571,
      "variance_ratio_reduction": 38.83413733679401
    },
    "eigenvalue_stats": {
      "min": 0.022898144966538924,
      "max": 1.4771624296173895,
      "mean": 0.5009125881167761,
      "std": 0.3437588502337371,
      "d_effective": 1262
    },
    "span_verification_error": 2.315797572073815e-15,
    "num_edges": 5069,
    "avg_degree": 4.0796780684104625
  }
}