{
  "dataset": "cora",
  "split_type": "fixed",
  "component_type": "lcc",
  "k": 30,
  "d_effective": 862,
  "ortho_error": 2.1708301822798148e-10,
  "analysis": {
    "condition_number_U": 13.609123035967666,
    "singular_values_U_top20": [
      0.6795356111462278,
      0.6704100703470461,
      0.6002429173993409,
      0.5907483703632618,
      0.5595868225796634,
      0.5540703519647873,
      0.49644263567818725,
      0.49135562635214863,
      0.48983754506225113,
      0.48474428921152435,
      0.47531528990015776,
      0.4743764018081624,
      0.4485607157406774,
      0.4290488240069009,
      0.4198755250084429,
      0.41108086136270144,
      0.4053497376236364,
      0.4036217428865178,
      0.402274545223902,
      0.39217371069469553
    ],
    "singular_values_U_bottom5": [
      0.113460656830832,
      0.10890448258572753,
      0.09726055798349202,
      0.06511344140370603,
      0.04993235856199385
    ],
    "explained_variance_U_pct_top20": [
      4.089807521874037,
      8.070507863387633,
      11.261549831824937,
      14.352439422988233,
      17.125845005693513,
      19.844839018572884,
      22.02765222583811,
      24.165960390712403,
      26.291076029176235,
      28.372228170437623,
      30.37320471206211,
      32.36628402167939,
      34.148338184558106,
      35.778729522714556,
      37.34014883743467,
      38.83684258093616,
      40.29209463173334,
      41.73496573012238,
      43.168220951420096,
      44.53040372052309
    ],
    "condition_number_X": 26422.656921777187,
    "singular_values_X_top20": [
      12.045197475095819,
      2.1613018897875165,
      2.0459664065344794,
      1.7007299107191856,
      1.385709482616459,
      1.0368794078375807,
      1.009966403638107,
      0.908790303328875,
      0.8040017169152206,
      0.7429450659275568,
      0.6401984948343449,
      0.5143355188961118,
      0.4875688273338618,
      0.46960624013510327,
      0.44598163228063464,
      0.42471236003106755,
      0.40125252569513054,
      0.37642513367469876,
      0.35212794720676266,
      0.34618252435271324
    ],
    "explained_variance_X_pct_top20": [
      87.49274456906076,
      90.30966810028448,
      92.83396938597907,
      94.57824412272164,
      95.7361908220582,
      96.38452764794519,
      96.99964509563527,
      97.49769350837055,
      97.88750814662002,
      98.22036507171809,
      98.46752239820596,
      98.62705051001937,
      98.77040656919027,
      98.90339440228527,
      99.02333829421691,
      99.13211452136204,
      99.22920569469343,
      99.31465359943404,
      99.38942666410772,
      99.46169606795554
    ],
    "intra_class_mean_dist": 1.4124839834764569,
    "inter_class_centroid_dist": 0.34950327947360765,
    "spectral_separability": 0.2474387558104535,
    "variance_analysis": {
      "U_variance_mean": 0.00010646483325132406,
      "U_variance_std": 9.144114532585453e-05,
      "U_variance_max": 0.0010277979321065183,
      "U_variance_min": 3.931686426920244e-16,
      "U_variance_ratio": 1027393993.0047786,
      "X_variance_mean": 0.00020522528479715164,
      "X_variance_std": 0.001262134121187987,
      "X_variance_max": 0.03544473736777786,
      "X_variance_min": 0.0,
      "X_variance_ratio": 35444737367.77786,
      "variance_ratio_reduction": 34.49965408510326
    },
    "eigenvalue_stats": {
      "min": 0.026496561365476883,
      "max": 1.459656580024773,
      "mean": 0.34640666828043837,
      "std": 0.18549436804968533,
      "d_effective": 862
    },
    "span_verification_error": 2.3959672925849416e-15,
    "num_edges": 5069,
    "avg_degree": 4.0796780684104625
  }
}