{
  "fisher_score": 0.005910033110696077,
  "mean_fisher_score": 0.005712883659294453,
  "std_fisher_score": 0.0006778415240328485,
  "per_split": [
    {
      "split": 0,
      "fisher_score": 0.005910033110696077,
      "fisher_score_U": 0.005910033110696077,
      "between_class_variance": 0.0008449763069717055,
      "within_class_variance": 0.14297319340604933,
      "per_feature_U_stats": {
        "mean": 0.00024002288460973093,
        "std": 0.0012617354043558409,
        "max": 0.030737855724281445,
        "top5": [
          0.030737855724281445,
          0.010096505479739778,
          0.009167187125068805,
          0.00646060689849479,
          0.005191646758892534
        ]
      },
      "note": "Computed on training set only to prevent data leakage",
      "fisher_score_X_diffused": 0.37811846538312566,
      "between_class_variance_X": 1.4663471995965245,
      "within_class_variance_X": 3.8780100255372596,
      "per_feature_X_stats": {
        "mean": 0.034922047520370245,
        "std": 0.03718992336557541,
        "max": 0.3570420091524552,
        "top5": [
          0.3570420091524552,
          0.28245046917548644,
          0.2572844704877514,
          0.2551680246056246,
          0.24824472294149197
        ],
        "n_cols_sampled": 500
      }
    },
    {
      "split": 1,
      "fisher_score": 0.004620224610695104,
      "fisher_score_U": 0.004620224610695104,
      "between_class_variance": 0.0006597267013341361,
      "within_class_variance": 0.14279104522472155,
      "per_feature_U_stats": {
        "mean": 0.0002184764470557603,
        "std": 0.0012667045953534022,
        "max": 0.03144076869949498,
        "top5": [
          0.03144076869949498,
          0.00985417620209128,
          0.007585255871070196,
          0.006438089238570476,
          0.005222325275189014
        ]
      },
      "note": "Computed on training set only to prevent data leakage",
      "fisher_score_X_diffused": 0.3612559237577108,
      "between_class_variance_X": 1.3668996228202193,
      "within_class_variance_X": 3.7837431386647085,
      "per_feature_X_stats": {
        "mean": 0.034550736421173525,
        "std": 0.037230331518727074,
        "max": 0.33874559368634016,
        "top5": [
          0.33874559368634016,
          0.29058371486843115,
          0.26210073437095305,
          0.25919098589865047,
          0.2526896997891031
        ],
        "n_cols_sampled": 500
      }
    },
    {
      "split": 2,
      "fisher_score": 0.006682952579113665,
      "fisher_score_U": 0.006682952579113665,
      "between_class_variance": 0.0009842806552536668,
      "within_class_variance": 0.14728230428117273,
      "per_feature_U_stats": {
        "mean": 0.0002426790630844829,
        "std": 0.0012796405442920323,
        "max": 0.0312931746890644,
        "top5": [
          0.0312931746890644,
          0.010946791551045453,
          0.008607744530772168,
          0.006175584739197563,
          0.005051060544929144
        ]
      },
      "note": "Computed on training set only to prevent data leakage",
      "fisher_score_X_diffused": 0.4249344277951724,
      "between_class_variance_X": 1.5636056489697072,
      "within_class_variance_X": 3.679639837804338,
      "per_feature_X_stats": {
        "mean": 0.037014353792467876,
        "std": 0.0377303255717559,
        "max": 0.3723941098154355,
        "top5": [
          0.3723941098154355,
          0.28424414400793974,
          0.2663402641652279,
          0.2564150330850655,
          0.2528011347451732
        ],
        "n_cols_sampled": 500
      }
    },
    {
      "split": 3,
      "fisher_score": 0.005429879863691027,
      "fisher_score_U": 0.005429879863691027,
      "between_class_variance": 0.0007333968809699053,
      "within_class_variance": 0.13506687060869332,
      "per_feature_U_stats": {
        "mean": 0.00023153512394719498,
        "std": 0.001292094845510751,
        "max": 0.03165103231992961,
        "top5": [
          0.03165103231992961,
          0.010366581418138801,
          0.00895445930127409,
          0.006911374967440212,
          0.005095756276110683
        ]
      },
      "note": "Computed on training set only to prevent data leakage",
      "fisher_score_X_diffused": 0.3513209962010785,
      "between_class_variance_X": 1.374779052179622,
      "within_class_variance_X": 3.9131707670348503,
      "per_feature_X_stats": {
        "mean": 0.03396780200443216,
        "std": 0.037928737141342955,
        "max": 0.35610711797674394,
        "top5": [
          0.35610711797674394,
          0.2884441244947844,
          0.26230604164711285,
          0.26151994103397647,
          0.25501096891509384
        ],
        "n_cols_sampled": 500
      }
    },
    {
      "split": 4,
      "fisher_score": 0.005921328132276395,
      "fisher_score_U": 0.005921328132276395,
      "between_class_variance": 0.0008501978290834827,
      "within_class_variance": 0.14358228594851283,
      "per_feature_U_stats": {
        "mean": 0.00023347020455675326,
        "std": 0.001257374732252076,
        "max": 0.03085472006009154,
        "top5": [
          0.03085472006009154,
          0.009617179955792738,
          0.007791835741514281,
          0.0070078838650710846,
          0.005294946531274695
        ]
      },
      "note": "Computed on training set only to prevent data leakage",
      "fisher_score_X_diffused": 0.36666292635699005,
      "between_class_variance_X": 1.4239085744522473,
      "within_class_variance_X": 3.8834266354649194,
      "per_feature_X_stats": {
        "mean": 0.03459249458826859,
        "std": 0.03663551158729246,
        "max": 0.3388708288330284,
        "top5": [
          0.3388708288330284,
          0.2847650165467546,
          0.26001281034928836,
          0.253890968509627,
          0.2514891997821142
        ],
        "n_cols_sampled": 500
      }
    }
  ],
  "note": "Fisher score computed on training set only (no leakage)"
}