{
  "dataset": "coauthor-cs",
  "num_components": 1,
  "k_diffusion": 2,
  "num_splits": 5,
  "num_seeds": 5,
  "total_runs": 25,
  "precompute_time": 1.448514699935913,
  "metadata": {
    "k_full": 6804,
    "k_nclasses": 15,
    "k_2nclasses": 30
  },
  "results": {
    "sgc_baseline": {
      "test_acc_mean": 0.934961793422699,
      "test_acc_std": 0.0019217216794931043,
      "val_acc_mean": 0.9374031853675843,
      "val_acc_std": 0.0029125853740192744,
      "train_time_mean": 0.4270301914215088,
      "train_time_std": 0.17629368373394994
    },
    "full_logistic": {
      "test_acc_mean": 0.8764339709281921,
      "test_acc_std": 0.003781804036995803,
      "val_acc_mean": 0.8777959752082825,
      "val_acc_std": 0.0027014558730859574,
      "train_time_mean": 0.6899812602996827,
      "train_time_std": 0.013644584416631118
    },
    "full_mlp": {
      "test_acc_mean": 0.8214176368713378,
      "test_acc_std": 0.00887160059555969,
      "val_acc_mean": 0.8362575173377991,
      "val_acc_std": 0.008823653830239973,
      "train_time_mean": 1.3994943237304687,
      "train_time_std": 0.039121223565199294
    },
    "nclasses_logistic": {
      "test_acc_mean": 0.13063249200582505,
      "test_acc_std": 0.010321826399762339,
      "val_acc_mean": 0.1351445734500885,
      "val_acc_std": 0.003742578712815972,
      "train_time_mean": 0.15234890937805176,
      "train_time_std": 0.012888403858100165
    },
    "nclasses_mlp": {
      "test_acc_mean": 0.3182006418704987,
      "test_acc_std": 0.007756710047172644,
      "val_acc_mean": 0.33371522665023806,
      "val_acc_std": 0.006678077354474059,
      "train_time_mean": 0.3893966007232666,
      "train_time_std": 0.03090243678857994
    },
    "2nclasses_logistic": {
      "test_acc_mean": 0.14304252445697785,
      "test_acc_std": 0.0032493960986194055,
      "val_acc_mean": 0.15057283520698547,
      "val_acc_std": 0.0056847643640122155,
      "train_time_mean": 0.11476635932922363,
      "train_time_std": 0.021393215821653662
    },
    "2nclasses_mlp": {
      "test_acc_mean": 0.4010032570362091,
      "test_acc_std": 0.006406851713223722,
      "val_acc_mean": 0.4102236831188202,
      "val_acc_std": 0.006411738052556354,
      "train_time_mean": 0.41480947494506837,
      "train_time_std": 0.09172786878947088
    }
  },
  "improvements": {
    "full_logistic": -5.852782249450694,
    "full_mlp": -11.354415655136119,
    "nclasses_logistic": -80.4329301416874,
    "nclasses_mlp": -61.67611515522003,
    "2nclasses_logistic": -79.19192689657211,
    "2nclasses_mlp": -53.395853638648994
  }
}