{
  "fisher_score": 0.07719600275463162,
  "mean_fisher_score": 0.07719600275463162,
  "std_fisher_score": 0.0,
  "per_split": [
    {
      "split": 0,
      "fisher_score": 0.07719600275463162,
      "fisher_score_U": 0.07719600275463162,
      "between_class_variance": 0.027283751704840722,
      "within_class_variance": 0.3534347729319929,
      "per_feature_U_stats": {
        "mean": 0.002108588858749288,
        "std": 0.0037214582508081186,
        "max": 0.06809077146194226,
        "top5": [
          0.06809077146194226,
          0.04364735383613275,
          0.04147664233483533,
          0.03819105667312928,
          0.03722060572881312
        ]
      },
      "note": "Computed on training set only to prevent data leakage",
      "fisher_score_X_diffused": 0.07937797931053088,
      "between_class_variance_X": 0.03953404392560395,
      "within_class_variance_X": 0.4980480010828276,
      "per_feature_X_stats": {
        "mean": 0.004397757090659987,
        "std": 0.011291376881962018,
        "max": 0.19246444687907052,
        "top5": [
          0.19246444687907052,
          0.11206479439941194,
          0.05892994091862824,
          0.045152700705877125,
          0.041617910419121884
        ],
        "n_cols_sampled": 500
      }
    }
  ],
  "note": "Fisher score computed on training set only (no leakage)"
}