{
  "fisher_score": 0.07014862146453198,
  "std_fisher_score": 0.0,
  "per_split": [
    {
      "split": 0,
      "fisher_score": 0.07014862146453198,
      "fisher_score_U": 0.07014862146453198,
      "between_class_variance": 0.0010132839864884105,
      "within_class_variance": 0.01444481680941855,
      "per_feature_U_stats": {
        "mean": 0.10519648468779084,
        "std": 0.07152463432506903,
        "max": 0.8375405407387674,
        "top5": [
          0.8375405407387674,
          0.5358545059607924,
          0.5077260584978364,
          0.5005987906543049,
          0.49317925863851514
        ]
      },
      "note": "Computed on training set only to prevent data leakage",
      "fisher_score_X_diffused": 0.1856521101615691,
      "between_class_variance_X": 0.05838546995563829,
      "within_class_variance_X": 0.31448858784759653,
      "per_feature_X_stats": {
        "mean": 0.14335898280090426,
        "std": 0.13015638259107706,
        "max": 1.3268604996947864,
        "top5": [
          1.3268604996947864,
          1.0673036220028744,
          0.7703404091705666,
          0.7552219334089701,
          0.7188952973457008
        ],
        "n_cols_sampled": 500
      }
    }
  ],
  "note": "Fisher score computed on training set only (no leakage)"
}