{
  "dataset": "wikics",
  "diffusion_type": "cmg",
  "k": 16,
  "num_seeds": 3,
  "num_splits": 3,
  "avg_diffusion_time": NaN,
  "results": {
    "a_raw_std": {
      "mean": 0.49005646506945294,
      "std": 0.004153497240846413
    },
    "b_restricted_std": {
      "mean": 0.7934880389107599,
      "std": 0.0020480828635357656
    },
    "c_restricted_rownorm": {
      "mean": 0.754710680908627,
      "std": 0.0026874297442196255
    }
  }
}