{
  "fisher_score": 0.05679845773074778,
  "std_fisher_score": 0.0,
  "per_split": [
    {
      "split": 0,
      "fisher_score": 0.05679845773074778,
      "fisher_score_U": 0.05679845773074778,
      "between_class_variance": 0.00013816234405465344,
      "within_class_variance": 0.0024325016835775705,
      "per_feature_U_stats": {
        "mean": 0.08797048339680175,
        "std": 0.08679414839479517,
        "max": 0.6785310917650079,
        "top5": [
          0.6785310917650079,
          0.5008217652434613,
          0.49003170229192117,
          0.40188115501204685,
          0.36703296649043055
        ]
      },
      "note": "Computed on training set only to prevent data leakage",
      "fisher_score_X_diffused": 0.18588634828954867,
      "between_class_variance_X": 0.20682786696744743,
      "within_class_variance_X": 1.1126576473775196,
      "per_feature_X_stats": {
        "mean": 0.19812562853835222,
        "std": 0.06071564939459601,
        "max": 0.8345994968026812,
        "top5": [
          0.8345994968026812,
          0.6812943955458497,
          0.4945591052069548,
          0.41001277927160673,
          0.40894565056469884
        ],
        "n_cols_sampled": 300
      }
    }
  ],
  "note": "Fisher score computed on training set only (no leakage)"
}