{
  "dataset": "coauthor-physics",
  "k": 8,
  "split_type": "random",
  "component_type": "lcc",
  "num_seeds": 15,
  "num_splits": 5,
  "total_runs_per_method": 75,
  "metadata": {
    "d_effective": 7701,
    "ortho_error": 6.036774302664583e-09,
    "num_components": 0,
    "num_nodes": 34493,
    "num_features": 8415,
    "num_classes": 5
  },
  "experiments": {
    "sgc_mlp_baseline": {
      "test_acc_mean": 0.9555883614222208,
      "test_acc_std": 0.0017467216080300923,
      "val_acc_mean": 0.9564685344696044,
      "val_acc_std": 0.0019405834330126549,
      "per_run_test_acc": [
        0.9566666483879089,
        0.9569565057754517,
        0.9563767910003662,
        0.9518840312957764,
        0.9549275040626526,
        0.9549275040626526,
        0.9540579319000244,
        0.9566666483879089,
        0.9569565057754517,
        0.9547825455665588,
        0.9572463035583496,
        0.9550724029541016,
        0.9575361609458923,
        0.9539129734039307,
        0.9569565057754517,
        0.9582608342170715,
        0.955507218837738,
        0.9562318325042725,
        0.9578260183334351,
        0.9572463035583496,
        0.9566666483879089,
        0.9568115472793579,
        0.9572463035583496,
        0.9581158757209778,
        0.9566666483879089,
        0.9553622603416443,
        0.9547825455665588,
        0.9549275040626526,
        0.9581158757209778,
        0.9592753052711487,
        0.9539129734039307,
        0.9523187875747681,
        0.9562318325042725,
        0.9546376466751099,
        0.9540579319000244,
        0.9536231160163879,
        0.950289785861969,
        0.9543477892875671,
        0.953478217124939,
        0.9557970762252808,
        0.9542028307914734,
        0.9521738886833191,
        0.9526086449623108,
        0.9540579319000244,
        0.953478217124939,
        0.9552173614501953,
        0.9559419751167297,
        0.9579709768295288,
        0.9557970762252808,
        0.9568115472793579,
        0.9576811194419861,
        0.9581158757209778,
        0.9582608342170715,
        0.9549275040626526,
        0.9563767910003662,
        0.9572463035583496,
        0.9566666483879089,
        0.9565216898918152,
        0.9536231160163879,
        0.9566666483879089,
        0.9546376466751099,
        0.9549275040626526,
        0.9557970762252808,
        0.9562318325042725,
        0.9550724029541016,
        0.9537680745124817,
        0.95333331823349,
        0.9573912620544434,
        0.955652117729187,
        0.9547825455665588,
        0.9560869336128235,
        0.9544926881790161,
        0.9537680745124817,
        0.9573912620544434,
        0.9547825455665588
      ],
      "n_runs": 75,
      "train_acc_mean": 0.9914723165829976,
      "train_acc_std": 0.00531906989509669,
      "num_params": 2221573,
      "param_to_train_ratio": 107.34829669002174
    },
    "restricted_standard_mlp": {
      "test_acc_mean": 0.8792888530095418,
      "test_acc_std": 0.013127844830331414,
      "val_acc_mean": 0.8823272434870402,
      "val_acc_std": 0.012118478307356123,
      "per_run_test_acc": [
        0.8908694982528687,
        0.8634782433509827,
        0.8582608103752136,
        0.8818840384483337,
        0.8843477964401245,
        0.849130392074585,
        0.9036231637001038,
        0.8865216970443726,
        0.8776811361312866,
        0.8818840384483337,
        0.8921738862991333,
        0.8679710030555725,
        0.8810144662857056,
        0.8781158924102783,
        0.8713043332099915,
        0.895941972732544,
        0.8581159114837646,
        0.8810144662857056,
        0.8942028284072876,
        0.8698550462722778,
        0.8607246279716492,
        0.9097101092338562,
        0.88492751121521,
        0.8714492321014404,
        0.8936231732368469,
        0.8853622674942017,
        0.8837680816650391,
        0.8802897930145264,
        0.881594181060791,
        0.8691303730010986,
        0.8865216970443726,
        0.8859419822692871,
        0.8897101283073425,
        0.8749275207519531,
        0.8807246088981628,
        0.8663767576217651,
        0.8953622579574585,
        0.8857970833778381,
        0.8656521439552307,
        0.8856521248817444,
        0.881594181060791,
        0.8852173686027527,
        0.8915941715240479,
        0.8776811361312866,
        0.8636231422424316,
        0.8743478059768677,
        0.8557970523834229,
        0.8755072355270386,
        0.8807246088981628,
        0.8652173280715942,
        0.8615941405296326,
        0.8866666555404663,
        0.8721738457679749,
        0.8631883859634399,
        0.8715941905975342,
        0.8659420013427734,
        0.8739129900932312,
        0.8782608509063721,
        0.8634782433509827,
        0.8560869097709656,
        0.9017390608787537,
        0.865507185459137,
        0.8882608413696289,
        0.883912980556488,
        0.8840579390525818,
        0.8923187851905823,
        0.9053622484207153,
        0.8671014308929443,
        0.8575361967086792,
        0.88492751121521,
        0.898115873336792,
        0.8863767981529236,
        0.9018840193748474,
        0.8907245993614197,
        0.8899999856948853
      ],
      "n_runs": 75,
      "train_acc_mean": 0.9983957322438558,
      "train_acc_std": 0.0012275718109937576,
      "num_params": 2038789,
      "param_to_train_ratio": 98.51601836192317
    },
    "restricted_rownorm_mlp": {
      "test_acc_mean": 0.9235091368357341,
      "test_acc_std": 0.0035947711152007557,
      "val_acc_mean": 0.9250913254419962,
      "val_acc_std": 0.003460015847817089,
      "per_run_test_acc": [
        0.9221738576889038,
        0.9266666173934937,
        0.9210144281387329,
        0.9202898144721985,
        0.9246376156806946,
        0.9272463321685791,
        0.9234782457351685,
        0.9198550581932068,
        0.9205796718597412,
        0.9266666173934937,
        0.9246376156806946,
        0.9239130020141602,
        0.9263767600059509,
        0.9298550486564636,
        0.9268115758895874,
        0.9210144281387329,
        0.9265217185020447,
        0.9191303849220276,
        0.9234782457351685,
        0.9268115758895874,
        0.9166666269302368,
        0.9210144281387329,
        0.9213042855262756,
        0.9234782457351685,
        0.9237681031227112,
        0.9202898144721985,
        0.9243477582931519,
        0.92521733045578,
        0.9260869026184082,
        0.9249274730682373,
        0.9272463321685791,
        0.9278260469436646,
        0.9224637150764465,
        0.92521733045578,
        0.9259420037269592,
        0.9240579009056091,
        0.9214492440223694,
        0.9189854860305786,
        0.9255071878433228,
        0.9243477582931519,
        0.9265217185020447,
        0.9239130020141602,
        0.9237681031227112,
        0.9255071878433228,
        0.9275361895561218,
        0.9221738576889038,
        0.9224637150764465,
        0.9147825837135315,
        0.9213042855262756,
        0.9282608032226562,
        0.9234782457351685,
        0.9246376156806946,
        0.9179709553718567,
        0.9202898144721985,
        0.9220289587974548,
        0.9304347634315491,
        0.9152173399925232,
        0.9239130020141602,
        0.9239130020141602,
        0.9226086735725403,
        0.9236231446266174,
        0.9260869026184082,
        0.9114492535591125,
        0.9295651912689209,
        0.9256521463394165,
        0.9257970452308655,
        0.9211593866348267,
        0.9273912906646729,
        0.9188405275344849,
        0.9272463321685791,
        0.9205796718597412,
        0.9166666269302368,
        0.9259420037269592,
        0.9279709458351135,
        0.9231883883476257
      ],
      "n_runs": 75,
      "train_acc_mean": 0.9931474391619365,
      "train_acc_std": 0.0020861305652746342,
      "num_params": 2038272,
      "param_to_train_ratio": 98.4910364822421
    }
  },