{
  "dataset": "pubmed",
  "k": 8,
  "split_type": "random",
  "component_type": "lcc",
  "num_seeds": 15,
  "num_splits": 5,
  "total_runs_per_method": 75,
  "metadata": {
    "d_effective": 500,
    "ortho_error": 3.793184655265236e-10,
    "num_components": 0,
    "num_nodes": 19717,
    "num_features": 500,
    "num_classes": 3
  },
  "experiments": {
    "sgc_mlp_baseline": {
      "test_acc_mean": 0.8569641415278116,
      "test_acc_std": 0.004559069768655318,
      "val_acc_mean": 0.8620373996098837,
      "val_acc_std": 0.005047788463659157,
      "per_run_test_acc": [
        0.8514198660850525,
        0.8524340391159058,
        0.8478701710700989,
        0.8529411554336548,
        0.851166307926178,
        0.8519269824028015,
        0.8483772873878479,
        0.8486307859420776,
        0.8445740342140198,
        0.8521804809570312,
        0.8481237292289734,
        0.8496450185775757,
        0.8539553284645081,
        0.8504056334495544,
        0.8521804809570312,
        0.8602941036224365,
        0.860547661781311,
        0.8602941036224365,
        0.8630831241607666,
        0.8615618348121643,
        0.8638437986373901,
        0.8625760674476624,
        0.8653650879859924,
        0.8613082766532898,
        0.860547661781311,
        0.860040545463562,
        0.8592798709869385,
        0.8648579716682434,
        0.8623225092887878,
        0.8656186461448669,
        0.8554766774177551,
        0.8610547184944153,
        0.8559837341308594,
        0.8572515249252319,
        0.8569979667663574,
        0.8498985767364502,
        0.8585192561149597,
        0.8564908504486084,
        0.8544624447822571,
        0.8559837341308594,
        0.8529411554336548,
        0.8651115298271179,
        0.8577585816383362,
        0.8577585816383362,
        0.8562372922897339,
        0.8559837341308594,
        0.8544624447822571,
        0.8592798709869385,
        0.8610547184944153,
        0.8537018299102783,
        0.8526875972747803,
        0.8580121397972107,
        0.8567444086074829,
        0.8554766774177551,
        0.8521804809570312,
        0.8585192561149597,
        0.8569979667663574,
        0.8557301759719849,
        0.8575050234794617,
        0.8569979667663574,
        0.8590263724327087,
        0.8592798709869385,
        0.8615618348121643,
        0.8564908504486084,
        0.8623225092887878,
        0.8559837341308594,
        0.860040545463562,
        0.8580121397972107,
        0.860040545463562,
        0.8602941036224365,
        0.8582656979560852,
        0.8592798709869385,
        0.8580121397972107,
        0.8585192561149597,
        0.860547661781311
      ],
      "n_runs": 75,
      "train_acc_mean": 0.8992324558893839,
      "train_acc_std": 0.013020141072276553,
      "num_params": 194819,
      "param_to_train_ratio": 16.46821639898563
    },
    "restricted_standard_mlp": {
      "test_acc_mean": 0.844249476591746,
      "test_acc_std": 0.005756650045910611,
      "val_acc_mean": 0.8489475337664286,
      "val_acc_std": 0.0065049225416511335,
      "per_run_test_acc": [
        0.8389959335327148,
        0.8387423753738403,
        0.8359533548355103,
        0.8382352590560913,
        0.8483772873878479,
        0.8351926803588867,
        0.8417849540710449,
        0.8417849540710449,
        0.8351926803588867,
        0.8336713910102844,
        0.8344320058822632,
        0.8364604115486145,
        0.8339249491691589,
        0.8311358690261841,
        0.8331642746925354,
        0.8483772873878479,
        0.8529411554336548,
        0.851166307926178,
        0.8483772873878479,
        0.8552231192588806,
        0.8514198660850525,
        0.8488843441009521,
        0.8491379022598267,
        0.8481237292289734,
        0.8531947135925293,
        0.8498985767364502,
        0.8529411554336548,
        0.8478701710700989,
        0.8463488817214966,
        0.8463488817214966,
        0.837221086025238,
        0.8382352590560913,
        0.8384888172149658,
        0.8392494916915894,
        0.8407707810401917,
        0.8400101065635681,
        0.8417849540710449,
        0.8395030498504639,
        0.8425456285476685,
        0.8389959335327148,
        0.8407707810401917,
        0.8387423753738403,
        0.8412778973579407,
        0.8392494916915894,
        0.8405172228813171,
        0.8445740342140198,
        0.8478701710700989,
        0.8453346490859985,
        0.845081090927124,
        0.8531947135925293,
        0.8501521348953247,
        0.8458417654037476,
        0.8440669178962708,
        0.8491379022598267,
        0.8471094965934753,
        0.8443204760551453,
        0.8514198660850525,
        0.8473630547523499,
        0.8468559384346008,
        0.8433062434196472,
        0.845588207244873,
        0.8483772873878479,
        0.8440669178962708,
        0.8483772873878479,
        0.8496450185775757,
        0.8496450185775757,
        0.851166307926178,
        0.850659191608429,
        0.842292070388794,
        0.8476166129112244,
        0.845588207244873,
        0.851673424243927,
        0.8481237292289734,
        0.8389959335327148,
        0.8466024398803711
      ],
      "n_runs": 75,
      "train_acc_mean": 0.9466272139549256,
      "train_acc_std": 0.0154530123917994,
      "num_params": 194819,
      "param_to_train_ratio": 16.46821639898563
    },
    "restricted_rownorm_mlp": {
      "test_acc_mean": 0.8496281043688456,
      "test_acc_std": 0.00485304841428857,
      "val_acc_mean": 0.8526942563056946,
      "val_acc_std": 0.005446091167610062,
      "per_run_test_acc": [
        0.8410243391990662,
        0.8458417654037476,
        0.8473630547523499,
        0.8435598015785217,
        0.8412778973579407,
        0.8415313959121704,
        0.8430527448654175,
        0.845588207244873,
        0.8460953235626221,
        0.842292070388794,
        0.8448275923728943,
        0.8420385122299194,
        0.8417849540710449,
        0.8435598015785217,
        0.8417849540710449,
        0.8585192561149597,
        0.851166307926178,
        0.860547661781311,
        0.8509127497673035,
        0.8559837341308594,
        0.8587728142738342,
        0.8531947135925293,
        0.8569979667663574,
        0.8524340391159058,
        0.860040545463562,
        0.8580121397972107,
        0.8531947135925293,
        0.8582656979560852,
        0.8539553284645081,
        0.8620689511299133,
        0.8476166129112244,
        0.8471094965934753,
        0.8471094965934753,
        0.8440669178962708,
        0.8453346490859985,
        0.8498985767364502,
        0.8504056334495544,
        0.8478701710700989,
        0.8504056334495544,
        0.8526875972747803,
        0.8473630547523499,
        0.8468559384346008,
        0.8531947135925293,
        0.8537018299102783,
        0.8488843441009521,
        0.8519269824028015,
        0.8463488817214966,
        0.8529411554336548,
        0.8481237292289734,
        0.8460953235626221,
        0.8473630547523499,
        0.8493914604187012,
        0.8486307859420776,
        0.845081090927124,
        0.8493914604187012,
        0.8491379022598267,
        0.8486307859420776,
        0.8488843441009521,
        0.850659191608429,
        0.8478701710700989,
        0.8539553284645081,
        0.8498985767364502,
        0.8519269824028015,
        0.8498985767364502,
        0.8498985767364502,
        0.8531947135925293,
        0.8524340391159058,
        0.8509127497673035,
        0.8486307859420776,
        0.8521804809570312,
        0.8549695611000061,
        0.8493914604187012,
        0.8468559384346008,
        0.8478701710700989,
        0.8514198660850525
      ],
      "n_runs": 75,
      "train_acc_mean": 0.9398839036623637,
      "train_acc_std": 0.010487055168725574,
      "num_params": 194304,
      "param_to_train_ratio": 16.424683009298395
    }
  },
  "framework_analysis": {
    "sgc_mlp_acc_pct": 85.69641415278116,