{
  "dataset": "pubmed",
  "k": 20,
  "split_type": "random",
  "component_type": "lcc",
  "num_seeds": 15,
  "num_splits": 5,
  "total_runs_per_method": 75,
  "metadata": {
    "d_effective": 500,
    "ortho_error": 2.0747326079373352e-10,
    "num_components": 0,
    "num_nodes": 19717,
    "num_features": 500,
    "num_classes": 3
  },
  "experiments": {
    "sgc_mlp_baseline": {
      "test_acc_mean": 0.8308890962600708,
      "test_acc_std": 0.004814862291293944,
      "val_acc_mean": 0.8355634760856628,
      "val_acc_std": 0.006337683163923932,
      "per_run_test_acc": [
        0.828853964805603,
        0.8293610215187073,
        0.8296145796775818,
        0.8311358690261841,
        0.8255577683448792,
        0.8301216959953308,
        0.8232758641242981,
        0.8225151896476746,
        0.8311358690261841,
        0.8296145796775818,
        0.8260648846626282,
        0.8286004066467285,
        0.827839732170105,
        0.8255577683448792,
        0.8247971534729004,
        0.8306288123130798,
        0.8324036598205566,
        0.8351926803588867,
        0.8334178328514099,
        0.8313894271850586,
        0.8316429853439331,
        0.8331642746925354,
        0.8301216959953308,
        0.8306288123130798,
        0.8311358690261841,
        0.8369675278663635,
        0.8303752541542053,
        0.8308823108673096,
        0.8334178328514099,
        0.8334178328514099,
        0.8255577683448792,
        0.8235293626785278,
        0.8258113265037537,
        0.8263184428215027,
        0.8301216959953308,
        0.8199796676635742,
        0.8258113265037537,
        0.8253042101860046,
        0.8232758641242981,
        0.8204867839813232,
        0.8268255591392517,
        0.8311358690261841,
        0.8311358690261841,
        0.8245435953140259,
        0.8235293626785278,
        0.8321501016616821,
        0.8379817008972168,
        0.8339249491691589,
        0.8306288123130798,
        0.8303752541542053,
        0.8258113265037537,
        0.8321501016616821,
        0.8329107165336609,
        0.8326571583747864,
        0.8301216959953308,
        0.8301216959953308,
        0.8316429853439331,
        0.8336713910102844,
        0.8280932903289795,
        0.8341785073280334,
        0.8344320058822632,
        0.8387423753738403,
        0.8341785073280334,
        0.8387423753738403,
        0.8351926803588867,
        0.8392494916915894,
        0.8354462385177612,
        0.8400101065635681,
        0.8356997966766357,
        0.8359533548355103,
        0.837221086025238,
        0.8382352590560913,
        0.8389959335327148,
        0.8341785073280334,
        0.8417849540710449
      ],
      "n_runs": 75,
      "train_acc_mean": 0.8549991472562154,
      "train_acc_std": 0.008195719416513904,
      "num_params": 194819,
      "param_to_train_ratio": 16.46821639898563
    },
    "restricted_standard_mlp": {
      "test_acc_mean": 0.8296585345268249,
      "test_acc_std": 0.00520485830536809,
      "val_acc_mean": 0.8335819069544474,
      "val_acc_std": 0.0057820571906732465,
      "per_run_test_acc": [
        0.8230223059654236,
        0.8227687478065491,
        0.8215010166168213,
        0.8270791172981262,
        0.821754515171051,
        0.8215010166168213,
        0.8227687478065491,
        0.8237829208374023,
        0.8220080733299255,
        0.8227687478065491,
        0.8260648846626282,
        0.8212474584579468,
        0.8222616314888,
        0.8227687478065491,
        0.8215010166168213,
        0.8329107165336609,
        0.8359533548355103,
        0.8336713910102844,
        0.8313894271850586,
        0.8313894271850586,
        0.8313894271850586,
        0.8336713910102844,
        0.8356997966766357,
        0.8334178328514099,
        0.8326571583747864,
        0.8329107165336609,
        0.8349391222000122,
        0.8374746441841125,
        0.8346855640411377,
        0.8321501016616821,
        0.8207403421401978,
        0.8235293626785278,
        0.8171906471252441,
        0.828346848487854,
        0.8301216959953308,
        0.8270791172981262,
        0.8240364789962769,
        0.8245435953140259,
        0.8275861740112305,
        0.821754515171051,
        0.827839732170105,
        0.8293610215187073,
        0.8280932903289795,
        0.827839732170105,
        0.8253042101860046,
        0.8359533548355103,
        0.8336713910102844,
        0.8313894271850586,
        0.8341785073280334,
        0.836713969707489,
        0.8324036598205566,
        0.8331642746925354,
        0.8331642746925354,
        0.8316429853439331,
        0.8291074633598328,
        0.827332615852356,
        0.8321501016616821,
        0.8341785073280334,
        0.8308823108673096,
        0.8324036598205566,
        0.8331642746925354,
        0.827839732170105,
        0.8351926803588867,
        0.8349391222000122,
        0.8329107165336609,
        0.8364604115486145,
        0.8336713910102844,
        0.8331642746925354,
        0.8318965435028076,
        0.8412778973579407,
        0.8346855640411377,
        0.8339249491691589,
        0.8308823108673096,
        0.8351926803588867,
        0.8303752541542053
      ],
      "n_runs": 75,
      "train_acc_mean": 0.8787534435590109,
      "train_acc_std": 0.011278984497398833,
      "num_params": 194819,
      "param_to_train_ratio": 16.46821639898563
    },
    "restricted_rownorm_mlp": {
      "test_acc_mean": 0.8303819958368938,
      "test_acc_std": 0.004869380903052523,
      "val_acc_mean": 0.8332674280802409,
      "val_acc_std": 0.0058196758097401585,
      "per_run_test_acc": [
        0.8255577683448792,
        0.8268255591392517,
        0.8260648846626282,
        0.8247971534729004,
        0.8308823108673096,
        0.8225151896476746,
        0.8250507116317749,
        0.8242900371551514,
        0.8308823108673096,
        0.8253042101860046,
        0.8291074633598328,
        0.8298681378364563,
        0.8182048201560974,
        0.827839732170105,
        0.8242900371551514,
        0.8389959335327148,
        0.8377282023429871,
        0.8369675278663635,
        0.8344320058822632,
        0.8351926803588867,
        0.8397565484046936,
        0.8364604115486145,
        0.8339249491691589,
        0.836713969707489,
        0.8374746441841125,
        0.8316429853439331,
        0.8364604115486145,
        0.8374746441841125,
        0.83620685338974,
        0.8369675278663635,
        0.8268255591392517,
        0.8242900371551514,
        0.827332615852356,
        0.8232758641242981,
        0.8232758641242981,
        0.8268255591392517,
        0.8230223059654236,
        0.8250507116317749,
        0.828346848487854,
        0.8240364789962769,
        0.8291074633598328,
        0.8260648846626282,
        0.8265720009803772,
        0.8250507116317749,
        0.8250507116317749,
        0.8351926803588867,
        0.8349391222000122,
        0.8298681378364563,
        0.8316429853439331,
        0.8346855640411377,
        0.827839732170105,
        0.8364604115486145,
        0.8382352590560913,
        0.8308823108673096,
        0.8359533548355103,
        0.8356997966766357,
        0.827332615852356,
        0.828853964805603,
        0.8306288123130798,
        0.8346855640411377,
        0.8301216959953308,
        0.8301216959953308,
        0.8275861740112305,
        0.8344320058822632,
        0.8306288123130798,
        0.8318965435028076,
        0.8293610215187073,
        0.8308823108673096,
        0.8351926803588867,
        0.8303752541542053,
        0.8324036598205566,
        0.8286004066467285,
        0.827839732170105,
        0.8291074633598328,
        0.8351926803588867
      ],
      "n_runs": 75,
      "train_acc_mean": 0.8768385402361552,
      "train_acc_std": 0.003895710844207861,
      "num_params": 194304,
      "param_to_train_ratio": 16.424683009298395
    }
  },
  "framework_analysis": {
    "sgc_mlp_acc_pct": 83.08890962600708,