{
  "fisher_score": 0.0024011878327959996,
  "mean_fisher_score": 0.002261067338734641,
  "std_fisher_score": 0.00011621627456158426,
  "per_split": [
    {
      "split": 0,
      "fisher_score": 0.0024011878327959996,
      "fisher_score_U": 0.0024011878327959996,
      "between_class_variance": 0.00018250049826302808,
      "within_class_variance": 0.07600425746390702,
      "per_feature_U_stats": {
        "mean": 5.716377764854759e-05,
        "std": 8.550860771986107e-05,
        "max": 0.0011273096720748714,
        "top5": [
          0.0011273096720748714,
          0.0004728464673611632,
          0.0004230667493432675,
          0.00039265548921476603,
          0.00035659441351056385
        ]
      },
      "note": "Computed on training set only to prevent data leakage",
      "fisher_score_X_diffused": 0.004673363200239694,
      "between_class_variance_X": 0.00025190112548816127,
      "within_class_variance_X": 0.0539014655388311,
      "per_feature_X_stats": {
        "mean": 0.00046988947400076065,
        "std": 0.0011493177293652236,
        "max": 0.02198452518130156,
        "top5": [
          0.02198452518130156,
          0.005439488159446663,
          0.004785953923769166,
          0.004668372378098119,
          0.003261602091557207
        ],
        "n_cols_sampled": 500
      }
    },
    {
      "split": 1,
      "fisher_score": 0.002161134121157272,
      "fisher_score_U": 0.002161134121157272,
      "between_class_variance": 0.00016602901246563916,
      "within_class_variance": 0.07682494614296859,
      "per_feature_U_stats": {
        "mean": 5.347912714531197e-05,
        "std": 8.387709874737861e-05,
        "max": 0.0011321385264251545,
        "top5": [
          0.0011321385264251545,
          0.0004488036783110394,
          0.00037245850847493646,
          0.00036947156758094943,
          0.00036209870226060464
        ]
      },
      "note": "Computed on training set only to prevent data leakage",
      "fisher_score_X_diffused": 0.004338297864317449,
      "between_class_variance_X": 0.00023194082757540426,
      "within_class_variance_X": 0.05346355525357544,
      "per_feature_X_stats": {
        "mean": 0.00046436128022568835,
        "std": 0.0010884910899862212,
        "max": 0.02048389750534851,
        "top5": [
          0.02048389750534851,
          0.005356096211238906,
          0.004649471847777129,
          0.004502605354962752,
          0.003248859226754747
        ],
        "n_cols_sampled": 500
      }
    },
    {
      "split": 2,
      "fisher_score": 0.0023456403758160965,
      "fisher_score_U": 0.0023456403758160965,
      "between_class_variance": 0.00017863534389903467,
      "within_class_variance": 0.07615632206061586,
      "per_feature_U_stats": {
        "mean": 5.545286167978777e-05,
        "std": 8.436765083692419e-05,
        "max": 0.0011114863179115253,
        "top5": [
          0.0011114863179115253,
          0.0004583225981395097,
          0.00040611783345673386,
          0.0003833072815407578,
          0.0003761904303467396
        ]
      },
      "note": "Computed on training set only to prevent data leakage",
      "fisher_score_X_diffused": 0.004438153500688674,
      "between_class_variance_X": 0.00023926658155666664,
      "within_class_variance_X": 0.053911290251574075,
      "per_feature_X_stats": {
        "mean": 0.0004635835408201358,
        "std": 0.0011212069393495647,
        "max": 0.021364560589042767,
        "top5": [
          0.021364560589042767,
          0.005307227296274747,
          0.004767276632949028,
          0.0046269202342485655,
          0.0032103243074554674
        ],
        "n_cols_sampled": 500
      }
    },
    {
      "split": 3,
      "fisher_score": 0.002091506155151819,
      "fisher_score_U": 0.002091506155151819,
      "between_class_variance": 0.00015937984494213654,
      "within_class_variance": 0.07620338316937318,
      "per_feature_U_stats": {
        "mean": 5.235867933813779e-05,
        "std": 8.364001658448025e-05,
        "max": 0.001147124345271409,
        "top5": [
          0.001147124345271409,
          0.0004388537722839408,
          0.0003996186182598431,
          0.00038746223947056353,
          0.0003703945563596304
        ]
      },
      "note": "Computed on training set only to prevent data leakage",
      "fisher_score_X_diffused": 0.004256242191498753,
      "between_class_variance_X": 0.00023033336807901908,
      "within_class_variance_X": 0.05411660279555466,
      "per_feature_X_stats": {
        "mean": 0.0004542034662554035,
        "std": 0.0010861489745677912,
        "max": 0.020652095613221025,
        "top5": [
          0.020652095613221025,
          0.005046645476099959,
          0.004521048340568534,
          0.004429551569848186,
          0.003496868745677331
        ],
        "n_cols_sampled": 500
      }
    },
    {
      "split": 4,
      "fisher_score": 0.002305868208752018,
      "fisher_score_U": 0.002305868208752018,
      "between_class_variance": 0.00017225410186006156,
      "within_class_variance": 0.0747024921919926,
      "per_feature_U_stats": {
        "mean": 5.548464051649323e-05,
        "std": 8.426502101574178e-05,
        "max": 0.0010663772599398458,
        "top5": [
          0.0010663772599398458,
          0.00050176803213858,
          0.00042496576527033345,
          0.0003982570852281967,
          0.0003683996040464674
        ]
      },
      "note": "Computed on training set only to prevent data leakage",
      "fisher_score_X_diffused": 0.004726459839416207,
      "between_class_variance_X": 0.0002515596761385385,
      "within_class_variance_X": 0.053223699065558995,
      "per_feature_X_stats": {
        "mean": 0.00046174698416390024,
        "std": 0.0011061792709003222,
        "max": 0.02094570420252593,
        "top5": [
          0.02094570420252593,
          0.005313702864801999,
          0.004731431293754618,
          0.004661824969805813,
          0.0032429841488395457
        ],
        "n_cols_sampled": 500
      }
    }
  ],
  "note": "Fisher score computed on training set only (no leakage)"
}