{
  "dataset": "citeseer",
  "num_components": 438,
  "k_diffusion": 8,
  "num_splits": 5,
  "num_seeds": 5,
  "total_runs": 25,
  "precompute_time": 0.5480728149414062,
  "metadata": {
    "k_full": 2868,
    "k_nclasses": 6,
    "k_2nclasses": 12
  },
  "results": {
    "sgc_baseline": {
      "test_acc_mean": 0.7509910202026367,
      "test_acc_std": 0.013176846297911453,
      "val_acc_mean": 0.7474887323379517,
      "val_acc_std": 0.01243614470274409,
      "train_time_mean": 0.16761431694030762,
      "train_time_std": 0.05024629852067564
    },
    "full_logistic": {
      "test_acc_mean": 0.380960967540741,
      "test_acc_std": 0.017620843404498383,
      "val_acc_mean": 0.43548872470855715,
      "val_acc_std": 0.055384093654784694,
      "train_time_mean": 0.13871392250061035,
      "train_time_std": 0.02129304711701092
    },
    "full_mlp": {
      "test_acc_mean": 0.6864264345169068,
      "test_acc_std": 0.017038849993354286,
      "val_acc_mean": 0.7030977511405945,
      "val_acc_std": 0.015914745842141614,
      "train_time_mean": 0.33387526512146,
      "train_time_std": 0.09281895466789694
    },
    "nclasses_logistic": {
      "test_acc_mean": 0.20684685170650483,
      "test_acc_std": 0.011468798486094854,
      "val_acc_mean": 0.22514286041259765,
      "val_acc_std": 0.018770001299485552,
      "train_time_mean": 0.14214576721191408,
      "train_time_std": 0.03219294112607486
    },
    "nclasses_mlp": {
      "test_acc_mean": 0.4162762868404388,
      "test_acc_std": 0.019102875938143405,
      "val_acc_mean": 0.4264661693572998,
      "val_acc_std": 0.009847046073237655,
      "train_time_mean": 0.3649729537963867,
      "train_time_std": 0.060559506526145696
    },
    "2nclasses_logistic": {
      "test_acc_mean": 0.1995795851945877,
      "test_acc_std": 0.016540629890107673,
      "val_acc_mean": 0.22412030279636383,
      "val_acc_std": 0.016524830506745664,
      "train_time_mean": 0.13635098457336425,
      "train_time_std": 0.03134160373628691
    },
    "2nclasses_mlp": {
      "test_acc_mean": 0.5221021103858948,
      "test_acc_std": 0.01787996257010131,
      "val_acc_mean": 0.527879707813263,
      "val_acc_std": 0.016237705278455885,
      "train_time_mean": 0.39019180297851563,
      "train_time_std": 0.156188835188621
    }
  },
  "improvements": {
    "full_logistic": -37.003005266189575,
    "full_mlp": -6.456458568572998,
    "nclasses_logistic": -54.41441684961319,
    "nclasses_mlp": -33.471473336219795,
    "2nclasses_logistic": -55.1411435008049,
    "2nclasses_mlp": -22.888890981674194
  }
}