{
  "dataset": "citeseer",
  "split_type": "random",
  "component_type": "lcc",
  "num_components": 1,
  "k_diffusion": 6,
  "num_splits": 5,
  "num_seeds": 5,
  "total_runs": 25,
  "precompute_time": 0.2655603885650635,
  "metadata": {
    "k_full": 2022,
    "k_nclasses": 6,
    "k_2nclasses": 12
  },
  "results": {
    "sgc_baseline": {
      "test_acc_mean": 0.763490571975708,
      "test_acc_std": 0.019073417670001792,
      "test_acc_min": 0.7382075786590576,
      "test_acc_max": 0.7995283007621765
    },
    "full_logistic": {
      "test_acc_mean": 0.7358490681648254,
      "test_acc_std": 0.02362261175072695,
      "test_acc_min": 0.7028301954269409,
      "test_acc_max": 0.7712264060974121
    },
    "full_mlp": {
      "test_acc_mean": 0.7416037821769714,
      "test_acc_std": 0.020529226849387728,
      "test_acc_min": 0.7193396091461182,
      "test_acc_max": 0.7830188870429993
    },
    "nclasses_logistic": {
      "test_acc_mean": 0.20830188751220702,
      "test_acc_std": 0.04337427648448236,
      "test_acc_min": 0.14858490228652954,
      "test_acc_max": 0.30896225571632385
    },
    "nclasses_mlp": {
      "test_acc_mean": 0.5327358555793762,
      "test_acc_std": 0.013594730708791794,
      "test_acc_min": 0.5023584961891174,
      "test_acc_max": 0.5613207817077637
    },
    "2nclasses_logistic": {
      "test_acc_mean": 0.2819811373949051,
      "test_acc_std": 0.05062830448070831,
      "test_acc_min": 0.12028302252292633,
      "test_acc_max": 0.3396226465702057
    },
    "2nclasses_mlp": {
      "test_acc_mean": 0.6616981267929077,
      "test_acc_std": 0.021337032673129645,
      "test_acc_min": 0.6202830076217651,
      "test_acc_max": 0.6910377740859985
    }
  },
  "improvements": {
    "full_logistic": -2.7641503810882595,
    "full_mlp": -2.1886789798736594,
    "nclasses_logistic": -55.5188684463501,
    "nclasses_mlp": -23.075471639633182,
    "2nclasses_logistic": -48.15094345808029,
    "2nclasses_mlp": -10.17924451828003
  }
}