{
  "dataset": "pubmed",
  "split_type": "random",
  "component_type": "lcc",
  "num_components": 1,
  "k_diffusion": 8,
  "num_splits": 5,
  "num_seeds": 5,
  "total_runs": 25,
  "precompute_time": 0.3387949466705322,
  "metadata": {
    "k_full": 499,
    "k_nclasses": 3,
    "k_2nclasses": 6
  },
  "results": {
    "sgc_baseline": {
      "test_acc_mean": 0.763022289276123,
      "test_acc_std": 0.006881202137190958,
      "test_acc_min": 0.7517748475074768,
      "test_acc_max": 0.772312343120575
    },
    "full_logistic": {
      "test_acc_mean": 0.8357200646400451,
      "test_acc_std": 0.006501536536626836,
      "test_acc_min": 0.8225151896476746,
      "test_acc_max": 0.8443204760551453
    },
    "full_mlp": {
      "test_acc_mean": 0.8397362875938416,
      "test_acc_std": 0.005577131338502331,
      "test_acc_min": 0.828346848487854,
      "test_acc_max": 0.8509127497673035
    },
    "nclasses_logistic": {
      "test_acc_mean": 0.3592799139022827,
      "test_acc_std": 0.028086805773290913,
      "test_acc_min": 0.30248478055000305,
      "test_acc_max": 0.3985801041126251
    },
    "nclasses_mlp": {
      "test_acc_mean": 0.4641277766227722,
      "test_acc_std": 0.007849439920633207,
      "test_acc_min": 0.4495435953140259,
      "test_acc_max": 0.47718051075935364
    },
    "2nclasses_logistic": {
      "test_acc_mean": 0.3515212881565094,
      "test_acc_std": 0.028537399630422677,
      "test_acc_min": 0.29259634017944336,
      "test_acc_max": 0.39097362756729126
    },
    "2nclasses_mlp": {
      "test_acc_mean": 0.5063995826244354,
      "test_acc_std": 0.008309710452452277,
      "test_acc_min": 0.48225149512290955,
      "test_acc_max": 0.5174949169158936
    }
  },
  "improvements": {
    "full_logistic": 7.269777536392208,
    "full_mlp": 7.671399831771852,
    "nclasses_logistic": -40.37423753738403,
    "nclasses_mlp": -29.889451265335083,
    "2nclasses_logistic": -41.150100111961365,
    "2nclasses_mlp": -25.662270665168762
  }
}