{
  "dataset": "coauthor-cs",
  "split_type": "random",
  "component_type": "lcc",
  "num_components": 1,
  "k_diffusion": 6,
  "num_splits": 5,
  "num_seeds": 5,
  "total_runs": 25,
  "precompute_time": 12.289696216583252,
  "metadata": {
    "d_restricted_std": 6802,
    "ortho_error_std": 9.539507295208693e-09,
    "d_full": 6802,
    "ortho_error": 9.539507295208693e-09
  },
  "results": {
    "sgc_baseline": {
      "val_acc_mean": 0.92193128824234,
      "val_acc_std": 0.0016035930122911453,
      "test_acc_mean": 0.9199127173423767,
      "test_acc_std": 0.002507331974118173,
      "train_time_mean": 0.28704673767089844,
      "train_time_std": 0.04112599796008732
    },
    "sgc_mlp_baseline": {
      "val_acc_mean": 0.9244626474380493,
      "val_acc_std": 0.002823128004363857,
      "test_acc_mean": 0.9177971196174621,
      "test_acc_std": 0.0035954854245150523,
      "train_time_mean": 0.7851190853118897,
      "train_time_std": 0.01604368419788675
    },
    "restricted_standard_mlp": {
      "val_acc_mean": 0.8022586035728455,
      "val_acc_std": 0.026004649171003688,
      "test_acc_mean": 0.796575756072998,
      "test_acc_std": 0.024691457884182564,
      "train_time_mean": 0.8527527046203613,
      "train_time_std": 0.23521602582740522
    },
    "full_rownorm_mlp": {
      "val_acc_mean": 0.8084342741966247,
      "val_acc_std": 0.007168798392819419,
      "test_acc_mean": 0.8006978940963745,
      "test_acc_std": 0.009431037040061334,
      "train_time_mean": 1.26381196975708,
      "train_time_std": 0.16152309020855174
    },
    "jl_binary_nc": {
      "val_acc_mean": 0.24554283022880555,
      "val_acc_std": 0.005855843210147438,
      "test_acc_mean": 0.23764448404312133,
      "test_acc_std": 0.006803575363943485,
      "train_time_mean": 0.3344748115539551,
      "train_time_std": 0.10558759617201635
    },
    "jl_binary_2nc": {
      "val_acc_mean": 0.2779269003868103,
      "val_acc_std": 0.00441684067277704,
      "test_acc_mean": 0.27613957405090334,
      "test_acc_std": 0.009831959411210534,
      "train_time_mean": 0.3258537483215332,
      "train_time_std": 0.11174219904613021
    },
    "jl_binary_4nc": {
      "val_acc_mean": 0.35391162633895873,
      "val_acc_std": 0.006683010776607101,
      "test_acc_mean": 0.3446237599849701,
      "test_acc_std": 0.007491240046285195,
      "train_time_mean": 0.29049015998840333,
      "train_time_std": 0.06664023511272002
    },
    "jl_ortho_nc": {
      "val_acc_mean": 0.24258592903614043,
      "val_acc_std": 0.005275093633432348,
      "test_acc_mean": 0.23404579162597655,
      "test_acc_std": 0.006487000311576548,
      "train_time_mean": 0.3278001594543457,
      "train_time_std": 0.12887738124475223
    },
    "jl_ortho_2nc": {
      "val_acc_mean": 0.2811893141269684,
      "val_acc_std": 0.006143077863201747,
      "test_acc_mean": 0.269901841878891,
      "test_acc_std": 0.007886824872990607,
      "train_time_mean": 0.29601112365722654,
      "train_time_std": 0.10254736403813128
    },
    "jl_ortho_4nc": {
      "val_acc_mean": 0.3588543450832367,
      "val_acc_std": 0.007961749313703241,
      "test_acc_mean": 0.3476771926879883,
      "test_acc_std": 0.006740268960267868,
      "train_time_mean": 0.29157089233398437,
      "train_time_std": 0.07979856284780756
    }
  },
  "improvements": {
    "restricted_standard_mlp": {
      "vs_sgc": -12.333696126937866,
      "vs_sgc_mlp": -12.122136354446411
    },
    "full_rownorm_mlp": {
      "vs_sgc": -11.92148232460022,
      "vs_sgc_mlp": -11.709922552108765
    },
    "jl_binary_nc": {
      "vs_sgc": -68.22682332992554,
      "vs_sgc_mlp": -68.01526355743408
    },
    "jl_binary_2nc": {
      "vs_sgc": -64.37731432914732,
      "vs_sgc_mlp": -64.16575455665587
    },
    "jl_binary_4nc": {
      "vs_sgc": -57.52889573574066,
      "vs_sgc_mlp": -57.31733596324921
    },
    "jl_ortho_nc": {
      "vs_sgc": -68.58669257164,
      "vs_sgc_mlp": -68.37513279914856
    },
    "jl_ortho_2nc": {
      "vs_sgc": -65.00108754634857,
      "vs_sgc_mlp": -64.78952777385712
    },
    "jl_ortho_4nc": {
      "vs_sgc": -57.22355246543884,
      "vs_sgc_mlp": -57.01199269294739
    }
  },
  "parameter_counts": {
    "sgc_baseline": 102075,
    "sgc_mlp_baseline": 1811456,
    "restricted_standard_mlp": 1810688,
    "full_rownorm_mlp": 1810688,
    "jl_binary_nc": 73216,
    "jl_ortho_nc": 73216,
    "jl_binary_2nc": 77056,
    "jl_ortho_2nc": 77056,
    "jl_binary_4nc": 84736,
    "jl_ortho_4nc": 84736
  }
}