{
  "fisher_score": 0.010809685538194367,
  "mean_fisher_score": 0.010809685538194367,
  "std_fisher_score": 0.0,
  "per_split": [
    {
      "split": 0,
      "fisher_score": 0.010809685538194367,
      "fisher_score_U": 0.010809685538194367,
      "between_class_variance": 0.0008175721619265152,
      "within_class_variance": 0.07563329747546765,
      "per_feature_U_stats": {
        "mean": 0.0005189907139058238,
        "std": 0.0003008572726934328,
        "max": 0.001876305233938008,
        "top5": [
          0.001876305233938008,
          0.0016620526566035476,
          0.0016495595925968456,
          0.001624250706346018,
          0.0015229822823107128
        ]
      },
      "note": "Computed on training set only to prevent data leakage",
      "fisher_score_X_diffused": 0.053557584641268884,
      "between_class_variance_X": 0.046718989014574525,
      "within_class_variance_X": 0.8723132181464198,
      "per_feature_X_stats": {
        "mean": 0.007063921813823229,
        "std": 0.004895409213359951,
        "max": 0.04190172948204468,
        "top5": [
          0.04190172948204468,
          0.03272240956853151,
          0.021599748468989665,
          0.021435671794720102,
          0.02058742563483874
        ],
        "n_cols_sampled": 300
      }
    }
  ],
  "note": "Fisher score computed on training set only (no leakage)"
}