{
  "dataset": "pubmed",
  "split_type": "random-splits",
  "num_seeds": 5,
  "num_splits": 3,
  "total_runs_per_model": 15,
  "k_eigenvectors": 6,
  "ncc_components": 1,
  "epochs": 100,
  "hidden_dim": 256,
  "batch_size": 128,
  "learning_rate": 0.01,
  "weight_decay": 0.0005,
  "models": {
    "standard_train_scaled": {
      "name": "Standard MLP (train-only scaled)",
      "test_accuracy": {
        "mean": 0.7799695611000061,
        "std": 0.00194469147466896,
        "all": [
          0.7791581749916077,
          0.7847362756729126,
          0.782200813293457,
          0.7789046764373779,
          0.7791581749916077,
          0.7791581749916077,
          0.7799188494682312,
          0.7778904438018799,
          0.7786511182785034,
          0.7801724076271057,
          0.7819472551345825,
          0.7806795239448547,
          0.7801724076271057,
          0.7806795239448547,
          0.7761155962944031
        ]
      },
      "convergence_metrics": {
        "speed_to_90": {
          "mean": 0.8,
          "std": 0.6531972647421809
        },
        "speed_to_95": {
          "mean": 1.6666666666666667,
          "std": 0.699205898780101
        },
        "speed_to_99": {
          "mean": 19.8,
          "std": 9.474175425861608
        },
        "auc": {
          "mean": 0.766525262216727,
          "std": 0.007017121223287973
        },
        "convergence_rate": {
          "mean": 0.0032580945889155075,
          "std": 0.0007396875113578088
        },
        "final_acc": {
          "mean": 0.7814016660054525,
          "std": 0.007922328239654393
        }
      },
      "checkpoint_accuracies": {
        "10": {
          "mean": 0.7660495678583781,
          "std": 0.010880348095912304
        },
        "20": {
          "mean": 0.7672500054041544,
          "std": 0.009731409665224821
        },
        "40": {
          "mean": 0.7724406441052755,
          "std": 0.007910955365687212
        },
        "80": {
          "mean": 0.7801505088806152,
          "std": 0.007705773225122924
        }
      }
    },
    "standard_full_scaled": {
      "name": "Full-Data Scaled MLP",
      "test_accuracy": {
        "mean": 0.7801723957061768,
        "std": 0.0023090261708308595,
        "all": [
          0.7806795239448547,
          0.7819472551345825,
          0.782200813293457,
          0.7827078700065613,
          0.7849898338317871,
          0.7753549218177795,
          0.7783975601196289,
          0.781693696975708,
          0.7771297693252563,
          0.7791581749916077,
          0.7801724076271057,
          0.7794117331504822,
          0.7799188494682312,
          0.7783975601196289,
          0.7804259657859802
        ]
      },
      "convergence_metrics": {
        "speed_to_90": {
          "mean": 0.9333333333333333,
          "std": 0.573488351136175
        },
        "speed_to_95": {
          "mean": 1.4,
          "std": 0.6110100926607788
        },
        "speed_to_99": {
          "mean": 18.733333333333334,
          "std": 8.872930118562238
        },
        "auc": {
          "mean": 0.7653545815944671,
          "std": 0.006106332169321907
        },
        "convergence_rate": {
          "mean": 0.00356074074904124,
          "std": 0.0006735705982567108
        },
        "final_acc": {
          "mean": 0.7806577324867249,
          "std": 0.006608816222292178
        }
      },
      "checkpoint_accuracies": {
        "10": {
          "mean": 0.7651027361551921,
          "std": 0.01013281090621643
        },
        "20": {
          "mean": 0.7681292057037353,
          "std": 0.007480801625831155
        },
        "40": {
          "mean": 0.7721024791399638,
          "std": 0.009173587993503686
        },
        "80": {
          "mean": 0.7792375048001607,
          "std": 0.005717571765329344
        }
      }
    },
    "standard_no_scale": {
      "name": "No-Scaling MLP",
      "test_accuracy": {
        "mean": 0.4017917315165202,
        "std": 0.003756952017890701,
        "all": [
          0.39756590127944946,
          0.39756590127944946,
          0.39756590127944946,
          0.39756590127944946,
          0.39756590127944946,
          0.406693696975708,
          0.406693696975708,
          0.406693696975708,
          0.406693696975708,
          0.406693696975708,
          0.4011155962944031,
          0.4011155962944031,
          0.4011155962944031,
          0.4011155962944031,
          0.4011155962944031
        ]
      },
      "convergence_metrics": {
        "speed_to_90": {
          "mean": 0.0,
          "std": 0.0
        },
        "speed_to_95": {
          "mean": 0.0,
          "std": 0.0
        },
        "speed_to_99": {
          "mean": 0.3333333333333333,
          "std": 0.7888106377466155
        },
        "auc": {
          "mean": 0.39272002076109247,
          "std": 0.005230985781980978
        },
        "convergence_rate": {
          "mean": -9.130100409189861e-05,
          "std": 0.00018236702214551894
        },
        "final_acc": {
          "mean": 0.39682137966156006,
          "std": 0.006490182349258246
        }
      },
      "checkpoint_accuracies": {
        "10": {
          "mean": 0.3959760030110677,
          "std": 0.005888117794722517
        },
        "20": {
          "mean": 0.39575620690981544,
          "std": 0.00476170442582889
        },
        "40": {
          "mean": 0.3959590951601664,
          "std": 0.005881414010029567
        },
        "80": {
          "mean": 0.39682137966156006,
          "std": 0.006490182349258246
        }
      }
    },
    "standard_weighted": {
      "name": "Eigenvalue-Weighted MLP",
      "test_accuracy": {
        "mean": 0.7630155324935913,
        "std": 0.002429605987212984,
        "all": [
          0.7624239325523376,
          0.7659736275672913,
          0.7631845474243164,
          0.767241358757019,
          0.7654665112495422,
          0.7614096999168396,
          0.7591277956962585,
          0.7606490850448608,
          0.7601419687271118,
          0.7591277956962585,
          0.7647058367729187,
          0.7629309892654419,
          0.764452338218689,
          0.7649593949317932,
          0.7634381055831909
        ]
      },
      "convergence_metrics": {
        "speed_to_90": {
          "mean": 2.0,
          "std": 1.632993161855452
        },
        "speed_to_95": {
          "mean": 15.666666666666666,
          "std": 8.129507296810115
        },
        "speed_to_99": {
          "mean": 18.133333333333333,
          "std": 9.258269576738169
        },
        "auc": {
          "mean": 0.7436987346609435,
          "std": 0.008701223034866395
        },
        "convergence_rate": {
          "mean": 0.002951221466064453,
          "std": 0.001335468776235694
        },
        "final_acc": {
          "mean": 0.7668611327807109,
          "std": 0.006600774930925787
        }
      },
      "checkpoint_accuracies": {
        "10": {
          "mean": 0.7156141916910808,
          "std": 0.031960152713752604
        },
        "20": {
          "mean": 0.7397244294484456,
          "std": 0.026308703042248797
        },
        "40": {
          "mean": 0.758728579680125,
          "std": 0.012584515789903425
        },
        "80": {
          "mean": 0.7655592441558838,
          "std": 0.006445852245969421
        }
      }
    },
    "rownorm": {
      "name": "Row-Normalized MLP",
      "test_accuracy": {
        "mean": 0.7938640793164571,
        "std": 0.0031410205858839373,