{
  "dataset": "ogbn-arxiv",
  "num_components": 1,
  "k_diffusion": 8,
  "num_splits": 5,
  "num_seeds": 5,
  "total_runs": 25,
  "precompute_time": 5.440531015396118,
  "metadata": {
    "k_full": 127,
    "k_nclasses": 40,
    "k_2nclasses": 80
  },
  "results": {
    "sgc_baseline": {
      "test_acc_mean": 0.4934408128261566,
      "test_acc_std": 0.0031149479605597098,
      "val_acc_mean": 0.49467224955558775,
      "val_acc_std": 0.0037812513520230576,
      "train_time_mean": 0.15377651214599608,
      "train_time_std": 0.0062470168203034694
    },
    "full_logistic": {
      "test_acc_mean": 0.5950127053260803,
      "test_acc_std": 0.0024829767318971982,
      "val_acc_mean": 0.5968229484558105,
      "val_acc_std": 0.001873415667124486,
      "train_time_mean": 0.19847569465637208,
      "train_time_std": 0.010119812369067647
    },
    "full_mlp": {
      "test_acc_mean": 0.7221706652641297,
      "test_acc_std": 0.003084454283654729,
      "val_acc_mean": 0.7249875974655151,
      "val_acc_std": 0.00158152937050526,
      "train_time_mean": 2.8859912872314455,
      "train_time_std": 0.03812385352292387
    },
    "nclasses_logistic": {
      "test_acc_mean": 0.44903809547424317,
      "test_acc_std": 0.0013373804806668787,
      "val_acc_mean": 0.45106412649154665,
      "val_acc_std": 0.002431439554419876,
      "train_time_mean": 0.14547667503356934,
      "train_time_std": 0.006197587915617861
    },
    "nclasses_mlp": {
      "test_acc_mean": 0.6747706031799316,
      "test_acc_std": 0.0018383816958867508,
      "val_acc_mean": 0.6765891027450561,
      "val_acc_std": 0.0025054569637190317,
      "train_time_mean": 2.8398851776123046,
      "train_time_std": 0.19253760990281185
    },
    "2nclasses_logistic": {
      "test_acc_mean": 0.5285786890983581,
      "test_acc_std": 0.0032368120814375385,
      "val_acc_mean": 0.5291815233230591,
      "val_acc_std": 0.0024677786945783327,
      "train_time_mean": 0.15703415870666504,
      "train_time_std": 0.016647285991610077
    },
    "2nclasses_mlp": {
      "test_acc_mean": 0.7097396039962769,
      "test_acc_std": 0.0025358994889441403,
      "val_acc_mean": 0.7117137050628662,
      "val_acc_std": 0.0019264727079245363,
      "train_time_mean": 2.814324150085449,
      "train_time_std": 0.014396690448530147
    }
  },
  "improvements": {
    "full_logistic": 10.15718924999237,
    "full_mlp": 22.872985243797306,
    "nclasses_logistic": -4.4402717351913426,
    "nclasses_mlp": 18.132979035377506,
    "2nclasses_logistic": 3.513787627220155,
    "2nclasses_mlp": 21.62987911701203
  }
}