{
  "dataset": "wikics",
  "split_type": "fixed_splits",
  "num_seeds": 5,
  "num_splits": 1,
  "total_runs_per_model": 5,
  "d_raw": 300,
  "d_effective": 300,
  "rank_deficiency": false,
  "orthonormality_error": 3.595891717722566e-08,
  "epochs": 200,
  "hidden_dim": 256,
  "batch_size": 128,
  "learning_rate": 0.01,
  "weight_decay": 0.0005,
  "models": {
    "standard_X_scaled": {
      "name": "(a) Standard MLP on X (scaled)",
      "test_accuracy": {
        "mean": 0.7098340868949891,
        "std": 0.007038045626796948,
        "min": 0.7005301713943481,
        "max": 0.7190011739730835
      },
      "convergence_metrics": {
        "speed_to_90": {
          "mean": 0.6,
          "std": 0.48989794855663565
        },
        "speed_to_95": {
          "mean": 1.2,
          "std": 0.4
        },
        "speed_to_99": {
          "mean": 11.4,
          "std": 15.856859714331838
        },
        "auc": {
          "mean": 0.9788480828234432,
          "std": 0.011353837458861895
        },
        "convergence_rate": {
          "mean": 0.0022385519742965697,
          "std": 0.0013432540567463827
        },
        "final_acc": {
          "mean": 0.725607717037201,
          "std": 0.006965699689784382
        }
      },
      "checkpoint_accuracies": {
        "10": {
          "mean": 0.7032222032546998,
          "std": 0.020391264702528715
        },
        "20": {
          "mean": 0.6898813009262085,
          "std": 0.005648380376511613
        },
        "40": {
          "mean": 0.7022046685218811,
          "std": 0.02296891360302241
        },
        "80": {
          "mean": 0.7205201029777527,
          "std": 0.012744009030403349
        },
        "160": {
          "mean": 0.7265121817588807,
          "std": 0.007604364805224868
        },
        "200": {
          "mean": 0.725607717037201,
          "std": 0.006965699689784382
        }
      }
    },
    "standard_V_scaled": {
      "name": "(b) Standard MLP on V (scaled)",
      "test_accuracy": {
        "mean": 0.6165212750434875,
        "std": 0.0021399743353876996,
        "min": 0.613647997379303,
        "max": 0.6194629669189453
      },
      "convergence_metrics": {
        "speed_to_90": {
          "mean": 71.6,
          "std": 38.328057607971736
        },
        "speed_to_95": {
          "mean": 111.8,
          "std": 17.645396000090223
        },
        "speed_to_99": {
          "mean": 144.0,
          "std": 17.977764043395386
        },
        "auc": {
          "mean": 0.9127763150676149,
          "std": 0.02029669067458102
        },
        "convergence_rate": {
          "mean": 0.00761447161436081,
          "std": 0.0017234988012723327
        },
        "final_acc": {
          "mean": 0.6218202710151672,
          "std": 0.0029264361056563076
        }
      },
      "checkpoint_accuracies": {
        "10": {
          "mean": 0.5113623857498169,
          "std": 0.014272231271617574
        },
        "20": {
          "mean": 0.5131713032722474,
          "std": 0.014906552734475784
        },
        "40": {
          "mean": 0.5199548065662384,
          "std": 0.015262432666870258
        },
        "80": {
          "mean": 0.5503674626350403,
          "std": 0.02354381426585193
        },
        "160": {
          "mean": 0.6184285283088684,
          "std": 0.006213053832135166
        },
        "200": {
          "mean": 0.6218202710151672,
          "std": 0.0029264361056563076
        }
      }
    },
    "rownorm_V": {
      "name": "(c) RowNorm MLP on V (unscaled)",
      "test_accuracy": {
        "mean": 0.5495125651359558,
        "std": 0.016921566710671777,
        "min": 0.5286471843719482,
        "max": 0.5765349864959717
      },
      "convergence_metrics": {
        "speed_to_90": {
          "mean": 4.2,
          "std": 0.9797958971132712
        },
        "speed_to_95": {
          "mean": 5.6,
          "std": 1.3564659966250536
        },
        "speed_to_99": {
          "mean": 7.6,
          "std": 1.7435595774162693
        },
        "auc": {
          "mean": 1.0018026194913852,
          "std": 0.030588507968564337
        },
        "convergence_rate": {
          "mean": 0.013148672878742218,
          "std": 0.000794510733447299
        },
        "final_acc": {
          "mean": 0.5595251798629761,
          "std": 0.016342295963015216
        }
      },
      "checkpoint_accuracies": {
        "10": {
          "mean": 0.5702657222747802,
          "std": 0.00489425325477186
        },
        "20": {
          "mean": 0.5138496696949005,
          "std": 0.011266178768208762
        },
        "40": {
          "mean": 0.5618994116783143,
          "std": 0.005896404589158157
        },
        "80": {
          "mean": 0.5858677387237549,
          "std": 0.0076812967793882065
        },
        "160": {
          "mean": 0.545732069015503,
          "std": 0.015446416791703364
        },
        "200": {
          "mean": 0.5595251798629761,
          "std": 0.016342295963015216
        }
      }
    }
  }
}