{
  "experiments": {
    "sgc_baseline": {
      "val_acc_mean": 0.5350832581520081,
      "val_acc_std": 0.0006083752869541809,
      "test_acc_mean": 0.5435606837272644,
      "test_acc_std": 0.0003374562263290002,
      "train_time_mean": 0.696448802947998,
      "train_time_std": 0.17308830783085657
    },
    "sgc_mlp_baseline": {
      "val_acc_mean": 0.7319888830184936,
      "val_acc_std": 0.0014094817783174376,
      "test_acc_mean": 0.7300502061843872,
      "test_acc_std": 0.001720384756444108,
      "train_time_mean": 4.306359767913818,
      "train_time_std": 0.4572725665066955
    },
    "restricted_standard_mlp": {
      "val_acc_mean": 0.7347466588020325,
      "val_acc_std": 0.0008995916490534159,
      "test_acc_mean": 0.7331975340843201,
      "test_acc_std": 0.0006075361660350721,
      "train_time_mean": 2.0926726341247557,
      "train_time_std": 0.18262905197035414
    },
    "restricted_rownorm": {
      "val_acc_mean": 0.7265146970748901,
      "val_acc_std": 0.0005290391141408034,
      "test_acc_mean": 0.7275701403617859,
      "test_acc_std": 0.00045639677100150355,
      "train_time_mean": 4.338314580917358,
      "train_time_std": 0.7405141771381432
    },
    "log_magnitude": {
      "val_acc_mean": 0.7160387396812439,
      "val_acc_std": 0.0004432460406441582,
      "test_acc_mean": 0.7185474038124084,
      "test_acc_std": 0.0006236521010833907,
      "train_time_mean": 5.089252758026123,
      "train_time_std": 0.4726516623268315
    },
    "spectral_rownorm_alpha-1.0": {
      "val_acc_mean": 0.7216605544090271,
      "val_acc_std": 0.00021078384861424797,
      "test_acc_mean": 0.7223560810089111,
      "test_acc_std": 0.0007017608180417059,
      "train_time_mean": 5.633172559738159,
      "train_time_std": 0.5868872520381767
    },
    "spectral_rownorm_alpha-0.5": {
      "val_acc_mean": 0.7202314853668212,
      "val_acc_std": 0.00040285788167748635,
      "test_acc_mean": 0.721936821937561,
      "test_acc_std": 0.00046232352921173644,
      "train_time_mean": 5.521109771728516,
      "train_time_std": 0.5569309682275639
    },
    "spectral_rownorm_alpha0.5": {
      "val_acc_mean": 0.7126077651977539,
      "val_acc_std": 0.00042526483194250156,
      "test_acc_mean": 0.7150693893432617,
      "test_acc_std": 0.0005953736854847441,
      "train_time_mean": 4.979939746856689,
      "train_time_std": 0.27371135488250603
    },
    "spectral_rownorm_alpha1.0": {
      "val_acc_mean": 0.706094229221344,
      "val_acc_std": 0.0005734508443222584,
      "test_acc_mean": 0.7085503458976745,
      "test_acc_std": 0.0008683663460321762,
      "train_time_mean": 5.138775062561035,
      "train_time_std": 0.3971839417162282
    },
    "nested_spheres": {
      "val_acc_mean": 0.7123774766921998,
      "val_acc_std": 0.0003258013118901117,
      "test_acc_mean": 0.7159197092056274,
      "test_acc_std": 0.0007010314122015275,
      "train_time_mean": 5.350640869140625,
      "train_time_std": 0.3066366873605795
    }
  },
  "metadata": {
    "dataset": "ogbn-arxiv",
    "k_diffusion": 10,
    "split_type": "random",
    "component_type": "lcc",
    "num_nodes": 169343,
    "num_features": 128,
    "num_classes": 40,
    "num_components": 0,
    "num_seeds": 5,
    "d_restricted": 128,
    "ortho_error": 1.2783375469282987e-09
  },
  "framework_analysis": {
    "part_a": 0.31473278999328613,
    "part_b_rownorm": -0.562739372253418,
    "part_b5_logmag": -1.465013027191162,
    "part_b6_spectral_rownorm": -1.0841453075408936,
    "part_b6_nested_spheres": -1.7277824878692627,
    "gap_rownorm": -0.24800658226013184,
    "gap_logmag": -1.150280237197876,
    "gap_spectral_rownorm": -0.7694125175476074,
    "gap_nested_spheres": -1.4130496978759766,
    "best_spectral_alpha": -1.0
  },
  "eigenvalues": [
    1.2739170344619477,
    1.4328736064276977,
    1.9246062609658492,
    2.040024207910183,
    2.309026983116745,
    2.4347931224930695,
    2.5679474572212073,
    2.6821727081081272,
    2.9559844259643384,
    3.0913144778997554,
    3.20072347986944,
    3.3755441128256294,
    3.5152274185867842,
    3.5851225171996446,
    3.7640644939643417,
    3.8905807719215715,
    3.989975017571552,
    4.124840181347792,
    4.206488059790817,
    4.364066050344506,
    4.509156156795605,
    4.688784152313064,
    4.73817325451341,
    4.828654116640752,
    4.977298663988472,
    5.021610158651846,
    5.124324157984876,
    5.193576238798566,
    5.309785067223571,
    5.37400933727711,
    5.558850947485686,
    5.5862510490336,
    5.715040243491693,
    5.800549844274746,
    5.841282435037979,
    6.068261593969952,
    6.155086089940899,
    6.210287028149258,
    6.347367642421953,
    6.407349633237047,
    6.5182249882517995,
    6.660373884200549,
    6.676924345133172,
    6.766048012879343,
    6.834967346795908,
    6.875493938874962,
    6.917950417242054,
    7.09474058108023,
    7.148231169003823,
    7.2352074760266945,
    7.274857665916528,
    7.330947705773368,
    7.408746799313298,
    7.5390893222368165,
    7.586627426157264,
    7.669872020732126,
    7.689656211301781,
    7.766712012199972,
    7.817964917761898,
    7.851771500955711,
    7.93837632030746,
    8.057320014211893,
    8.065659922766189,
    8.106349405398673,
    8.168552546522106,
    8.246651834327343,
    8.358812650811403,
    8.402243984166214,
    8.459541738335991,
    8.492420744768967,
    8.505674696044666,
    8.590278454845016,
    8.646298088838103,
    8.699372105255419,
    8.74981370026287,
    8.777964168692208,
    8.864960986393404,
    8.903905543079997,
    9.008657626921632,
    9.082342882074705,
    9.096783236047367,
    9.11569336890393,
    9.251071398509275,
    9.31132862104275,
    9.337400103387575,
    9.400604193354484,
    9.438691572208455,
    9.468858080465052,
    9.544732202425308,
    9.580356527073162,
    9.649845831159013,
    9.68022136318175,
    9.721864740662868,
    9.744709667547335,
    9.860653647863407,
    9.884171851789528,
    9.96913053465182,
    10.126601817799754,
    10.156119922659201,
    10.184951436404312,
    10.225508250238343,
    10.328319309552072,
    10.374148503380237,
    10.414207462493101,
    10.448165991205313,
    10.571415593005367,
    10.58088653696119,
    10.749029344436792,
    10.796126684844658,
    10.876690995934325,
    10.911403679320998,
    11.005670945705363,
    11.097065408021953,
    11.183576745533003,
    11.408741557917905,
    11.460333718251999,
    11.588946870320854,
    11.637821397087588,
    11.91032332481221,
    12.076278193155682,
    12.197916978826479,
    12.529978221100473,
    12.663716502939353,
    12.934522244213413,
    13.096403456701562,
    13.402567019246849,
    13.704922972208605,
    14.663424196656075
  ]
}