{
  "dataset": "coauthor-cs",
  "split_type": "fixed",
  "component_type": "lcc",
  "num_components": 1,
  "k_diffusion": 4,
  "num_splits": 1,
  "num_seeds": 5,
  "total_runs": 5,
  "precompute_time": 5.171129941940308,
  "metadata": {
    "k_full": 6802,
    "k_nclasses": 15,
    "k_2nclasses": 30
  },
  "results": {
    "sgc_baseline": {
      "test_acc_mean": 0.9261177182197571,
      "test_acc_std": 0.0004223591286075765,
      "test_acc_min": 0.9258450865745544,
      "test_acc_max": 0.926935613155365
    },
    "full_logistic": {
      "test_acc_mean": 0.8769901633262634,
      "test_acc_std": 0.0024286941940273006,
      "test_acc_min": 0.8721373677253723,
      "test_acc_max": 0.8784078359603882
    },
    "full_mlp": {
      "test_acc_mean": 0.797110116481781,
      "test_acc_std": 0.014364582463438899,
      "test_acc_min": 0.7769901752471924,
      "test_acc_max": 0.8143402338027954
    },
    "nclasses_logistic": {
      "test_acc_mean": 0.1214285671710968,
      "test_acc_std": 0.002680088859453531,
      "test_acc_min": 0.11695746332406998,
      "test_acc_max": 0.12459105253219604
    },
    "nclasses_mlp": {
      "test_acc_mean": 0.22737185657024384,
      "test_acc_std": 0.0,
      "test_acc_min": 0.22737185657024384,
      "test_acc_max": 0.22737185657024384
    },
    "2nclasses_logistic": {
      "test_acc_mean": 0.12224645018577576,
      "test_acc_std": 0.0031681219406508566,
      "test_acc_min": 0.11777535080909729,
      "test_acc_max": 0.1256815642118454
    },
    "2nclasses_mlp": {
      "test_acc_mean": 0.22737185657024384,
      "test_acc_std": 0.0,
      "test_acc_min": 0.22737185657024384,
      "test_acc_max": 0.22737185657024384
    }
  },
  "improvements": {
    "full_logistic": -4.9127554893493635,
    "full_mlp": -12.90076017379761,
    "nclasses_logistic": -80.46891510486603,
    "nclasses_mlp": -69.87458616495132,
    "2nclasses_logistic": -80.38712680339813,
    "2nclasses_mlp": -69.87458616495132
  }
}