{
  "dataset": "cora",
  "k": 30,
  "split_type": "fixed",
  "component_type": "lcc",
  "num_seeds": 15,
  "num_splits": 1,
  "total_runs_per_method": 15,
  "metadata": {
    "d_effective": 862,
    "ortho_error": 2.1708301822798148e-10,
    "num_components": 0,
    "num_nodes": 2485,
    "num_features": 1433,
    "num_classes": 7
  },
  "experiments": {
    "sgc_mlp_baseline": {
      "test_acc_mean": 0.75970858335495,
      "test_acc_std": 0.014382375078851704,
      "val_acc_mean": 0.7713870445887248,
      "val_acc_std": 0.011065213143836402,
      "per_run_test_acc": [
        0.7683060169219971,
        0.7595628499984741,
        0.7737705111503601,
        0.7551912665367126,
        0.7442623376846313,
        0.7628415822982788,
        0.7726776003837585,
        0.7486339211463928,
        0.7453551888465881,
        0.7639344334602356,
        0.7693989276885986,
        0.7540984153747559,
        0.7234972715377808,
        0.7792350053787231,
        0.7748634219169617
      ],
      "n_runs": 15,
      "train_acc_mean": 0.8808742761611938,
      "train_acc_std": 0.07849855011206734,
      "num_params": 434695,
      "param_to_train_ratio": 3563.0737704918033
    },
    "restricted_standard_mlp": {
      "test_acc_mean": 0.49952643513679507,
      "test_acc_std": 0.007670718519143718,
      "val_acc_mean": 0.49774871667226156,
      "val_acc_std": 0.00550393122510206,
      "per_run_test_acc": [
        0.5027322769165039,
        0.49071040749549866,
        0.5016393661499023,
        0.5071038603782654,
        0.4994535744190216,
        0.5103825330734253,
        0.5071038603782654,
        0.4830601215362549,
        0.49726778268814087,
        0.5092896223068237,
        0.5071038603782654,
        0.49508199095726013,
        0.49508199095726013,
        0.49071040749549866,
        0.4961748719215393
      ],
      "n_runs": 15,
      "train_acc_mean": 0.9999999403953552,
      "train_acc_std": 0.0,
      "num_params": 288519,
      "param_to_train_ratio": 2364.909836065574
    },
    "restricted_rownorm_mlp": {
      "test_acc_mean": 0.3752276996771495,
      "test_acc_std": 0.015257115436578648,
      "val_acc_mean": 0.3783587396144867,
      "val_acc_std": 0.006734651339337527,
      "per_run_test_acc": [
        0.40437158942222595,
        0.38032788038253784,
        0.3606557548046112,
        0.3683060109615326,
        0.38032788038253784,
        0.37704920768737793,
        0.39344263076782227,
        0.35628417134284973,
        0.3650273382663727,
        0.3814207911491394,
        0.39344263076782227,
        0.34207651019096375,
        0.37049180269241333,
        0.37377050518989563,
        0.3814207911491394
      ],
      "n_runs": 15,
      "train_acc_mean": 0.9999999403953552,
      "train_acc_std": 0.0,
      "num_params": 288000,
      "param_to_train_ratio": 2360.655737704918
    }
  },
  "framework_analysis": {
    "sgc_mlp_acc_pct": 75.970858335495,
    "restricted_std_acc_pct": 49.952643513679504,
    "restricted_rownorm_acc_pct": 37.52276996771495,
    "part_a_pp": 26.01821482181549,
    "part_b_pp": -12.429873545964554,
    "remaining_gap_pp": 38.448088367780045
  }
}