{
  "metadata": {
    "dataset": "coauthor-physics",
    "split_type": "fixed",
    "component_type": "lcc",
    "k_diffusion": 2,
    "num_nodes": 34493,
    "num_features": 8415,
    "num_classes": 5,
    "num_random_splits": 1,
    "num_seeds": 5,
    "epochs": 200,
    "whitening_eps": 1e-06,
    "wadia_regime": "n > d (structure retained)",
    "timestamp": "2026-01-01T21:19:47.116469"
  },
  "final_results": {
    "original_Linear": {
      "val_acc_mean": 0.9661350965499877,
      "val_acc_std": 7.10440700553831e-05,
      "test_acc_mean": 0.9599419951438903,
      "test_acc_std": 0.00014779417239809377,
      "train_time_mean": 0.5477091789245605
    },
    "original_Linear+RowNorm": {
      "val_acc_mean": 0.9593215465545655,
      "val_acc_std": 7.10148698621832e-05,
      "test_acc_mean": 0.9521448850631714,
      "test_acc_std": 0.00010845789045920391,
      "train_time_mean": 1.2316058158874512
    },
    "original_MLP": {
      "val_acc_mean": 0.9609162092208863,
      "val_acc_std": 0.00014782924004861893,
      "test_acc_mean": 0.9573622703552246,
      "test_acc_std": 0.0013852541240214,
      "train_time_mean": 1.6184690952301026
    },
    "original_MLP+RowNorm": {
      "val_acc_mean": 0.9673238515853881,
      "val_acc_std": 0.00019663127087307753,
      "test_acc_mean": 0.9640289425849915,
      "test_acc_std": 0.001200008614258593,
      "train_time_mean": 2.457224655151367
    },
    "pca_whiten_Linear": {
      "val_acc_mean": 0.8763699531555176,
      "val_acc_std": 0.0004435126578621722,
      "test_acc_mean": 0.881999957561493,
      "test_acc_std": 0.0006038376446224423,
      "train_time_mean": 0.5244867324829101
    },
    "pca_whiten_Linear+RowNorm": {
      "val_acc_mean": 0.7605392813682557,
      "val_acc_std": 0.0009368308997079639,
      "test_acc_mean": 0.76075359582901,
      "test_acc_std": 0.0005605371675302275,
      "train_time_mean": 1.2266169548034669
    },
    "pca_whiten_MLP": {
      "val_acc_mean": 0.9413453102111816,
      "val_acc_std": 0.0007369115446907525,
      "test_acc_mean": 0.9411303877830506,
      "test_acc_std": 0.001178818792943299,
      "train_time_mean": 1.7064815521240235
    },
    "pca_whiten_MLP+RowNorm": {
      "val_acc_mean": 0.9478979468345642,
      "val_acc_std": 0.0027238781724875857,
      "test_acc_mean": 0.9450144529342651,
      "test_acc_std": 0.002067147148324847,
      "train_time_mean": 2.5770795822143553
    },
    "zca_whiten_Linear": {
      "val_acc_mean": 0.9099449038505554,
      "val_acc_std": 0.00042413888813469134,
      "test_acc_mean": 0.9124927163124085,
      "test_acc_std": 0.0006760562600373887,
      "train_time_mean": 0.5247281551361084
    },
    "zca_whiten_Linear+RowNorm": {
      "val_acc_mean": 0.905276894569397,
      "val_acc_std": 0.0002169747204103602,
      "test_acc_mean": 0.911913001537323,
      "test_acc_std": 0.0001922732340696416,
      "train_time_mean": 1.2264941215515137
    },
    "zca_whiten_MLP": {
      "val_acc_mean": 0.9317483305931091,
      "val_acc_std": 0.0022818737756755574,
      "test_acc_mean": 0.9311883687973023,
      "test_acc_std": 0.002240339846395072,
      "train_time_mean": 1.7176787376403808
    },
    "zca_whiten_MLP+RowNorm": {
      "val_acc_mean": 0.9241809129714966,
      "val_acc_std": 0.004205605112735181,
      "test_acc_mean": 0.925594162940979,
      "test_acc_std": 0.006755298706081967,
      "train_time_mean": 2.577044439315796
    },
    "full_zca_whiten_Linear": {
      "val_acc_mean": 0.8920846581459045,
      "val_acc_std": 0.000781220199292027,
      "test_acc_mean": 0.8959709882736206,
      "test_acc_std": 0.0002955976950478758,
      "train_time_mean": 0.524742841720581
    },
    "full_zca_whiten_Linear+RowNorm": {
      "val_acc_mean": 0.8543635725975036,
      "val_acc_std": 0.0001478549574471898,
      "test_acc_mean": 0.8539999485015869,
      "test_acc_std": 0.0002354841899906105,
      "train_time_mean": 1.226514720916748
    },
    "full_zca_whiten_MLP": {
      "val_acc_mean": 0.9320382714271546,
      "val_acc_std": 0.002634142875587054,
      "test_acc_mean": 0.93417387008667,
      "test_acc_std": 0.003892485196204614,
      "train_time_mean": 1.7171597003936767
    },
    "full_zca_whiten_MLP+RowNorm": {
      "val_acc_mean": 0.926268482208252,
      "val_acc_std": 0.003549364500468477,
      "test_acc_mean": 0.9249854564666748,
      "test_acc_std": 0.003064256676060327,
      "train_time_mean": 2.578520107269287
    },
    "rayleigh_ritz_Linear": {
      "val_acc_mean": 0.5013047456741333,
      "val_acc_std": 0.0,
      "test_acc_mean": 0.4995651841163635,
      "test_acc_std": 0.0,
      "train_time_mean": 0.48580307960510255
    },
    "rayleigh_ritz_Linear+RowNorm": {
      "val_acc_mean": 0.7804580807685852,
      "val_acc_std": 0.0003254586287692453,
      "test_acc_mean": 0.7771593689918518,
      "test_acc_std": 0.0004260016185934995,
      "train_time_mean": 1.1346499919891357
    },
    "rayleigh_ritz_MLP": {
      "val_acc_mean": 0.841200339794159,
      "val_acc_std": 0.011539299033726401,
      "test_acc_mean": 0.8426666140556336,
      "test_acc_std": 0.011760611280556534,
      "train_time_mean": 1.5748059749603271
    },
    "rayleigh_ritz_MLP+RowNorm": {
      "val_acc_mean": 0.9108437180519104,
      "val_acc_std": 0.014076542020064312,
      "test_acc_mean": 0.9098260402679443,
      "test_acc_std": 0.012571623097745628,
      "train_time_mean": 2.4497794628143312
    }
  },
  "whitening_analysis": {
    "pca_whiten": {
      "name": "pca_whiten",
      "dim_original": 8415,
      "dim_whitened": 8415,
      "dist_from_I_original": 2788.955257594703,
      "dist_from_I_whitened": 254.69112078578442,
      "condition_original": 726441171877888.0,
      "condition_whitened": 2.9123148884475904e+16,
      "entropy_original": 4.272085666656494,
      "entropy_whitened": 8.2017183303833,
      "max_entropy_original": 8.956995311928852,
      "max_entropy_whitened": 8.994544758324512,
      "uniformity_original": 0.47695521967807286,
      "uniformity_whitened": 0.9118547464887041,
      "whitening_indicators": 2
    },
    "zca_whiten": {
      "name": "zca_whiten",
      "dim_original": 8415,
      "dim_whitened": 8415,
      "dist_from_I_original": 2788.955257594703,
      "dist_from_I_whitened": 254.69108725437476,
      "condition_original": 726441171877888.0,
      "condition_whitened": 1244651978752.0,
      "entropy_original": 4.272085666656494,
      "entropy_whitened": 8.201719284057617,
      "max_entropy_original": 8.956995311928852,
      "max_entropy_whitened": 8.977651407818442,
      "uniformity_original": 0.47695521967807286,
      "uniformity_whitened": 0.9135707003409508,
      "whitening_indicators": 3
    },
    "full_zca_whiten": {
      "name": "full_zca_whiten",
      "dim_original": 8415,
      "dim_whitened": 8415,
      "dist_from_I_original": 2788.955257594703,
      "dist_from_I_whitened": 51.32773483230401,
      "condition_original": 726441171877888.0,
      "condition_whitened": 339445324709888.0,
      "entropy_original": 4.272085666656494,
      "entropy_whitened": 8.799468994140625,
      "max_entropy_original": 8.956995311928852,
      "max_entropy_whitened": 8.987821625430815,
      "uniformity_original": 0.47695521967807286,
      "uniformity_whitened": 0.9790435726097132,
      "whitening_indicators": 3
    },
    "rayleigh_ritz": {
      "name": "rayleigh_ritz",
      "dim_original": 8415,
      "dim_whitened": 7777,
      "dist_from_I_original": 2788.955257594703,
      "dist_from_I_whitened": 56.826403899087474,
      "condition_original": 726441171877888.0,
      "condition_whitened": 55.17139434814453,
      "entropy_original": 4.272085666656494,
      "entropy_whitened": 8.77420711517334,
      "max_entropy_original": 8.956995311928852,
      "max_entropy_whitened": 8.958925938694943,
      "uniformity_original": 0.47695521967807286,
      "uniformity_whitened": 0.979381588285737,