{
  "dataset": "wikics",
  "k": 6,
  "split_type": "random",
  "component_type": "lcc",
  "num_seeds": 15,
  "num_splits": 5,
  "total_runs_per_method": 75,
  "metadata": {
    "d_effective": 300,
    "ortho_error": 8.586974464819264e-10,
    "num_components": 0,
    "num_nodes": 11311,
    "num_features": 300,
    "num_classes": 10
  },
  "experiments": {
    "sgc_mlp_baseline": {
      "test_acc_mean": 0.8227603340148926,
      "test_acc_std": 0.011120490771353613,
      "val_acc_mean": 0.8293251077334086,
      "val_acc_std": 0.00748554727938502,
      "per_run_test_acc": [
        0.8170570135116577,
        0.8121961951255798,
        0.8161731958389282,
        0.8183826804161072,
        0.8192664384841919,
        0.8135218620300293,
        0.814405620098114,
        0.8157312870025635,
        0.8121961951255798,
        0.8219177722930908,
        0.814405620098114,
        0.8126381039619446,
        0.8051259517669678,
        0.8179407715797424,
        0.8223596811294556,
        0.8241272568702698,
        0.8228015899658203,
        0.8250110149383545,
        0.8232434391975403,
        0.8276624083518982,
        0.8289880752563477,
        0.8157312870025635,
        0.8210340142250061,
        0.8272204995155334,
        0.826336681842804,
        0.823685348033905,
        0.8179407715797424,
        0.8219177722930908,
        0.8223596811294556,
        0.8228015899658203,
        0.8360583186149597,
        0.8320813179016113,
        0.8303137421607971,
        0.8400353193283081,
        0.8360583186149597,
        0.8298718333244324,
        0.8360583186149597,
        0.8338488340377808,
        0.8320813179016113,
        0.8413609862327576,
        0.8373839855194092,
        0.8365002274513245,
        0.8342907428741455,
        0.8307555913925171,
        0.8382677435874939,
        0.8099867105484009,
        0.804684042930603,
        0.8095448613166809,
        0.8033583760261536,
        0.8020327091217041,
        0.7936367392539978,
        0.8170570135116577,
        0.8099867105484009,
        0.8135218620300293,
        0.8161731958389282,
        0.7998232245445251,
        0.8135218620300293,
        0.8051259517669678,
        0.8033583760261536,
        0.8108705282211304,
        0.8316394090652466,
        0.8334069848060608,
        0.8289880752563477,
        0.8298718333244324,
        0.8378258943557739,
        0.8311975002288818,
        0.8338488340377808,
        0.8325231671333313,
        0.8373839855194092,
        0.8342907428741455,
        0.8325231671333313,
        0.8378258943557739,
        0.8272204995155334,
        0.8276624083518982,
        0.8289880752563477
      ],
      "n_runs": 75,
      "train_acc_mean": 0.8705550336837768,
      "train_acc_std": 0.011255262818128418,
      "num_params": 145418,
      "param_to_train_ratio": 21.42911877394636
    },
    "restricted_standard_mlp": {
      "test_acc_mean": 0.8006952253977457,
      "test_acc_std": 0.00926412566313281,
      "val_acc_mean": 0.8121544512112936,
      "val_acc_std": 0.007367572452677391,
      "per_run_test_acc": [
        0.7989394664764404,
        0.7993813157081604,
        0.8007069826126099,
        0.8038002252578735,
        0.7927529811859131,
        0.7931948304176331,
        0.7843570113182068,
        0.7918691635131836,
        0.7993813157081604,
        0.7927529811859131,
        0.8011488914489746,
        0.7989394664764404,
        0.7874502539634705,
        0.8024745583534241,
        0.7856826782226562,
        0.7958462238311768,
        0.7989394664764404,
        0.7923110723495483,
        0.7887759208679199,
        0.7993813157081604,
        0.7940786480903625,
        0.7883340716362,
        0.7931948304176331,
        0.7980556488037109,
        0.7940786480903625,
        0.7958462238311768,
        0.797613799571991,
        0.7914273142814636,
        0.7993813157081604,
        0.7918691635131836,
        0.8002651333808899,
        0.8020327091217041,
        0.8002651333808899,
        0.8060097098350525,
        0.814405620098114,
        0.8082191348075867,
        0.8095448613166809,
        0.807335376739502,
        0.8020327091217041,
        0.8148475289344788,
        0.8029164671897888,
        0.8055678009986877,
        0.8082191348075867,
        0.8055678009986877,
        0.8108705282211304,
        0.7971718907356262,
        0.7883340716362,
        0.7971718907356262,
        0.7945205569267273,
        0.786124587059021,
        0.8007069826126099,
        0.7883340716362,
        0.7905434966087341,
        0.7967299818992615,
        0.7909854054450989,
        0.7878921627998352,
        0.7914273142814636,
        0.7936367392539978,
        0.7945205569267273,
        0.7967299818992615,
        0.8130799531936646,
        0.8077772855758667,
        0.8117542862892151,
        0.816615104675293,
        0.816615104675293,
        0.8104286193847656,
        0.8148475289344788,
        0.8183826804161072,
        0.816615104675293,
        0.814405620098114,
        0.8210340142250061,
        0.8121961951255798,
        0.8152894377708435,
        0.8082191348075867,
        0.8099867105484009
      ],
      "n_runs": 75,
      "train_acc_mean": 0.9230493791898091,
      "train_acc_std": 0.03430678719039993,
      "num_params": 145418,
      "param_to_train_ratio": 21.42911877394636
    },
    "restricted_rownorm_mlp": {
      "test_acc_mean": 0.7994520394007365,
      "test_acc_std": 0.011544791372671242,
      "val_acc_mean": 0.810951980749766,
      "val_acc_std": 0.007694085392075115,
      "per_run_test_acc": [
        0.8064516186714172,
        0.7971718907356262,
        0.7984975576400757,
        0.7892178297042847,
        0.7945205569267273,
        0.7967299818992615,
        0.7874502539634705,
        0.7901016473770142,
        0.7896597385406494,
        0.7883340716362,
        0.786124587059021,
        0.7949624061584473,
        0.8011488914489746,
        0.7878921627998352,
        0.7931948304176331,
        0.7852408289909363,
        0.797613799571991,
        0.7914273142814636,
        0.7896597385406494,
        0.7993813157081604,
        0.7945205569267273,
        0.7887759208679199,
        0.8082191348075867,
        0.7874502539634705,
        0.7980556488037109,
        0.8029164671897888,
        0.7909854054450989,
        0.7870084047317505,
        0.7856826782226562,
        0.7914273142814636,
        0.8148475289344788,
        0.8011488914489746,
        0.816615104675293,
        0.8188245296478271,
        0.8183826804161072,
        0.8104286193847656,
        0.8091029524803162,
        0.8161731958389282,
        0.8157312870025635,
        0.8099867105484009,
        0.8148475289344788,
        0.8082191348075867,
        0.8135218620300293,
        0.804684042930603,
        0.8077772855758667,
        0.7892178297042847,
        0.7936367392539978,
        0.786124587059021,
        0.7865664958953857,
        0.7901016473770142,
        0.7825894951820374,
        0.7834732532501221,
        0.7852408289909363,
        0.7821475863456726,
        0.7936367392539978,
        0.795404314994812,
        0.7821475863456726,
        0.7817056775093079,
        0.7834732532501221,
        0.795404314994812,
        0.8091029524803162,
        0.8082191348075867,
        0.8113123774528503,
        0.8042421340942383,
        0.8228015899658203,
        0.8060097098350525,
        0.8152894377708435,
        0.8157312870025635,
        0.804684042930603,
        0.8121961951255798,
        0.8148475289344788,
        0.8157312870025635,
        0.8051259517669678,
        0.8148475289344788,
        0.8077772855758667
      ],
      "n_runs": 75,
      "train_acc_mean": 0.9787680149078369,
      "train_acc_std": 0.010388960100104955,
      "num_params": 144896,
      "param_to_train_ratio": 21.352195697023284
    }
  },
  "framework_analysis": {
    "sgc_mlp_acc_pct": 82.27603340148926,