{
  "dataset": "citeseer",
  "k": 20,
  "split_type": "fixed",
  "component_type": "lcc",
  "num_seeds": 15,
  "num_splits": 1,
  "total_runs_per_method": 15,
  "metadata": {
    "d_effective": 1246,
    "ortho_error": 1.9887091973203042e-10,
    "num_components": 0,
    "num_nodes": 2120,
    "num_features": 3703,
    "num_classes": 6
  },
  "experiments": {
    "sgc_mlp_baseline": {
      "test_acc_mean": 0.6913021802902222,
      "test_acc_std": 0.014671787133112008,
      "val_acc_mean": 0.7111788392066956,
      "val_acc_std": 0.011102835170645602,
      "per_run_test_acc": [
        0.7104072570800781,
        0.6847662329673767,
        0.6953243017196655,
        0.6938160061836243,
        0.7149321436882019,
        0.7088989615440369,
        0.6832579374313354,
        0.7013574838638306,
        0.6847662329673767,
        0.6847662329673767,
        0.6636500954627991,
        0.6892911195755005,
        0.6877828240394592,
        0.7028657793998718,
        0.6636500954627991
      ],
      "n_runs": 15,
      "train_acc_mean": 0.7775000095367431,
      "train_acc_std": 0.05972157016910922,
      "num_params": 1015558,
      "param_to_train_ratio": 12694.475
    },
    "restricted_standard_mlp": {
      "test_acc_mean": 0.3457013666629791,
      "test_acc_std": 0.010795294492922571,
      "val_acc_mean": 0.38008128801981605,
      "val_acc_std": 0.013889716528049574,
      "per_run_test_acc": [
        0.3484162986278534,
        0.34238311648368835,
        0.3438914120197296,
        0.34992459416389465,
        0.34238311648368835,
        0.3529411852359772,
        0.3438914120197296,
        0.3514328896999359,
        0.3152337968349457,
        0.34992459416389465,
        0.34992459416389465,
        0.36500754952430725,
        0.3303167521953583,
        0.34992459416389465,
        0.34992459416389465
      ],
      "n_runs": 15,
      "train_acc_mean": 1.0,
      "train_acc_std": 0.0,
      "num_params": 386566,
      "param_to_train_ratio": 4832.075
    },
    "restricted_rownorm_mlp": {
      "test_acc_mean": 0.2845651189486186,
      "test_acc_std": 0.025900950679123878,
      "val_acc_mean": 0.3054877897103628,
      "val_acc_std": 0.008989166728860395,
      "per_run_test_acc": [
        0.2579185664653778,
        0.2699849307537079,
        0.3001508414745331,
        0.28205129504203796,
        0.23529411852359772,
        0.24886877834796906,
        0.3031674325466156,
        0.2654600441455841,
        0.28657618165016174,
        0.26395174860954285,
        0.31674209237098694,
        0.3212669789791107,
        0.3107089102268219,
        0.3152337968349457,
        0.2911010682582855
      ],
      "n_runs": 15,
      "train_acc_mean": 0.9933333357175191,
      "train_acc_std": 0.01874536640699072,
      "num_params": 386048,
      "param_to_train_ratio": 4825.6
    }
  },
  "framework_analysis": {
    "sgc_mlp_acc_pct": 69.13021802902222,
    "restricted_std_acc_pct": 34.57013666629791,
    "restricted_rownorm_acc_pct": 28.45651189486186,
    "part_a_pp": 34.560081362724304,
    "part_b_pp": -6.113624771436054,
    "remaining_gap_pp": 40.673706134160355
  }
}