{
  "dataset": "citeseer",
  "k": 20,
  "split_type": "fixed",
  "component_type": "lcc",
  "num_seeds": 15,
  "num_splits": 1,
  "total_runs_per_method": 15,
  "metadata": {
    "d_effective": 1571,
    "ortho_error": 1.5564860511574352e-10,
    "num_components": 0,
    "num_nodes": 2120,
    "num_features": 3703,
    "num_classes": 6
  },
  "experiments": {
    "sgc_mlp_baseline": {
      "test_acc_mean": 0.6784313917160034,
      "test_acc_std": 0.01717250384870583,
      "val_acc_mean": 0.6928861578305562,
      "val_acc_std": 0.013746215553686943,
      "per_run_test_acc": [
        0.6711915731430054,
        0.6666666865348816,
        0.6606335043907166,
        0.6681749820709229,
        0.6998491883277893,
        0.7088989615440369,
        0.6440422534942627,
        0.6847662329673767,
        0.6907994151115417,
        0.6757164597511292,
        0.6877828240394592,
        0.7043740749359131,
        0.6666666865348816,
        0.6666666865348816,
        0.6802413463592529
      ],
      "n_runs": 15,
      "train_acc_mean": 0.80916668176651,
      "train_acc_std": 0.07698304093883543,
      "num_params": 1015558,
      "param_to_train_ratio": 12694.475
    },
    "restricted_standard_mlp": {
      "test_acc_mean": 0.2803418874740601,
      "test_acc_std": 0.040881463263022104,
      "val_acc_mean": 0.2939024309317271,
      "val_acc_std": 0.01197980076532218,
      "per_run_test_acc": [
        0.31674209237098694,
        0.30920061469078064,
        0.32428357005119324,
        0.23378582298755646,
        0.2850678861141205,
        0.23529411852359772,
        0.2322775274515152,
        0.2805429995059967,
        0.32730016112327576,
        0.33484163880348206,
        0.23378582298755646,
        0.23076923191547394,
        0.31674209237098694,
        0.2322775274515152,
        0.31221720576286316
      ],
      "n_runs": 15,
      "train_acc_mean": 0.7941666702429454,
      "train_acc_std": 0.25470025699419113,
      "num_params": 469766,
      "param_to_train_ratio": 5872.075
    },
    "restricted_rownorm_mlp": {
      "test_acc_mean": 0.2606334944566091,
      "test_acc_std": 0.018880428330173595,
      "val_acc_mean": 0.29308942159016926,
      "val_acc_std": 0.008685305003432222,
      "per_run_test_acc": [
        0.2699849307537079,
        0.23076923191547394,
        0.2730015218257904,
        0.27149322628974915,
        0.26395174860954285,
        0.2956259548664093,
        0.23680241405963898,
        0.2730015218257904,
        0.2684766352176666,
        0.23076923191547394,
        0.26395174860954285,
        0.2760181128978729,
        0.2579185664653778,
        0.26696833968162537,
        0.23076923191547394
      ],
      "n_runs": 15,
      "train_acc_mean": 0.837500003973643,
      "train_acc_std": 0.2536401652199554,
      "num_params": 469248,
      "param_to_train_ratio": 5865.6
    }
  },
  "framework_analysis": {
    "sgc_mlp_acc_pct": 67.84313917160034,
    "restricted_std_acc_pct": 28.03418874740601,
    "restricted_rownorm_acc_pct": 26.06334944566091,
    "part_a_pp": 39.808950424194336,
    "part_b_pp": -1.970839301745098,
    "remaining_gap_pp": 41.77978972593944
  }
}