{
  "dataset": "coauthor-cs",
  "split_type": "random",
  "component_type": "lcc",
  "k": 2,
  "d_effective": 6803,
  "ortho_error": 3.1008839940227517e-10,
  "analysis": {
    "condition_number_U": 35.555947133551804,
    "singular_values_U_top20": [
      0.6626794451376989,
      0.6549674588919087,
      0.6518428678484541,
      0.6512794872465345,
      0.6504894732147227,
      0.649660424194131,
      0.6483723679103741,
      0.6475589614522197,
      0.6456029676681244,
      0.6448474799139013,
      0.6439396515590945,
      0.6429871244214916,
      0.6415507670946241,
      0.6405845061151099,
      0.6391138386803856,
      0.6385328657583176,
      0.637867543000712,
      0.6359200165790249,
      0.6358866241067257,
      0.6353892656732028
    ],
    "singular_values_U_bottom5": [
      0.026609045392174523,
      0.025022742495009933,
      0.02449427054396499,
      0.02278882649711604,
      0.018637654135568563
    ],
    "explained_variance_U_pct_top20": [
      0.06544889674698925,
      0.1293833236763008,
      0.1927091938729134,
      0.2559256476712014,
      0.3189888290378983,
      0.38189136475577773,
      0.4445447189511216,
      0.5070409699810196,
      0.5691602432669599,
      0.6311342170621769,
      0.692933817445808,
      0.7545507228870094,
      0.8158926460257456,
      0.8770499300874905,
      0.9379267241286158,
      0.9986928909493012,
      1.0593324924726346,
      1.1196023716571157,
      1.179865921405887,
      1.240035237805366
    ],
    "condition_number_X": Infinity,
    "singular_values_X_top20": [
      219.43782497326214,
      128.9910395858088,
      92.71889312353373,
      68.87282711215002,
      61.09038324845347,
      51.18264357957691,
      46.61911231303324,
      41.0259934037223,
      37.32122548589619,
      35.44610846392247,
      33.07727657948052,
      30.689890701167645,
      27.894489940225235,
      27.229343644011898,
      24.574138423120367,
      23.261878238179477,
      22.880484958223352,
      22.394293144818768,
      21.995615574799388,
      20.666896007061652
    ],
    "explained_variance_X_pct_top20": [
      33.16156212995018,
      44.62014965457403,
      50.540514584315154,
      53.807203819388896,
      56.37734925898058,
      58.181436052640244,
      59.67815411609584,
      60.837278954638464,
      61.79651125041579,
      62.661776226264344,
      63.41525581130112,
      64.06389425359113,
      64.5997511813174,
      65.1103576899556,
      65.52623823178199,
      65.89888860183125,
      66.25941946720705,
      66.60479114340039,
      66.93797522344006,
      67.23212092677119
    ],
    "intra_class_mean_dist": 1.4125893876630553,
    "inter_class_centroid_dist": 0.09432143429945053,
    "spectral_separability": 0.06677201111888079,
    "variance_analysis": {
      "U_variance_mean": 8.965790361409852e-06,
      "U_variance_std": 2.018276153148669e-06,
      "U_variance_max": 2.499055777495801e-05,
      "U_variance_min": 1.9768593338071744e-06,
      "U_variance_ratio": 12.64153938828317,
      "X_variance_mean": 0.0014551077324819843,
      "X_variance_std": 0.004552660943169515,
      "X_variance_max": 0.08818800555800413,
      "X_variance_min": 4.454969274290636e-06,
      "X_variance_ratio": 19795.419526575017,
      "variance_ratio_reduction": 1565.902610319821
    },
    "eigenvalue_stats": {
      "min": 0.020162914777666397,
      "max": 1.3294304195220559,
      "mean": 0.6031746458628678,
      "std": 0.2914847070983094,
      "d_effective": 6803
    },
    "span_verification_error": 0.09669700697078877,
    "num_edges": 81894,
    "avg_degree": 8.93405334642448
  }
}