{
  "dataset": "coauthor-cs",
  "split_type": "random",
  "component_type": "lcc",
  "k": 20,
  "d_effective": 6210,
  "ortho_error": 3.7297853694440164e-10,
  "analysis": {
    "condition_number_U": 26084.53521158634,
    "singular_values_U_top20": [
      0.707106776025155,
      0.7071067756382371,
      0.7071067752851633,
      0.707106775051388,
      0.707106774438414,
      0.7071067741311965,
      0.7071067737373132,
      0.7071067733775195,
      0.7071067724982724,
      0.70710677173489,
      0.7071067707046216,
      0.7071067699008395,
      0.707106768667313,
      0.7071067673870104,
      0.707106766578466,
      0.7071067636434196,
      0.707106762270979,
      0.7071067612819701,
      0.7071067604799046,
      0.7071067560171079
    ],
    "singular_values_U_bottom5": [
      3.57330190759658e-05,
      3.529779321220841e-05,
      3.291769181283465e-05,
      3.055699149058905e-05,
      2.7108275853466977e-05
    ],
    "explained_variance_U_pct_top20": [
      0.07142091610435058,
      0.1428418321305403,
      0.21426274808540605,
      0.285683663993047,
      0.35710457977686183,
      0.428525495498616,
      0.4999464111408023,
      0.571367326710307,
      0.6427882421021961,
      0.7142091573398751,
      0.7856300723694307,
      0.8570509872366153,
      0.9284719018546167,
      0.9998928162139856,
      1.0713137304100213,
      1.1427346440131518,
      1.214155557339037,
      1.2855764704651338,
      1.356997383429206,
      1.428418295491754
    ],
    "condition_number_X": Infinity,
    "singular_values_X_top20": [
      204.56634457061014,
      72.84986007760887,
      39.367309745770456,
      22.838769263105977,
      17.730624203729406,
      16.775413664807793,
      14.725593960795852,
      10.893795766656124,
      9.543317678007602,
      8.324994961584983,
      7.921435445440615,
      6.861680632994287,
      6.75190106791417,
      6.264265679005747,
      5.823873855521995,
      5.684192126109797,
      5.438198338098319,
      5.236537331580167,
      5.048161377144465,
      4.87799990626284
    ],
    "explained_variance_X_pct_top20": [
      81.51931969270167,
      91.85763137079326,
      94.87663511596557,
      95.89273773553643,
      96.50514485012745,
      97.0533443735376,
      97.4757579028187,
      97.70693810284605,
      97.88435334931035,
      98.01936154582101,
      98.14159777719526,
      98.23331548203433,
      98.32212189274068,
      98.39856397603894,
      98.46463576964041,
      98.52757619513567,
      98.58518677715915,
      98.63860391142046,
      98.68824698206554,
      98.73459975848262
    ],
    "intra_class_mean_dist": 1.4124169241119577,
    "inter_class_centroid_dist": 0.09654227030633239,
    "spectral_separability": 0.06835253009095195,
    "variance_analysis": {
      "U_variance_mean": 1.0248069490100439e-05,
      "U_variance_std": 2.942029438314805e-06,
      "U_variance_max": 3.5060234347517635e-05,
      "U_variance_min": 1.5444503356683486e-07,
      "U_variance_ratio": 227.00637587009118,
      "X_variance_mean": 0.0002116488611598687,
      "X_variance_std": 0.001096049014929879,
      "X_variance_max": 0.02960701937157754,
      "X_variance_min": 8.451435508895643e-08,
      "X_variance_ratio": 350315.26922432904,
      "variance_ratio_reduction": 1543.1957269112222
    },
    "eigenvalue_stats": {
      "min": 0.01807072359266223,
      "max": 1.400928152811389,
      "mean": 0.5100471784045789,
      "std": 0.24081680040974762,
      "d_effective": 6210
    },
    "span_verification_error": 0.27292511357617344,
    "num_edges": 81894,
    "avg_degree": 8.93405334642448
  }
}