{
  "dataset": "cora",
  "k_diffusion": 16,
  "dimension": 1433,
  "num_random_subspaces": 3,
  "num_splits": 5,
  "num_seeds": 5,
  "total_runs_per_exp": 75,
  "avg_diffusion_time_seconds": 0.20929479598999023,
  "baseline_engineered": {
    "a_raw_std": {
      "mean": 0.697384910583496,
      "std": 0.01572463969121081
    },
    "b_restricted_std": {
      "mean": 0.5049723827838897,
      "std": 0.01794308731454283
    },
    "c_restricted_rownorm": {
      "mean": 0.7577164030075073,
      "std": 0.013463544984180429
    }
  },
  "random_no_diffusion": {
    "a_raw_std": {
      "mean": 0.19381215870380405,
      "std": 0.006427862590684954
    },
    "b_restricted_std": {
      "mean": 0.18843462526798252,
      "std": 0.015853518662832092
    },
    "c_restricted_rownorm": {
      "mean": 0.39491713285446167,
      "std": 0.014516644229458033
    }
  },
  "graph_diffused": {
    "a_raw_std": {
      "mean": 0.7457090377807617,
      "std": 0.005882128450795555
    },
    "b_restricted_std": {
      "mean": 0.6704235863685607,
      "std": 0.017563150191719844
    },
    "c_restricted_rownorm": {
      "mean": 0.8100920963287356,
      "std": 0.013445794887261555
    }
  },
  "comparisons": {
    "diffusion_improvement_raw": 55.18968790769576,
    "gap_to_engineered": -4.832412719726564,
    "rownorm_effect_diffused": 20.832875334340205,
    "rownorm_effect_random": 109.57779510683336
  }
}