{
  "fisher_score": 0.0025891916965271634,
  "mean_fisher_score": 0.0025891916965271634,
  "std_fisher_score": 0.0,
  "per_split": [
    {
      "split": 0,
      "fisher_score": 0.0025891916965271634,
      "fisher_score_U": 0.0025891916965271634,
      "between_class_variance": 0.0003231039124217116,
      "within_class_variance": 0.12478949042478589,
      "per_feature_U_stats": {
        "mean": 0.0003048530510979527,
        "std": 0.00042103700438377977,
        "max": 0.003547110838917136,
        "top5": [
          0.003547110838917136,
          0.003359689845687426,
          0.003114116113598897,
          0.0026830102555794348,
          0.0023401301463560334
        ]
      },
      "note": "Computed on training set only to prevent data leakage",
      "fisher_score_X_diffused": 0.006121682336577295,
      "between_class_variance_X": 0.00037299835796197976,
      "within_class_variance_X": 0.060930694775405074,
      "per_feature_X_stats": {
        "mean": 0.0008349578488775398,
        "std": 0.0020175136026195284,
        "max": 0.038921501724790156,
        "top5": [
          0.038921501724790156,
          0.011799422926403047,
          0.008100359575291307,
          0.007087495093405541,
          0.005423787584856151
        ],
        "n_cols_sampled": 500
      }
    }
  ],
  "note": "Fisher score computed on training set only (no leakage)"
}