{
  "dataset": "citeseer",
  "split_type": "fixed-splits",
  "num_seeds": 5,
  "num_splits": 1,
  "total_runs_per_model": 5,
  "k_eigenvectors": 12,
  "ncc_components": 438,
  "epochs": 100,
  "hidden_dim": 256,
  "batch_size": 120,
  "learning_rate": 0.01,
  "weight_decay": 0.0005,
  "models": {
    "standard_train_scaled": {
      "name": "Standard MLP (train-only scaled)",
      "test_accuracy": {
        "mean": 0.27460001707077025,
        "std": 0.0062160994174703665,
        "all": [
          0.2710000276565552,
          0.28200000524520874,
          0.2710000276565552,
          0.2670000195503235,
          0.28200000524520874
        ]
      },
      "convergence_metrics": {
        "speed_to_90": {
          "mean": 0.2,
          "std": 0.4000000000000001
        },
        "speed_to_95": {
          "mean": 0.2,
          "std": 0.4000000000000001
        },
        "speed_to_99": {
          "mean": 0.2,
          "std": 0.4000000000000001
        },
        "auc": {
          "mean": 0.2758340137153864,
          "std": 0.007155091945560725
        },
        "convergence_rate": {
          "mean": 0.0016800002753734587,
          "std": 0.0033978819605733324
        },
        "final_acc": {
          "mean": 0.26760001182556153,
          "std": 0.0076315075205294425
        }
      },
      "checkpoint_accuracies": {
        "10": {
          "mean": 0.2940000116825104,
          "std": 0.012198361812106893
        },
        "20": {
          "mean": 0.31840001940727236,
          "std": 0.039827636581187036
        },
        "40": {
          "mean": 0.29360000789165497,
          "std": 0.0402869705146468
        },
        "80": {
          "mean": 0.26720001697540285,
          "std": 0.006523804463745039
        }
      }
    },
    "standard_full_scaled": {
      "name": "Full-Data Scaled MLP",
      "test_accuracy": {
        "mean": 0.27720001339912415,
        "std": 0.00587877553517589,
        "all": [
          0.2770000100135803,
          0.2670000195503235,
          0.2800000011920929,
          0.2850000262260437,
          0.2770000100135803
        ]
      },
      "convergence_metrics": {
        "speed_to_90": {
          "mean": 4.6,
          "std": 3.878143885933063
        },
        "speed_to_95": {
          "mean": 10.0,
          "std": 4.9396356140913875
        },
        "speed_to_99": {
          "mean": 14.4,
          "std": 3.3823069050575527
        },
        "auc": {
          "mean": 0.3010440141111612,
          "std": 0.004896136297428342
        },
        "convergence_rate": {
          "mean": 0.004000000208616256,
          "std": 0.0023332386896887736
        },
        "final_acc": {
          "mean": 0.29960001111030576,
          "std": 0.010537556283607755
        }
      },
      "checkpoint_accuracies": {
        "10": {
          "mean": 0.27920001745224,
          "std": 0.006013317257227351
        },
        "20": {
          "mean": 0.3132000148296356,
          "std": 0.035521267245838394
        },
        "40": {
          "mean": 0.31440001130104067,
          "std": 0.030812984432722717
        },
        "80": {
          "mean": 0.3012000143527985,
          "std": 0.01114271715548479
        }
      }
    },
    "standard_no_scale": {
      "name": "No-Scaling MLP",
      "test_accuracy": {
        "mean": 0.1406000077724457,
        "std": 0.04062807008569255,
        "all": [
          0.14300000667572021,
          0.14900000393390656,
          0.07700000703334808,
          0.1300000101327896,
          0.20400001108646393
        ]
      },
      "convergence_metrics": {
        "speed_to_90": {
          "mean": 1.0,
          "std": 1.2649110640673518
        },
        "speed_to_95": {
          "mean": 1.0,
          "std": 1.2649110640673518
        },
        "speed_to_99": {
          "mean": 6.6,
          "std": 12.224565431948898
        },
        "auc": {
          "mean": 0.1546120069809258,
          "std": 0.02463383280182942
        },
        "convergence_rate": {
          "mean": 0.002960000112652779,
          "std": 0.0035981108416788614
        },
        "final_acc": {
          "mean": 0.13840000703930855,
          "std": 0.05909179689142148
        }
      },
      "checkpoint_accuracies": {
        "10": {
          "mean": 0.17720000743865966,
          "std": 0.03527265226471462
        },
        "20": {
          "mean": 0.20000000894069672,
          "std": 0.010198042159954101
        },
        "40": {
          "mean": 0.15040000677108764,
          "std": 0.06980430073932913
        },
        "80": {
          "mean": 0.13320000544190408,
          "std": 0.03862848818364244
        }
      }
    },
    "standard_weighted": {
      "name": "Eigenvalue-Weighted MLP",
      "test_accuracy": {
        "mean": 0.21340001225471497,
        "std": 0.0037735893594920055,
        "all": [
          0.2160000056028366,
          0.2070000171661377,
          0.21800000965595245,
          0.2120000123977661,
          0.21400001645088196
        ]
      },
      "convergence_metrics": {
        "speed_to_90": {
          "mean": 2.4,
          "std": 3.0066592756745814
        },
        "speed_to_95": {
          "mean": 2.6,
          "std": 3.32264954516723
        },
        "speed_to_99": {
          "mean": 4.4,
          "std": 3.6660605559646724
        },
        "auc": {
          "mean": 0.20689000986889003,
          "std": 0.0019028294998373863
        },
        "convergence_rate": {
          "mean": 0.002600000165402889,
          "std": 0.00548744034991616
        },
        "final_acc": {
          "mean": 0.22480000853538512,
          "std": 0.00574107921383897
        }
      },
      "checkpoint_accuracies": {
        "10": {
          "mean": 0.19080000817775727,
          "std": 0.0488688085623742
        },
        "20": {
          "mean": 0.22840000987052916,
          "std": 0.06260223389423948
        },
        "40": {
          "mean": 0.20240000784397125,
          "std": 0.0097488475001039
        },
        "80": {
          "mean": 0.22160001397132872,
          "std": 0.0062482017188349795
        }
      }
    },
    "rownorm": {
      "name": "Row-Normalized MLP",
      "test_accuracy": {
        "mean": 0.34660001993179324,
        "std": 0.004841486352440603,
        "all": [
          0.3410000205039978,
          0.34800001978874207,
          0.35500001907348633,
          0.34300002455711365,
          0.3460000157356262
        ]
      },
      "convergence_metrics": {
        "speed_to_90": {
          "mean": 5.8,
          "std": 1.6000000000000003
        },
        "speed_to_95": {
          "mean": 6.8,
          "std": 1.9390719429665317
        },
        "speed_to_99": {
          "mean": 9.2,
          "std": 3.059411708155671
        },
        "auc": {
          "mean": 0.3496300149261951,
          "std": 0.003272704763732877
        },
        "convergence_rate": {
          "mean": 0.006520000398159027,
          "std": 0.0009785701335535784
        },
        "final_acc": {
          "mean": 0.35440000891685486,
          "std": 0.004799999296668661
        }
      },
      "checkpoint_accuracies": {
        "10": {
          "mean": 0.34680001735687255,
          "std": 0.010166615036591092
        },
        "20": {
          "mean": 0.36840001344680784,
          "std": 0.007631515955687103
        },
        "40": {
          "mean": 0.3568000137805939,
          "std": 0.007959894062280468
        },
        "80": {
          "mean": 0.3544000148773193,
          "std": 0.004963866549656139
        }
      }
    },
    "cosine": {
      "name": "Cosine Classifier MLP",
      "test_accuracy": {
        "mean": 0.3576000154018402,
        "std": 0.00688766540910865,
        "all": [
          0.3700000047683716,
          0.3530000150203705,
          0.359000027179718,
          0.3500000238418579,
          0.35600000619888306
        ]
      },