{
  "fisher_score": 0.007049015318051109,
  "mean_fisher_score": 0.008620664294022699,
  "std_fisher_score": 0.0013565706703577082,
  "per_split": [
    {
      "split": 0,
      "fisher_score": 0.007049015318051109,
      "fisher_score_U": 0.007049015318051109,
      "between_class_variance": 0.002046267907899172,
      "within_class_variance": 0.2902913124133937,
      "per_feature_U_stats": {
        "mean": 0.0009351165286608403,
        "std": 0.0021081868206951804,
        "max": 0.05239164482869783,
        "top5": [
          0.05239164482869783,
          0.025373342652144304,
          0.022188575489038832,
          0.019028110671542985,
          0.013664902041397321
        ]
      },
      "note": "Computed on training set only to prevent data leakage",
      "fisher_score_X_diffused": 0.006338566395529047,
      "between_class_variance_X": 0.0018580099662483366,
      "within_class_variance_X": 0.2931277910978257,
      "per_feature_X_stats": {
        "mean": 0.003888087826813692,
        "std": 0.01355872775668967,
        "max": 0.2535629370769237,
        "top5": [
          0.2535629370769237,
          0.08964318997506182,
          0.06895170920249123,
          0.06879090187008781,
          0.05309242351621963
        ],
        "n_cols_sampled": 500
      }
    },
    {
      "split": 1,
      "fisher_score": 0.009071581241886778,
      "fisher_score_U": 0.009071581241886778,
      "between_class_variance": 0.0026551056490676595,
      "within_class_variance": 0.29268388589280053,
      "per_feature_U_stats": {
        "mean": 0.0009391683788219063,
        "std": 0.002063264748506854,
        "max": 0.0496441926196461,
        "top5": [
          0.0496441926196461,
          0.021578443147901905,
          0.018253427973505588,
          0.017705462965713722,
          0.015464072229103915
        ]
      },
      "note": "Computed on training set only to prevent data leakage",
      "fisher_score_X_diffused": 0.008227513205935651,
      "between_class_variance_X": 0.002267169236282951,
      "within_class_variance_X": 0.27555947702974526,
      "per_feature_X_stats": {
        "mean": 0.0037632052976825513,
        "std": 0.013119613820068326,
        "max": 0.24501702343173984,
        "top5": [
          0.24501702343173984,
          0.08866320969464427,
          0.0676715155121063,
          0.066124829818036,
          0.052272256421964404
        ],
        "n_cols_sampled": 500
      }
    },
    {
      "split": 2,
      "fisher_score": 0.007761582798479849,
      "fisher_score_U": 0.007761582798479849,
      "between_class_variance": 0.0022770004641924782,
      "within_class_variance": 0.29336805691726203,
      "per_feature_U_stats": {
        "mean": 0.0009498867692895182,
        "std": 0.0022230628296885458,
        "max": 0.057114343029388136,
        "top5": [
          0.057114343029388136,
          0.024305132207376852,
          0.02026988768126601,
          0.01872951026947795,
          0.015992556280831224
        ]
      },
      "note": "Computed on training set only to prevent data leakage",
      "fisher_score_X_diffused": 0.01589945670036561,
      "between_class_variance_X": 0.00437475017299809,
      "within_class_variance_X": 0.27515092216311343,
      "per_feature_X_stats": {
        "mean": 0.003928755751806268,
        "std": 0.013767211345426324,
        "max": 0.2575028432150699,
        "top5": [
          0.2575028432150699,
          0.09509309961429079,
          0.07150369795497033,
          0.0608271369671432,
          0.054513511777646434
        ],
        "n_cols_sampled": 500
      }
    },
    {
      "split": 3,
      "fisher_score": 0.010994435483931721,
      "fisher_score_U": 0.010994435483931721,
      "between_class_variance": 0.0032192027913570944,
      "within_class_variance": 0.29280291799082664,
      "per_feature_U_stats": {
        "mean": 0.0009483997009824551,
        "std": 0.002148116894240204,
        "max": 0.055559078712836094,
        "top5": [
          0.055559078712836094,
          0.022918188443779533,
          0.02065292248103202,
          0.01776116185329912,
          0.017440030833813236
        ]
      },
      "note": "Computed on training set only to prevent data leakage",
      "fisher_score_X_diffused": 0.006553720062247813,
      "between_class_variance_X": 0.0018439658023859196,
      "within_class_variance_X": 0.2813616976117029,
      "per_feature_X_stats": {
        "mean": 0.003902366884764825,
        "std": 0.013741786338546788,
        "max": 0.2564371529964373,
        "top5": [
          0.2564371529964373,
          0.09890876448070417,
          0.06816476827624934,
          0.06696900183244155,
          0.053503903891004
        ],
        "n_cols_sampled": 500
      }
    },
    {
      "split": 4,
      "fisher_score": 0.008226706627764037,
      "fisher_score_U": 0.008226706627764037,
      "between_class_variance": 0.0024024617318967613,
      "within_class_variance": 0.29203201725813016,
      "per_feature_U_stats": {
        "mean": 0.0009479564303995114,
        "std": 0.002152657261836457,
        "max": 0.05483148962197776,
        "top5": [
          0.05483148962197776,
          0.022870157908884796,
          0.017883884384860053,
          0.017371616599761934,
          0.01563074366815256
        ]
      },
      "note": "Computed on training set only to prevent data leakage",
      "fisher_score_X_diffused": 0.008881235579008656,
      "between_class_variance_X": 0.0023667877558863184,
      "within_class_variance_X": 0.26649307236938585,
      "per_feature_X_stats": {
        "mean": 0.00384166692160431,
        "std": 0.013496646363024643,
        "max": 0.25427198439329923,
        "top5": [
          0.25427198439329923,
          0.08924559870740996,
          0.06745687959983435,
          0.059945319360212024,
          0.04910707353641352
        ],
        "n_cols_sampled": 500
      }
    }
  ],
  "note": "Fisher score computed on training set only (no leakage)"
}