{
  "fisher_score": 0.0009893524189144639,
  "mean_fisher_score": 0.0009063904291126239,
  "std_fisher_score": 0.0003435688096749214,
  "per_split": [
    {
      "split": 0,
      "fisher_score": 0.0009893524189144639,
      "fisher_score_U": 0.0009893524189144639,
      "between_class_variance": 0.00011099896729059481,
      "within_class_variance": 0.11219355728910531,
      "per_feature_U_stats": {
        "mean": 0.00040118104761036955,
        "std": 0.000456158907739254,
        "max": 0.00853714490650965,
        "top5": [
          0.00853714490650965,
          0.003949679064161551,
          0.003426804132064109,
          0.0033488242701950693,
          0.0030112803787678403
        ]
      },
      "note": "Computed on training set only to prevent data leakage",
      "fisher_score_X_diffused": 0.006338566395529047,
      "between_class_variance_X": 0.0018580099662483366,
      "within_class_variance_X": 0.2931277910978257,
      "per_feature_X_stats": {
        "mean": 0.003888087826813692,
        "std": 0.01355872775668967,
        "max": 0.2535629370769237,
        "top5": [
          0.2535629370769237,
          0.08964318997506182,
          0.06895170920249123,
          0.06879090187008781,
          0.05309242351621963
        ],
        "n_cols_sampled": 500
      }
    },
    {
      "split": 1,
      "fisher_score": 0.0008581530528060757,
      "fisher_score_U": 0.0008581530528060757,
      "between_class_variance": 9.6093542285294e-05,
      "within_class_variance": 0.11197716068372374,
      "per_feature_U_stats": {
        "mean": 0.0004010839282798519,
        "std": 0.00046494751018895495,
        "max": 0.008089451429601704,
        "top5": [
          0.008089451429601704,
          0.004516154472369061,
          0.004479053473498231,
          0.0031618498320279444,
          0.0028188973630348616
        ]
      },
      "note": "Computed on training set only to prevent data leakage",
      "fisher_score_X_diffused": 0.008227513205935651,
      "between_class_variance_X": 0.002267169236282951,
      "within_class_variance_X": 0.27555947702974526,
      "per_feature_X_stats": {
        "mean": 0.0037632052976825513,
        "std": 0.013119613820068326,
        "max": 0.24501702343173984,
        "top5": [
          0.24501702343173984,
          0.08866320969464427,
          0.0676715155121063,
          0.066124829818036,
          0.052272256421964404
        ],
        "n_cols_sampled": 500
      }
    },
    {
      "split": 2,
      "fisher_score": 0.0004758847311478656,
      "fisher_score_U": 0.0004758847311478656,
      "between_class_variance": 5.377875391767948e-05,
      "within_class_variance": 0.11300794162477446,
      "per_feature_U_stats": {
        "mean": 0.00040037886323433135,
        "std": 0.0004789384183390442,
        "max": 0.00930670194430914,
        "top5": [
          0.00930670194430914,
          0.005045034337554124,
          0.004064238312823055,
          0.0038464556744391074,
          0.0029162552924363915
        ]
      },
      "note": "Computed on training set only to prevent data leakage",
      "fisher_score_X_diffused": 0.01589945670036561,
      "between_class_variance_X": 0.00437475017299809,
      "within_class_variance_X": 0.27515092216311343,
      "per_feature_X_stats": {
        "mean": 0.003928755751806268,
        "std": 0.013767211345426324,
        "max": 0.2575028432150699,
        "top5": [
          0.2575028432150699,
          0.09509309961429079,
          0.07150369795497033,
          0.0608271369671432,
          0.054513511777646434
        ],
        "n_cols_sampled": 500
      }
    },
    {
      "split": 3,
      "fisher_score": 0.0015026097358687976,
      "fisher_score_U": 0.0015026097358687976,
      "between_class_variance": 0.0001744256405717336,
      "within_class_variance": 0.1160817984923291,
      "per_feature_U_stats": {
        "mean": 0.00040524390121026945,
        "std": 0.00046971357755458344,
        "max": 0.00905327380531264,
        "top5": [
          0.00905327380531264,
          0.00475714538106199,
          0.003547531181737064,
          0.003309456203701281,
          0.0027892864241071897
        ]
      },
      "note": "Computed on training set only to prevent data leakage",
      "fisher_score_X_diffused": 0.006553720062247813,
      "between_class_variance_X": 0.0018439658023859196,
      "within_class_variance_X": 0.2813616976117029,
      "per_feature_X_stats": {
        "mean": 0.003902366884764825,
        "std": 0.013741786338546788,
        "max": 0.2564371529964373,
        "top5": [
          0.2564371529964373,
          0.09890876448070417,
          0.06816476827624934,
          0.06696900183244155,
          0.053503903891004
        ],
        "n_cols_sampled": 500
      }
    },
    {
      "split": 4,
      "fisher_score": 0.0007059522068259163,
      "fisher_score_U": 0.0007059522068259163,
      "between_class_variance": 7.907152302706597e-05,
      "within_class_variance": 0.11200690678847122,
      "per_feature_U_stats": {
        "mean": 0.00040145668267694315,
        "std": 0.00047759396717668337,
        "max": 0.008934714188259946,
        "top5": [
          0.008934714188259946,
          0.004747175659471795,
          0.00456166465494627,
          0.00346245699955528,
          0.0027146221636050742
        ]
      },
      "note": "Computed on training set only to prevent data leakage",
      "fisher_score_X_diffused": 0.008881235579008656,
      "between_class_variance_X": 0.0023667877558863184,
      "within_class_variance_X": 0.26649307236938585,
      "per_feature_X_stats": {
        "mean": 0.00384166692160431,
        "std": 0.013496646363024643,
        "max": 0.25427198439329923,
        "top5": [
          0.25427198439329923,
          0.08924559870740996,
          0.06745687959983435,
          0.059945319360212024,
          0.04910707353641352
        ],
        "n_cols_sampled": 500
      }
    }
  ],
  "note": "Fisher score computed on training set only (no leakage)"
}