{
  "dataset": "wikics",
  "k_diffusion": 4,
  "num_splits": 5,
  "num_seeds": 5,
  "total_runs": 25,
  "precompute_time": 0.4736442565917969,
  "metadata": {
    "k_full": 300,
    "k_nclasses": 10,
    "k_2nclasses": 20
  },
  "results": {
    "sgc_baseline": {
      "test_acc_mean": 0.6939427447319031,
      "test_acc_std": 0.008851452456011509,
      "val_acc_mean": 0.6889230871200561,
      "val_acc_std": 0.0072874634050023495,
      "train_time_mean": 0.12480073928833008,
      "train_time_std": 0.01592317907292346
    },
    "full_logistic": {
      "test_acc_mean": 0.7042460227012635,
      "test_acc_std": 0.011649630038641744,
      "val_acc_mean": 0.7035042881965637,
      "val_acc_std": 0.010576903801221086,
      "train_time_mean": 0.14875588417053223,
      "train_time_std": 0.009414576742687907
    },
    "full_mlp": {
      "test_acc_mean": 0.7845194149017334,
      "test_acc_std": 0.00500947213112545,
      "val_acc_mean": 0.7923247957229614,
      "val_acc_std": 0.008634999929594966,
      "train_time_mean": 0.34113171577453616,
      "train_time_std": 0.057755333499422405
    },
    "nclasses_logistic": {
      "test_acc_mean": 0.33230242371559143,
      "test_acc_std": 0.006361124607925875,
      "val_acc_mean": 0.3279316282272339,
      "val_acc_std": 0.007596630968024489,
      "train_time_mean": 0.13090071678161622,
      "train_time_std": 0.022150101809618565
    },
    "nclasses_mlp": {
      "test_acc_mean": 0.6067663216590882,
      "test_acc_std": 0.006601175631951306,
      "val_acc_mean": 0.6090940117835999,
      "val_acc_std": 0.00891721910605116,
      "train_time_mean": 0.35061408042907716,
      "train_time_std": 0.06037732226977657
    },
    "2nclasses_logistic": {
      "test_acc_mean": 0.39077316045761107,
      "test_acc_std": 0.004552896323912251,
      "val_acc_mean": 0.38847862839698794,
      "val_acc_std": 0.011044824417381202,
      "train_time_mean": 0.2053329849243164,
      "train_time_std": 0.1302643248586517
    },
    "2nclasses_mlp": {
      "test_acc_mean": 0.7105851984024047,
      "test_acc_std": 0.007911834307507077,
      "val_acc_mean": 0.7123077034950256,
      "val_acc_std": 0.00619525516550719,
      "train_time_mean": 0.3739301109313965,
      "train_time_std": 0.03267565160710476
    }
  },
  "improvements": {
    "full_logistic": 1.030327796936037,
    "full_mlp": 9.057667016983029,
    "nclasses_logistic": -36.164032101631165,
    "nclasses_mlp": -8.717642307281492,
    "2nclasses_logistic": -30.316958427429203,
    "2nclasses_mlp": 1.6642453670501656
  }
}