{
  "dataset": "coauthor-physics",
  "split_type": "fixed_splits",
  "num_seeds": 5,
  "num_splits": 1,
  "total_runs_per_model": 5,
  "d_raw": 8415,
  "d_effective": 7701,
  "rank_deficiency": true,
  "orthonormality_error": 7.614105379527558e-08,
  "epochs": 200,
  "hidden_dim": 256,
  "batch_size": 128,
  "learning_rate": 0.01,
  "weight_decay": 0.0005,
  "models": {
    "standard_X_scaled": {
      "name": "(a) Standard MLP on X (scaled)",
      "test_accuracy": {
        "mean": 0.9325506925582886,
        "std": 0.0017162775732840411,
        "min": 0.9304347634315491,
        "max": 0.9346376657485962
      },
      "convergence_metrics": {
        "speed_to_90": {
          "mean": 0.0,
          "std": 0.0
        },
        "speed_to_95": {
          "mean": 0.0,
          "std": 0.0
        },
        "speed_to_99": {
          "mean": 0.6,
          "std": 1.2
        },
        "auc": {
          "mean": 0.9933817364549723,
          "std": 0.002047373372641748
        },
        "convergence_rate": {
          "mean": -7.538378238677979e-05,
          "std": 0.00031517463531124517
        },
        "final_acc": {
          "mean": 0.9343287944793701,
          "std": 0.0019384695839665732
        }
      },
      "checkpoint_accuracies": {
        "10": {
          "mean": 0.9316903471946716,
          "std": 0.0018046185686633853
        },
        "20": {
          "mean": 0.9313424110412598,
          "std": 0.002700642471790923
        },
        "40": {
          "mean": 0.9336909174919128,
          "std": 0.0023884346288430645
        },
        "80": {
          "mean": 0.9304436087608338,
          "std": 0.0028101620090836537
        },
        "160": {
          "mean": 0.9344157695770263,
          "std": 0.004279520222283684
        },
        "200": {
          "mean": 0.9343287944793701,
          "std": 0.0019384695839665732
        }
      }
    },
    "standard_V_scaled": {
      "name": "(b) Standard MLP on V (scaled)",
      "test_accuracy": {
        "mean": 0.7704927206039429,
        "std": 0.009361752458404291,
        "min": 0.7569564580917358,
        "max": 0.7862318754196167
      },
      "convergence_metrics": {
        "speed_to_90": {
          "mean": 0.2,
          "std": 0.4000000000000001
        },
        "speed_to_95": {
          "mean": 2.8,
          "std": 1.16619037896906
        },
        "speed_to_99": {
          "mean": 12.2,
          "std": 3.3105890714493698
        },
        "auc": {
          "mean": 0.9929619654011036,
          "std": 0.010494450479562215
        },
        "convergence_rate": {
          "mean": 0.0034647715091705327,
          "std": 0.0005572942935850245
        },
        "final_acc": {
          "mean": 0.7679617285728455,
          "std": 0.009551999418722196
        }
      },
      "checkpoint_accuracies": {
        "10": {
          "mean": 0.7543345928192139,
          "std": 0.005216968841659085
        },
        "20": {
          "mean": 0.7634966611862183,
          "std": 0.007121303712210848
        },
        "40": {
          "mean": 0.766454029083252,
          "std": 0.005163040392916293
        },
        "80": {
          "mean": 0.7693824291229248,
          "std": 0.0031097747586590844
        },
        "160": {
          "mean": 0.7661930918693542,
          "std": 0.0066555984949946915
        },
        "200": {
          "mean": 0.7679617285728455,
          "std": 0.009551999418722196
        }
      }
    },
    "rownorm_V": {
      "name": "(c) RowNorm MLP on V (unscaled)",
      "test_accuracy": {
        "mean": 0.7893912672996521,
        "std": 0.003455736992511775,
        "min": 0.7868115305900574,
        "max": 0.7959420084953308
      },
      "convergence_metrics": {
        "speed_to_90": {
          "mean": 0.0,
          "std": 0.0
        },
        "speed_to_95": {
          "mean": 0.0,
          "std": 0.0
        },
        "speed_to_99": {
          "mean": 3.0,
          "std": 1.2649110640673518
        },
        "auc": {
          "mean": 0.9954905099056888,
          "std": 0.0014589905900298959
        },
        "convergence_rate": {
          "mean": 0.0017265874147415164,
          "std": 0.00018021652943360977
        },
        "final_acc": {
          "mean": 0.7857059955596923,
          "std": 0.0015325676630245462
        }
      },
      "checkpoint_accuracies": {
        "10": {
          "mean": 0.7873586416244507,
          "std": 0.005572115884549641
        },
        "20": {
          "mean": 0.7855610251426697,
          "std": 0.0031219244204492244
        },
        "40": {
          "mean": 0.7870107293128967,
          "std": 0.0031845820737178305
        },
        "80": {
          "mean": 0.7839083790779113,
          "std": 0.0033745274555601105
        },
        "160": {
          "mean": 0.7884314298629761,
          "std": 0.0022206427818618536
        },
        "200": {
          "mean": 0.7857059955596923,
          "std": 0.0015325676630245462
        }
      }
    }
  }
}