{
  "dataset": "citeseer",
  "split_type": "random-splits",
  "num_seeds": 5,
  "num_splits": 3,
  "total_runs_per_model": 15,
  "k_eigenvectors": 12,
  "ncc_components": 438,
  "epochs": 100,
  "hidden_dim": 256,
  "batch_size": 128,
  "learning_rate": 0.01,
  "weight_decay": 0.0005,
  "models": {
    "standard_train_scaled": {
      "name": "Standard MLP (train-only scaled)",
      "test_accuracy": {
        "mean": 0.5044044017791748,
        "std": 0.007526830827813691,
        "all": [
          0.49399399757385254,
          0.4954954981803894,
          0.4924924969673157,
          0.49849849939346313,
          0.4954954981803894,
          0.5090090036392212,
          0.5030030012130737,
          0.5075075030326843,
          0.5105105042457581,
          0.5075075030326843,
          0.5105105042457581,
          0.5120120048522949,
          0.5105105042457581,
          0.5180180072784424,
          0.5015015006065369
        ]
      },
      "convergence_metrics": {
        "speed_to_90": {
          "mean": 6.533333333333333,
          "std": 1.9955506062794353
        },
        "speed_to_95": {
          "mean": 15.4,
          "std": 4.827697864061779
        },
        "speed_to_99": {
          "mean": 39.86666666666667,
          "std": 11.757928766959292
        },
        "auc": {
          "mean": 0.475140354981025,
          "std": 0.007658548074695821
        },
        "convergence_rate": {
          "mean": 0.005799498558044433,
          "std": 0.0014840478332782906
        },
        "final_acc": {
          "mean": 0.4985463619232178,
          "std": 0.010545869676525994
        }
      },
      "checkpoint_accuracies": {
        "10": {
          "mean": 0.4506265699863434,
          "std": 0.017300132095338264
        },
        "20": {
          "mean": 0.4658646603425344,
          "std": 0.010678459347989971
        },
        "40": {
          "mean": 0.48150376280148827,
          "std": 0.008633197733878545
        },
        "80": {
          "mean": 0.49674185713132224,
          "std": 0.0101049445695547
        }
      }
    },
    "standard_full_scaled": {
      "name": "Full-Data Scaled MLP",
      "test_accuracy": {
        "mean": 0.5032032012939454,
        "std": 0.008111192194331963,
        "all": [
          0.49699699878692627,
          0.48948949575424194,
          0.5015015006065369,
          0.49399399757385254,
          0.49699699878692627,
          0.5105105042457581,
          0.49849849939346313,
          0.4924924969673157,
          0.5060060024261475,
          0.5015015006065369,
          0.5165165066719055,
          0.5075075030326843,
          0.5120120048522949,
          0.5105105042457581,
          0.5135135054588318
        ]
      },
      "convergence_metrics": {
        "speed_to_90": {
          "mean": 7.866666666666666,
          "std": 3.667272677193351
        },
        "speed_to_95": {
          "mean": 17.6,
          "std": 6.993330155703123
        },
        "speed_to_99": {
          "mean": 38.13333333333333,
          "std": 11.820133482983834
        },
        "auc": {
          "mean": 0.475097749153773,
          "std": 0.007638331596117499
        },
        "convergence_rate": {
          "mean": 0.005684210658073426,
          "std": 0.001094684459192543
        },
        "final_acc": {
          "mean": 0.49914788007736205,
          "std": 0.012610874960600952
        }
      },
      "checkpoint_accuracies": {
        "10": {
          "mean": 0.447318301598231,
          "std": 0.010925017095634239
        },
        "20": {
          "mean": 0.4636591553688049,
          "std": 0.01809239195821887
        },
        "40": {
          "mean": 0.4864160438378652,
          "std": 0.011318116434545486
        },
        "80": {
          "mean": 0.496641610066096,
          "std": 0.01041062755899413
        }
      }
    },
    "standard_no_scale": {
      "name": "No-Scaling MLP",
      "test_accuracy": {
        "mean": 0.20570570727189383,
        "std": 0.007457292058190347,
        "all": [
          0.2012012004852295,
          0.2012012004852295,
          0.2012012004852295,
          0.2012012004852295,
          0.2012012004852295,
          0.19969969987869263,
          0.19969969987869263,
          0.19969969987869263,
          0.19969969987869263,
          0.19969969987869263,
          0.21621622145175934,
          0.21621622145175934,
          0.21621622145175934,
          0.21621622145175934,
          0.21621622145175934
        ]
      },
      "convergence_metrics": {
        "speed_to_90": {
          "mean": 0.0,
          "std": 0.0
        },
        "speed_to_95": {
          "mean": 0.0,
          "std": 0.0
        },
        "speed_to_99": {
          "mean": 0.3333333333333333,
          "std": 0.5962847939999439
        },
        "auc": {
          "mean": 0.2118300762424866,
          "std": 0.0019023690192045055
        },
        "convergence_rate": {
          "mean": 0.00011528824766476947,
          "std": 0.00018994787257282437
        },
        "final_acc": {
          "mean": 0.21403508881727853,
          "std": 0.0018755132530767998
        }
      },
      "checkpoint_accuracies": {
        "10": {
          "mean": 0.21403508881727853,
          "std": 0.0018755132530767998
        },
        "20": {
          "mean": 0.21403508881727853,
          "std": 0.0018755132530767998
        },
        "40": {
          "mean": 0.21403508881727853,
          "std": 0.0018755132530767998
        },
        "80": {
          "mean": 0.21403508881727853,
          "std": 0.0018755132530767998
        }
      }
    },
    "standard_weighted": {
      "name": "Eigenvalue-Weighted MLP",
      "test_accuracy": {
        "mean": 0.29959960480531056,
        "std": 0.10280168655671018,
        "all": [
          0.2012012004852295,
          0.2012012004852295,
          0.23573574423789978,
          0.2012012004852295,
          0.42042043805122375,
          0.19969969987869263,
          0.19969969987869263,
          0.4279279410839081,
          0.19969969987869263,
          0.44744744896888733,
          0.2267267256975174,
          0.3498498499393463,
          0.32282283902168274,
          0.4354354441165924,
          0.42492493987083435
        ]
      },
      "convergence_metrics": {
        "speed_to_90": {
          "mean": 25.533333333333335,
          "std": 24.529891062855448
        },
        "speed_to_95": {
          "mean": 28.333333333333332,
          "std": 27.064531935521977
        },
        "speed_to_99": {
          "mean": 39.266666666666666,
          "std": 32.40260620519419
        },
        "auc": {
          "mean": 0.27259699363013107,
          "std": 0.06674792264019652
        },
        "convergence_rate": {
          "mean": 0.0010927317539850868,
          "std": 0.0017737279909971681
        },
        "final_acc": {
          "mean": 0.31208020051320395,
          "std": 0.09604439212527709
        }
      },
      "checkpoint_accuracies": {
        "10": {
          "mean": 0.22015037635962167,
          "std": 0.017663466118485693
        },
        "20": {
          "mean": 0.2311779449383418,
          "std": 0.03654461845586812
        },
        "40": {
          "mean": 0.2663659155368805,
          "std": 0.07654882410381182
        },
        "80": {
          "mean": 0.30897243519624074,
          "std": 0.0935524799460541
        }
      }
    },
    "rownorm": {
      "name": "Row-Normalized MLP",
      "test_accuracy": {
        "mean": 0.5660660862922668,
        "std": 0.013859428086536793,