{
  "fisher_score": 0.15511772840733162,
  "mean_fisher_score": 0.1475312587061684,
  "std_fisher_score": 0.004388731557998389,
  "per_split": [
    {
      "split": 0,
      "fisher_score": 0.15511772840733162,
      "fisher_score_U": 0.15511772840733162,
      "between_class_variance": 0.04179798496789881,
      "within_class_variance": 0.2694597541948225,
      "per_feature_U_stats": {
        "mean": 0.0004717264353585502,
        "std": 0.007436015532183878,
        "max": 0.34182722637974394,
        "top5": [
          0.34182722637974394,
          0.3399021470930864,
          0.17191244809029232,
          0.16650894048316459,
          0.1653526609620294
        ]
      },
      "note": "Computed on training set only to prevent data leakage",
      "fisher_score_X_diffused": 0.3790930403728248,
      "between_class_variance_X": 0.23846166134082275,
      "within_class_variance_X": 0.6290320210212881,
      "per_feature_X_stats": {
        "mean": 0.012342119212394207,
        "std": 0.031788084242932425,
        "max": 0.2638024444175114,
        "top5": [
          0.2638024444175114,
          0.2554084128614966,
          0.25308518074145553,
          0.23345142184167342,
          0.22520013624616406
        ],
        "n_cols_sampled": 500
      }
    },
    {
      "split": 1,
      "fisher_score": 0.14443270467676436,
      "fisher_score_U": 0.14443270467676436,
      "between_class_variance": 0.03936724237262115,
      "within_class_variance": 0.2725645999687103,
      "per_feature_U_stats": {
        "mean": 0.00044877214952865373,
        "std": 0.006680487739185115,
        "max": 0.3066058229632847,
        "top5": [
          0.3066058229632847,
          0.2808911613186002,
          0.16847227115955038,
          0.16812527518564593,
          0.15684300594586967
        ]
      },
      "note": "Computed on training set only to prevent data leakage",
      "fisher_score_X_diffused": 0.3937414150463991,
      "between_class_variance_X": 0.2417071768223717,
      "within_class_variance_X": 0.613872880997008,
      "per_feature_X_stats": {
        "mean": 0.012413132871434989,
        "std": 0.031503165725583454,
        "max": 0.2614119855335599,
        "top5": [
          0.2614119855335599,
          0.2553897055695434,
          0.25233218040962346,
          0.22588344906746693,
          0.2143034591314654
        ],
        "n_cols_sampled": 500
      }
    },
    {
      "split": 2,
      "fisher_score": 0.1485348175228032,
      "fisher_score_U": 0.1485348175228032,
      "between_class_variance": 0.040444529690325054,
      "within_class_variance": 0.2722898938096852,
      "per_feature_U_stats": {
        "mean": 0.00044188467409517836,
        "std": 0.0064891839468367496,
        "max": 0.30735478255362064,
        "top5": [
          0.30735478255362064,
          0.2537729177043962,
          0.18061436487449753,
          0.14789599390202282,
          0.14292017770088283
        ]
      },
      "note": "Computed on training set only to prevent data leakage",
      "fisher_score_X_diffused": 0.38281940226060407,
      "between_class_variance_X": 0.23947705441865969,
      "within_class_variance_X": 0.6255614344636478,
      "per_feature_X_stats": {
        "mean": 0.012209617499791877,
        "std": 0.03071886707002449,
        "max": 0.2541431022699171,
        "top5": [
          0.2541431022699171,
          0.25031828543967366,
          0.24620221497675082,
          0.23203009982595885,
          0.22248789433680982
        ],
        "n_cols_sampled": 500
      }
    },
    {
      "split": 3,
      "fisher_score": 0.14734129800876342,
      "fisher_score_U": 0.14734129800876342,
      "between_class_variance": 0.03975480916236252,
      "within_class_variance": 0.26981443559699075,
      "per_feature_U_stats": {
        "mean": 0.00043327021285619494,
        "std": 0.006531944307020098,
        "max": 0.3079837971506467,
        "top5": [
          0.3079837971506467,
          0.2807688946168913,
          0.16370908713162619,
          0.15621436537905176,
          0.14526829272999872
        ]
      },
      "note": "Computed on training set only to prevent data leakage",
      "fisher_score_X_diffused": 0.3832722028773569,
      "between_class_variance_X": 0.24056834747486242,
      "within_class_variance_X": 0.6276696970686438,
      "per_feature_X_stats": {
        "mean": 0.012296903681845066,
        "std": 0.03160773299903959,
        "max": 0.2799428914595279,
        "top5": [
          0.2799428914595279,
          0.2598720213703021,
          0.255292406213409,
          0.23028804452760093,
          0.2287935114905611
        ],
        "n_cols_sampled": 500
      }
    },
    {
      "split": 4,
      "fisher_score": 0.14222974491517934,
      "fisher_score_U": 0.14222974491517934,
      "between_class_variance": 0.03834398830999348,
      "within_class_variance": 0.26959190802782107,
      "per_feature_U_stats": {
        "mean": 0.0004509191103771553,
        "std": 0.006820731133769283,
        "max": 0.32174353365261077,
        "top5": [
          0.32174353365261077,
          0.29962213177267605,
          0.15839581834318317,
          0.15672476536933055,
          0.15343103710609174
        ]
      },
      "note": "Computed on training set only to prevent data leakage",
      "fisher_score_X_diffused": 0.39433692024582806,
      "between_class_variance_X": 0.24224644439198284,
      "within_class_variance_X": 0.614313375072685,
      "per_feature_X_stats": {
        "mean": 0.01238443740986047,
        "std": 0.03192519418660307,
        "max": 0.28346977014804925,
        "top5": [
          0.28346977014804925,
          0.2531258932463704,
          0.25086513464671095,
          0.23201099746297205,
          0.2212870656104879
        ],
        "n_cols_sampled": 500
      }
    }
  ],
  "note": "Fisher score computed on training set only (no leakage)"
}