{
  "fisher_score": 0.002259114618813534,
  "mean_fisher_score": 0.002473233976577143,
  "std_fisher_score": 0.00043521736749439923,
  "per_split": [
    {
      "split": 0,
      "fisher_score": 0.002259114618813534,
      "fisher_score_U": 0.002259114618813534,
      "between_class_variance": 0.00020819941512204978,
      "within_class_variance": 0.09215973965561526,
      "per_feature_U_stats": {
        "mean": 0.0001876486978585982,
        "std": 0.00021146923934750887,
        "max": 0.0024262889434544894,
        "top5": [
          0.0024262889434544894,
          0.0019295193472962493,
          0.001799771713215539,
          0.0017258653241793928,
          0.0017230300069448253
        ]
      },
      "note": "Computed on training set only to prevent data leakage",
      "fisher_score_X_diffused": 0.023819073074134053,
      "between_class_variance_X": 0.014574432143755157,
      "within_class_variance_X": 0.6118807435702455,
      "per_feature_X_stats": {
        "mean": 0.0010923712693027107,
        "std": 0.002192262762844981,
        "max": 0.027680784995884347,
        "top5": [
          0.027680784995884347,
          0.02466020131365362,
          0.015665225559816753,
          0.013971084087395405,
          0.010332008376510035
        ],
        "n_cols_sampled": 500
      }
    },
    {
      "split": 1,
      "fisher_score": 0.0022082021307377004,
      "fisher_score_U": 0.0022082021307377004,
      "between_class_variance": 0.00020472787477203425,
      "within_class_variance": 0.09271247044021293,
      "per_feature_U_stats": {
        "mean": 0.00018580936967614668,
        "std": 0.00022500075458597557,
        "max": 0.002934286601332864,
        "top5": [
          0.002934286601332864,
          0.0027062101076349935,
          0.002160758010057264,
          0.0019883104834354,
          0.001852567680172678
        ]
      },
      "note": "Computed on training set only to prevent data leakage",
      "fisher_score_X_diffused": 0.022330669899888345,
      "between_class_variance_X": 0.01402850532682539,
      "within_class_variance_X": 0.62821694959073,
      "per_feature_X_stats": {
        "mean": 0.0015884099313574782,
        "std": 0.005637319894917989,
        "max": 0.106970166892274,
        "top5": [
          0.106970166892274,
          0.04192163373201485,
          0.022541598788565688,
          0.01983590725289667,
          0.018245557649157678
        ],
        "n_cols_sampled": 500
      }
    },
    {
      "split": 2,
      "fisher_score": 0.0019563937830757955,
      "fisher_score_U": 0.0019563937830757955,
      "between_class_variance": 0.00018347687163561938,
      "within_class_variance": 0.09378320112383583,
      "per_feature_U_stats": {
        "mean": 0.00017098355607478392,
        "std": 0.0001884214911449327,
        "max": 0.0021102749488373595,
        "top5": [
          0.0021102749488373595,
          0.0017258031598836657,
          0.0016397441572093179,
          0.0016289755466582863,
          0.0015775576735034041
        ]
      },
      "note": "Computed on training set only to prevent data leakage",
      "fisher_score_X_diffused": 0.0247267223030522,
      "between_class_variance_X": 0.015725386359199924,
      "within_class_variance_X": 0.6359672813270049,
      "per_feature_X_stats": {
        "mean": 0.001523704644843272,
        "std": 0.0055159388754108555,
        "max": 0.10775034927649452,
        "top5": [
          0.10775034927649452,
          0.03438914851197857,
          0.0239525529955403,
          0.018577978675492157,
          0.01812824693758969
        ],
        "n_cols_sampled": 500
      }
    },
    {
      "split": 3,
      "fisher_score": 0.0027870306129790185,
      "fisher_score_U": 0.0027870306129790185,
      "between_class_variance": 0.00025956279944894906,
      "within_class_variance": 0.09313238191219793,
      "per_feature_U_stats": {
        "mean": 0.00019330117813482205,
        "std": 0.00023208106744464357,
        "max": 0.0031597588134320894,
        "top5": [
          0.0031597588134320894,
          0.0026282910755485245,
          0.00244288406288782,
          0.001935901720716521,
          0.0018728920732631444
        ]
      },
      "note": "Computed on training set only to prevent data leakage",
      "fisher_score_X_diffused": 0.027531131294188733,
      "between_class_variance_X": 0.018357945195782256,
      "within_class_variance_X": 0.6668067868194449,
      "per_feature_X_stats": {
        "mean": 0.0016765501213546212,
        "std": 0.006195735910126933,
        "max": 0.11914632509194903,
        "top5": [
          0.11914632509194903,
          0.04864650149607442,
          0.02149367949224681,
          0.021451311938544198,
          0.016924213526465937
        ],
        "n_cols_sampled": 500
      }
    },
    {
      "split": 4,
      "fisher_score": 0.003155428737279665,
      "fisher_score_U": 0.003155428737279665,
      "between_class_variance": 0.00029235650042622516,
      "within_class_variance": 0.09265191033224518,
      "per_feature_U_stats": {
        "mean": 0.0001882178437300469,
        "std": 0.0002183210748085612,
        "max": 0.0029965319590602325,
        "top5": [
          0.0029965319590602325,
          0.0021979186390863304,
          0.0020125291316855187,
          0.0019424911427071618,
          0.0018520089238663073
        ]
      },
      "note": "Computed on training set only to prevent data leakage",
      "fisher_score_X_diffused": 0.03457488788535481,
      "between_class_variance_X": 0.022230772532942932,
      "within_class_variance_X": 0.6429745370876363,
      "per_feature_X_stats": {
        "mean": 0.0015665818969581766,
        "std": 0.005788622874582631,
        "max": 0.10943552068721672,
        "top5": [
          0.10943552068721672,
          0.045311095191908686,
          0.02510636083414936,
          0.018962314968006207,
          0.01830690734574706
        ],
        "n_cols_sampled": 500
      }
    }
  ],
  "note": "Fisher score computed on training set only (no leakage)"
}