{
  "dataset": "coauthor-physics",
  "split_type": "random",
  "component_type": "lcc",
  "k": 2,
  "d_effective": 7697,
  "ortho_error": 5.863356467017411e-10,
  "analysis": {
    "condition_number_U": 306.87931115915603,
    "singular_values_U_top20": [
      0.7071067809792491,
      0.6959833228629081,
      0.6750051530643121,
      0.6729889550242092,
      0.666560573858627,
      0.665416767094687,
      0.6630356382255582,
      0.6608558336143724,
      0.6572078178606957,
      0.6553218143399377,
      0.653524325789147,
      0.6525026385976814,
      0.6515314043607662,
      0.648012013618814,
      0.6454944664947255,
      0.6436912976467645,
      0.6422844361315202,
      0.6412003401408776,
      0.6407735687783475,
      0.6404597829846842
    ],
    "singular_values_U_bottom5": [
      0.0034651780116557312,
      0.0023041852456861262,
      7.059449412825529e-16,
      4.0880175324638813e-16,
      1.4956352510187647e-16
    ],
    "explained_variance_U_pct_top20": [
      0.08608145530460419,
      0.16947592721828253,
      0.24791885109001124,
      0.3258938666296988,
      0.40238636410983897,
      0.47861656714446604,
      0.5543021816410131,
      0.6294909641513785,
      0.7038519328174447,
      0.7777867233012765,
      0.8513164771318347,
      0.92461650520667,
      0.9976984850799407,
      1.0699930604798842,
      1.141726993641775,
      1.2130607135254636,
      1.2840829580324267,
      1.3548656515016542,
      1.4255541529635274,
      1.4961734392841939
    ],
    "condition_number_X": Infinity,
    "singular_values_X_top20": [
      224.91234701157714,
      132.27672770924366,
      89.3264266612918,
      72.94844555194203,
      63.990322175551505,
      61.287507339227446,
      55.524792881192155,
      50.02341048604614,
      47.950693041589325,
      41.849186645412246,
      39.71352361514968,
      34.31164051301367,
      33.72977935043012,
      32.602947716308854,
      31.122264544795065,
      30.244041974584018,
      29.58222870732854,
      27.51173458570338,
      26.334616846622808,
      25.8213825810797
    ],
    "explained_variance_X_pct_top20": [
      32.284155362199755,
      43.45098058678412,
      48.54338347618922,
      51.93959645657461,
      54.552909445243245,
      56.95012313984673,
      58.917722750471846,
      60.5147393446533,
      61.98215318358506,
      63.0998831047816,
      64.1064431267735,
      64.85779919748008,
      65.58388815815456,
      66.26227367680598,
      66.8804398175508,
      67.46421079206378,
      68.02271263980333,
      68.50577008444657,
      68.94837562029554,
      69.3738974241664
    ],
    "intra_class_mean_dist": 1.4135041890083404,
    "inter_class_centroid_dist": 0.0431118623760628,
    "spectral_separability": 0.030499989113090924,
    "variance_analysis": {
      "U_variance_mean": 3.6461022218570674e-06,
      "U_variance_std": 9.66582020365469e-07,
      "U_variance_max": 2.2424379639475964e-05,
      "U_variance_min": 7.419251896159286e-07,
      "U_variance_ratio": 30.22454248593697,
      "X_variance_mean": 0.0006554404976950561,
      "X_variance_std": 0.0031777465118497054,
      "X_variance_max": 0.10086976311408126,
      "X_variance_min": 0.0,
      "X_variance_ratio": 100869763114.08127,
      "variance_ratio_reduction": 3337346236.4570494
    },
    "eigenvalue_stats": {
      "min": 0.02017397966435938,
      "max": 1.3366256170496014,
      "mean": 0.6035379489650651,
      "std": 0.27454824280466245,
      "d_effective": 7697
    },
    "span_verification_error": 0.13540443581220318,
    "num_edges": 247962,
    "avg_degree": 14.37752587481518
  }
}