{
  "dataset": "coauthor-physics",
  "split_type": "random",
  "component_type": "lcc",
  "k": 8,
  "d_effective": 7697,
  "ortho_error": 5.193449004181616e-10,
  "analysis": {
    "condition_number_U": 507.8632347976461,
    "singular_values_U_top20": [
      0.707106781002934,
      0.7069856788167275,
      0.7064874248891938,
      0.7060220368744851,
      0.7056454707525949,
      0.7048115754217873,
      0.7033060245476165,
      0.7022767698557518,
      0.7011888590778605,
      0.6945453543268288,
      0.6941402140949254,
      0.6859228425752065,
      0.6762580406366699,
      0.6649863180075148,
      0.6546730683933761,
      0.6543254849329618,
      0.6541851540664521,
      0.6538735336415566,
      0.653559029062165,
      0.6515440346721473
    ],
    "singular_values_U_bottom5": [
      0.0026724045984247457,
      0.001416555932249901,
      0.0013923173259129003,
      2.5433348319513918e-14,
      5.399721686796141e-16
    ],
    "explained_variance_U_pct_top20": [
      0.07547368231729303,
      0.1509215149454168,
      0.2262630400955835,
      0.30150533773524496,
      0.37666739384512593,
      0.4516519096579275,
      0.5263164181619335,
      0.600762550707973,
      0.674978209966956,
      0.7477941996915903,
      0.8205252645581116,
      0.8915445122151721,
      0.9605765063522111,
      1.0273264579439212,
      1.0920220194253625,
      1.156648901931862,
      1.2212480668142833,
      1.285785702863373,
      1.3502612703329915,
      1.4143398801434655
    ],
    "condition_number_X": Infinity,
    "singular_values_X_top20": [
      221.40456037056717,
      112.07444162726723,
      63.56326944270277,
      54.068852432180385,
      40.45757388071391,
      38.70019545374555,
      32.24965833778526,
      28.047221253356877,
      24.113859382416184,
      21.18670450034757,
      20.696044731042953,
      17.87449688077649,
      16.227179148337832,
      15.679434558311332,
      15.21197419580578,
      14.558308661891152,
      12.282997768116486,
      11.651861123645663,
      11.398378424996352,
      10.998865442846311
    ],
    "explained_variance_X_pct_top20": [
      59.78174285172283,
      75.09997389909475,
      80.02726139532388,
      83.59250945650648,
      85.5886684046403,
      87.41517718781846,
      88.68354637788113,
      89.64289206865665,
      90.35202702833935,
      90.89944905331711,
      91.42180934638351,
      91.81144895727445,
      92.13257942344593,
      92.43239641484304,
      92.71460265211248,
      92.97307690818712,
      93.15707113399925,
      93.32264281099141,
      93.48108892450509,
      93.62862262178105
    ],
    "intra_class_mean_dist": 1.4136044802648853,
    "inter_class_centroid_dist": 0.042511521067876035,
    "spectral_separability": 0.030073136907368958,
    "variance_analysis": {
      "U_variance_mean": 4.158600647406978e-06,
      "U_variance_std": 1.2133708347757566e-06,
      "U_variance_max": 1.9933478684240216e-05,
      "U_variance_min": 2.625277641792495e-07,
      "U_variance_ratio": 75.92874154784056,
      "X_variance_mean": 0.00023211178464448343,
      "X_variance_std": 0.00161851676075085,
      "X_variance_max": 0.07013907676186706,
      "X_variance_min": 0.0,
      "X_variance_ratio": 70139076761.86707,
      "variance_ratio_reduction": 923748706.1164248
    },
    "eigenvalue_stats": {
      "min": 0.018679964284321615,
      "max": 1.4282915522300443,
      "mean": 0.5192717902352229,
      "std": 0.23901272247676777,
      "d_effective": 7697
    },
    "span_verification_error": 0.2146734164726075,
    "num_edges": 247962,
    "avg_degree": 14.37752587481518
  }
}