{
  "dataset": "wikics",
  "split_type": "random",
  "component_type": "lcc",
  "k": 10,
  "d_effective": 300,
  "ortho_error": 9.28288113044573e-10,
  "analysis": {
    "condition_number_U": 80.85412454294303,
    "singular_values_U_top20": [
      0.6404598996172249,
      0.6204308665231951,
      0.6196597627729847,
      0.6123043936823405,
      0.5972054713205323,
      0.5920981442189099,
      0.5789333964849759,
      0.572607564402207,
      0.5547725178712675,
      0.5428209523916322,
      0.5319224924944826,
      0.5285565945169498,
      0.5250576962348636,
      0.5210075598968781,
      0.5054432198160147,
      0.4995508588012234,
      0.4993526655286746,
      0.49644478384473595,
      0.49392404548673385,
      0.4892879279025804
    ],
    "singular_values_U_bottom5": [
      0.06244281552876245,
      0.05319478683341454,
      0.051611135649639,
      0.022361223056842097,
      0.007921177840186318
    ],
    "explained_variance_U_pct_top20": [
      1.7260803667597537,
      3.345889780510077,
      4.961675329574447,
      6.539329749165901,
      8.040136182130723,
      9.515382456785046,
      10.925756586032554,
      12.305477631162672,
      13.600588669229197,
      14.840499153253084,
      16.031120971491667,
      17.206722435205155,
      18.366811102378115,
      19.50907164959825,
      20.584104850691794,
      21.634219088099485,
      22.683500239996786,
      23.720596410557913,
      24.747187440747606,
      25.75459714046576
    ],
    "condition_number_X": 387627.1738732785,
    "singular_values_X_top20": [
      169.00337347557047,
      8.327346023927511,
      6.7105242579414925,
      5.10090373298312,
      4.556994544085006,
      2.9714613985985325,
      2.7307607382749017,
      1.8230983353225134,
      1.7558292944671805,
      1.7047160091677034,
      1.4932779274291736,
      1.4045595537177935,
      1.1725632452016783,
      1.1102959152972618,
      0.965868463689129,
      0.9468927896529266,
      0.7346720609791417,
      0.6375146154213068,
      0.5789853762636318,
      0.5378352731101501
    ],
    "explained_variance_X_pct_top20": [
      99.30755509307578,
      99.54865928702694,
      99.70522780613852,
      99.79569389136344,
      99.8678957803251,
      99.8985953104412,
      99.92452270297484,
      99.93607881469026,
      99.94679786042029,
      99.95690191356765,
      99.96465496801707,
      99.97151414263149,
      99.97629454107363,
      99.98058070746656,
      99.98382430913487,
      99.98694171366111,
      99.98881834338631,
      99.99023143992945,
      99.9913969787199,
      99.99240272886829
    ],
    "intra_class_mean_dist": 1.3675718249841613,
    "inter_class_centroid_dist": 0.30445343583101464,
    "spectral_separability": 0.22262336081290698,
    "variance_analysis": {
      "U_variance_mean": 1.1668473293311658e-05,
      "U_variance_std": 7.326786008425494e-06,
      "U_variance_max": 5.8696532394227786e-05,
      "U_variance_min": 1.1198859758673636e-06,
      "U_variance_ratio": 52.41290742645412,
      "X_variance_mean": 0.0044381424086207075,
      "X_variance_std": 0.03149441943273711,
      "X_variance_max": 0.3600308720021361,
      "X_variance_min": 2.6851711757456254e-05,
      "X_variance_ratio": 13408.11572260551,
      "variance_ratio_reduction": 255.81705692284947
    },
    "eigenvalue_stats": {
      "min": 0.0611409755960989,
      "max": 0.8604456844685548,
      "mean": 0.42751768228004283,
      "std": 0.15549806336707678,
      "d_effective": 300
    },
    "span_verification_error": 0.6879673292436044,
    "num_edges": 215554,
    "avg_degree": 38.11404827159402
  }
}