{
  "dataset": "wikics",
  "split_type": "random",
  "component_type": "lcc",
  "k": 8,
  "d_effective": 300,
  "ortho_error": 9.241524212555419e-10,
  "analysis": {
    "condition_number_U": 42.74491640227368,
    "singular_values_U_top20": [
      0.6349053815758707,
      0.6169055284951752,
      0.6163907107341593,
      0.6072377983327897,
      0.5899261801531522,
      0.575638643680617,
      0.5633249175037884,
      0.5504721087270907,
      0.5366667626503532,
      0.5345704427743665,
      0.5283874808126169,
      0.5153301108407481,
      0.5102872760461249,
      0.4984489217646589,
      0.4960063641630128,
      0.4958252914448026,
      0.49322256425162075,
      0.4900330022332525,
      0.4818881884241343,
      0.4776190010261749
    ],
    "singular_values_U_bottom5": [
      0.06334606873331079,
      0.0626785485549783,
      0.0530178002923792,
      0.048866280490734305,
      0.014853354153292926
    ],
    "explained_variance_U_pct_top20": [
      1.7323364535722572,
      3.3678402341411555,
      5.000615444354121,
      6.585259850085726,
      8.080839571370033,
      9.504853083711343,
      10.86859488100145,
      12.170816394804081,
      13.408539863672345,
      14.636612663376578,
      15.836441419291027,
      16.977703180264395,
      18.096738274223608,
      19.164453779598603,
      20.221730635781338,
      21.278235691182125,
      22.32367807083655,
      23.355642877496134,
      24.353588300605587,
      25.333929872885303
    ],
    "condition_number_X": 115796.0829622092,
    "singular_values_X_top20": [
      169.27115146182703,
      10.145258881934048,
      8.381869418651705,
      6.637547498547957,
      5.831653506617442,
      3.891721863928029,
      3.5789852292546955,
      2.494860606164918,
      2.347755346327731,
      2.3178380483160215,
      2.040189416949628,
      1.8191432730517956,
      1.548535698877409,
      1.4022473634353905,
      1.3369053942152498,
      1.1993903172870422,
      1.0450238468524535,
      0.9255610429437908,
      0.8312782442194413,
      0.7890377477135807
    ],
    "explained_variance_X_pct_top20": [
      98.89618510866201,
      99.25143987172527,
      99.49393075949413,
      99.64599564035264,
      99.76337644066658,
      99.81565182454524,
      99.85986314175119,
      99.88134669997935,
      99.90037146575146,
      99.9189144580355,
      99.93328107863988,
      99.94470321792465,
      99.95297989642222,
      99.95976666290507,
      99.9659356660745,
      99.97090084289259,
      99.9746701892351,
      99.97762700166832,
      99.98001210100269,
      99.9821609663527
    ],
    "intra_class_mean_dist": 1.3705112484342494,
    "inter_class_centroid_dist": 0.29086860338004533,
    "spectral_separability": 0.21223364909434364,
    "variance_analysis": {
      "U_variance_mean": 1.1425407510390309e-05,
      "U_variance_std": 6.247501988283667e-06,
      "U_variance_max": 5.3130912594753694e-05,
      "U_variance_min": 1.1360690784869407e-06,
      "U_variance_ratio": 46.76728451955655,
      "X_variance_mean": 0.004388266344457937,
      "X_variance_std": 0.030740939818677586,
      "X_variance_max": 0.35169241404688434,
      "X_variance_min": 4.49879592997846e-05,
      "X_variance_ratio": 7817.478536553438,
      "variance_ratio_reduction": 167.15699055146675
    },
    "eigenvalue_stats": {
      "min": 0.062381283058581455,
      "max": 0.8637160327362764,
      "mean": 0.43654318419239035,
      "std": 0.15872454337020236,
      "d_effective": 300
    },
    "span_verification_error": 0.6964987047643699,
    "num_edges": 215554,
    "avg_degree": 38.11404827159402
  }
}