{
  "dataset": "wikics",
  "split_type": "random",
  "component_type": "lcc",
  "k": 30,
  "d_effective": 300,
  "ortho_error": 9.19268106081006e-10,
  "analysis": {
    "condition_number_U": 125.67146508791573,
    "singular_values_U_top20": [
      0.6422588735184764,
      0.6250924439512406,
      0.6206066784271163,
      0.6129079420517596,
      0.5994947687664681,
      0.5983460441322719,
      0.5881425424763207,
      0.5861645962677716,
      0.5751350886563683,
      0.5689890347204316,
      0.5518555153405863,
      0.5478293621038248,
      0.54719871439277,
      0.5449107698601047,
      0.537251046601535,
      0.5339272072768266,
      0.528186614072798,
      0.5258277732228765,
      0.5206756291492982,
      0.5146419850756748
    ],
    "singular_values_U_bottom5": [
      0.029992513144762194,
      0.026978026778417003,
      0.010932654994947439,
      0.006366869864397509,
      0.005110618174692025
    ],
    "explained_variance_U_pct_top20": [
      1.638025918670475,
      3.189659039383155,
      4.719102519392097,
      6.210835325553932,
      7.63799096645294,
      9.059682545790444,
      10.433299783307685,
      11.797693500259754,
      13.11122433389576,
      14.396831654686457,
      15.606179729380148,
      16.797946175703977,
      17.98697033681831,
      19.166072201146537,
      20.31225815836927,
      21.44430564893324,
      22.55214126713415,
      23.650103962966977,
      24.726656041610454,
      25.77840228624685
    ],
    "condition_number_X": 47312067053.6776,
    "singular_values_X_top20": [
      168.6454397605997,
      1.307636783650522,
      0.8865142998835686,
      0.5315286961092639,
      0.4265204937821655,
      0.3524606292515148,
      0.26361101662516795,
      0.227600775500852,
      0.19409291377398116,
      0.12039602014950926,
      0.10096035538835961,
      0.07567827765791188,
      0.06871040818834684,
      0.06600313239170041,
      0.054391856780085526,
      0.04985546240660135,
      0.04799790918469368,
      0.036781254682913996,
      0.03267354410872047,
      0.019081758154958554
    ],
    "explained_variance_X_pct_top20": [
      99.98841833542146,
      99.99442972330496,
      99.9971926666833,
      99.99818590605481,
      99.99882546459243,
      99.99926220333428,
      99.99950650566267,
      99.99968862160661,
      99.99982106181452,
      99.99987202126734,
      99.99990785584046,
      99.99992799043893,
      99.99994458804876,
      99.99995990349264,
      99.999970304329,
      99.9999790426097,
      99.99998714186584,
      99.99999189799428,
      99.9999956511189,
      99.99999693119935
    ],
    "intra_class_mean_dist": 1.3502636591808195,
    "inter_class_centroid_dist": 0.34837267940814254,
    "spectral_separability": 0.25800344772627143,
    "variance_analysis": {
      "U_variance_mean": 1.2365287756647935e-05,
      "U_variance_std": 8.766226909149428e-06,
      "U_variance_max": 5.664857824952507e-05,
      "U_variance_min": 1.0922211688476145e-06,
      "U_variance_ratio": 51.86543531641923,
      "X_variance_mean": 0.004663556070482987,
      "X_variance_std": 0.03387286635239929,
      "X_variance_max": 0.38274185092239366,
      "X_variance_min": 2.6054160393969085e-07,
      "X_variance_ratio": 1469018.2915765627,
      "variance_ratio_reduction": 28323.647196141086
    },
    "eigenvalue_stats": {
      "min": 0.060813022173198436,
      "max": 0.86690312555442,
      "mean": 0.4092868050573025,
      "std": 0.1431082105208394,
      "d_effective": 300
    },
    "span_verification_error": 0.6576257380073067,
    "num_edges": 215554,
    "avg_degree": 38.11404827159402
  }
}