{
  "dataset": "wikics",
  "split_type": "random",
  "component_type": "lcc",
  "k": 20,
  "d_effective": 300,
  "ortho_error": 9.247416166147104e-10,
  "analysis": {
    "condition_number_U": 125.76709190062469,
    "singular_values_U_top20": [
      0.6423165655912959,
      0.6244384426285732,
      0.6208875487570708,
      0.613374412269554,
      0.6002437245749753,
      0.5987160499401922,
      0.5880018253904784,
      0.5852408712138277,
      0.5722965327305237,
      0.5686056546934894,
      0.5495591556542299,
      0.5463239374484186,
      0.5449077275463812,
      0.5345434050316494,
      0.5331815594076402,
      0.5264317074113828,
      0.5254004701908208,
      0.5174216290465989,
      0.5132080671636632,
      0.5095760763507209
    ],
    "singular_values_U_bottom5": [
      0.03402389736853635,
      0.027769904742687628,
      0.01217841225252542,
      0.006351060076970013,
      0.005107191045641928
    ],
    "explained_variance_U_pct_top20": [
      1.6657318458822936,
      3.24002681293004,
      4.796468106490966,
      6.315469432271451,
      7.770131451858559,
      9.217398400861661,
      10.613330171958275,
      11.996183564575933,
      13.318541642883682,
      14.623898310813905,
      15.843268963605626,
      17.04832516699046,
      18.247141846806457,
      19.400788458207195,
      20.548564312400906,
      21.66746340544919,
      22.781983126112834,
      23.86290922039675,
      24.92630220814315,
      25.974697119165324
    ],
    "condition_number_X": 143109164.57701117,
    "singular_values_X_top20": [
      168.66452235994328,
      3.2358244161092733,
      2.3323644735885543,
      1.5338809578140316,
      1.3778424286581754,
      0.8867372633563905,
      0.7474659107846992,
      0.6795811003506741,
      0.5289591279361829,
      0.41437792315387884,
      0.3653208871513698,
      0.3420350943204919,
      0.30516296972569257,
      0.26720561565578316,
      0.23380848881796598,
      0.2161554044833812,
      0.18887223356773788,
      0.15739399977827023,
      0.12508141731622802,
      0.11596170109086251
    ],
    "explained_variance_X_pct_top20": [
      99.91899352832803,
      99.95577003419683,
      99.97487707383446,
      99.9831409515329,
      99.98980901427221,
      99.99257080322215,
      99.99453318431526,
      99.9961553049685,
      99.99713805892522,
      99.99774116511823,
      99.99820992407223,
      99.99862082952743,
      99.99894791724363,
      99.99919869657002,
      99.9993907053637,
      99.99955481450246,
      99.99968011038564,
      99.99976712193728,
      99.99982207427298,
      99.99986930555396
    ],
    "intra_class_mean_dist": 1.3565467249082084,
    "inter_class_centroid_dist": 0.33596657939969143,
    "spectral_separability": 0.24766310900380142,
    "variance_analysis": {
      "U_variance_mean": 1.2161667672187609e-05,
      "U_variance_std": 8.628371877677892e-06,
      "U_variance_max": 6.008487193537221e-05,
      "U_variance_min": 1.098086816285144e-06,
      "U_variance_ratio": 54.717729351228655,
      "X_variance_mean": 0.00459925569296936,
      "X_variance_std": 0.033299902502035135,
      "X_variance_max": 0.3778773687158257,
      "X_variance_min": 1.9179069312112586e-06,
      "X_variance_ratio": 197025.812640118,
      "variance_ratio_reduction": 3600.767337683582
    },
    "eigenvalue_stats": {
      "min": 0.060814295782640373,
      "max": 0.8644763464743357,
      "mean": 0.4124413697394562,
      "std": 0.14607819743133177,
      "d_effective": 300
    },
    "span_verification_error": 0.6648755665442538,
    "num_edges": 215554,
    "avg_degree": 38.11404827159402
  }
}