{
  "dataset": "ogbn-arxiv",
  "split_type": "random",
  "component_type": "lcc",
  "num_components": 1,
  "k_diffusion": 2,
  "num_splits": 5,
  "num_seeds": 5,
  "total_runs": 25,
  "precompute_time": 0.5455451011657715,
  "metadata": {
    "k_full": 127,
    "k_nclasses": 40,
    "k_2nclasses": 80
  },
  "results": {
    "sgc_baseline": {
      "test_acc_mean": 0.5864907193183899,
      "test_acc_std": 0.002179055826449367,
      "test_acc_min": 0.5836138129234314,
      "test_acc_max": 0.5917626619338989
    },
    "full_logistic": {
      "test_acc_mean": 0.5533522391319274,
      "test_acc_std": 0.0032207754483074046,
      "test_acc_min": 0.5466784834861755,
      "test_acc_max": 0.5579569339752197
    },
    "full_mlp": {
      "test_acc_mean": 0.7013853144645691,
      "test_acc_std": 0.0025209016384285716,
      "test_acc_min": 0.6962503790855408,
      "test_acc_max": 0.7056096792221069
    },
    "nclasses_logistic": {
      "test_acc_mean": 0.30340124607086183,
      "test_acc_std": 0.0017142814140888615,
      "test_acc_min": 0.30026572942733765,
      "test_acc_max": 0.30684971809387207
    },
    "nclasses_mlp": {
      "test_acc_mean": 0.529065260887146,
      "test_acc_std": 0.0038526397475641344,
      "test_acc_min": 0.5160319209098816,
      "test_acc_max": 0.5339533686637878
    },
    "2nclasses_logistic": {
      "test_acc_mean": 0.3760259902477264,
      "test_acc_std": 0.0027482115041122836,
      "test_acc_min": 0.36997342109680176,
      "test_acc_max": 0.3790670335292816
    },
    "2nclasses_mlp": {
      "test_acc_mean": 0.6148237490653992,
      "test_acc_std": 0.0030624006526606667,
      "test_acc_min": 0.6077059507369995,
      "test_acc_max": 0.6189843416213989
    }
  },
  "improvements": {
    "full_logistic": -3.3138480186462482,
    "full_mlp": 11.489459514617916,
    "nclasses_logistic": -28.308947324752808,
    "nclasses_mlp": -5.742545843124391,
    "2nclasses_logistic": -21.04647290706635,
    "2nclasses_mlp": 2.833302974700924
  }
}