{
  "dataset": "ogbn-arxiv",
  "k": 12,
  "split_type": "fixed",
  "component_type": "lcc",
  "num_seeds": 15,
  "num_splits": 1,
  "total_runs_per_method": 15,
  "metadata": {
    "d_effective": 128,
    "ortho_error": 2.8830038356630894e-10,
    "num_components": 0,
    "num_nodes": 169343,
    "num_features": 128,
    "num_classes": 40
  },
  "experiments": {
    "sgc_mlp_baseline": {
      "test_acc_mean": 0.6984850168228149,
      "test_acc_std": 0.002085703618564939,
      "val_acc_mean": 0.7060035268465678,
      "val_acc_std": 0.0006832627651628673,
      "per_run_test_acc": [
        0.7021994590759277,
        0.6984342932701111,
        0.697282075881958,
        0.6946485042572021,
        0.694730818271637,
        0.6994835734367371,
        0.6975289583206177,
        0.6985371112823486,
        0.7020142674446106,
        0.7006357908248901,
        0.6973643898963928,
        0.6991132497787476,
        0.6978581547737122,
        0.6988663077354431,
        0.6985782980918884
      ],
      "n_runs": 15,
      "train_acc_mean": 0.7390388488769531,
      "train_acc_std": 0.002535503812579587,
      "num_params": 109096,
      "param_to_train_ratio": 1.1996349281402228
    },
    "restricted_standard_mlp": {
      "test_acc_mean": 0.7077958226203919,
      "test_acc_std": 0.0013225259411653954,
      "val_acc_mean": 0.7187891960144043,
      "val_acc_std": 0.0008014870742288639,
      "per_run_test_acc": [
        0.706437885761261,
        0.7099973559379578,
        0.709565281867981,
        0.7075489163398743,
        0.7071785926818848,
        0.7081044316291809,
        0.7056148648262024,
        0.7073843479156494,
        0.7083307504653931,
        0.7063555717468262,
        0.7076106667518616,
        0.7075489163398743,
        0.7075489163398743,
        0.7106145620346069,
        0.70709627866745
      ],
      "n_runs": 15,
      "train_acc_mean": 0.7833943525950114,
      "train_acc_std": 0.005650300469220164,
      "num_params": 109096,
      "param_to_train_ratio": 1.1996349281402228
    },
    "restricted_rownorm_mlp": {
      "test_acc_mean": 0.7049372951189677,
      "test_acc_std": 0.0014135851236258018,
      "val_acc_mean": 0.7187064170837403,
      "val_acc_std": 0.0007312689840799213,
      "per_run_test_acc": [
        0.7062938809394836,
        0.705820620059967,
        0.7061704397201538,
        0.7077752351760864,
        0.7059646844863892,
        0.7027961611747742,
        0.7030430436134338,
        0.7052856683731079,
        0.7060469388961792,
        0.703619122505188,
        0.7049770951271057,
        0.7029812932014465,
        0.7036808729171753,
        0.7047095894813538,
        0.7048947811126709
      ],
      "n_runs": 15,
      "train_acc_mean": 0.7822426915168762,
      "train_acc_std": 0.0070097623267188665,
      "num_params": 108544,
      "param_to_train_ratio": 1.1935650586644089
    }
  },
  "framework_analysis": {
    "sgc_mlp_acc_pct": 69.8485016822815,
    "restricted_std_acc_pct": 70.77958226203918,
    "restricted_rownorm_acc_pct": 70.49372951189677,
    "part_a_pp": -0.9310805797576904,
    "part_b_pp": -0.2858527501424106,
    "remaining_gap_pp": -0.6452278296152798
  }
}