{
  "dataset": "pubmed",
  "k": 6,
  "split_type": "fixed",
  "component_type": "lcc",
  "num_seeds": 15,
  "num_splits": 1,
  "total_runs_per_method": 15,
  "metadata": {
    "d_effective": 500,
    "ortho_error": 3.2328073551468606e-10,
    "num_components": 0,
    "num_nodes": 19717,
    "num_features": 500,
    "num_classes": 3
  },
  "experiments": {
    "sgc_mlp_baseline": {
      "test_acc_mean": 0.7581333676973979,
      "test_acc_std": 0.011453479854962248,
      "val_acc_mean": 0.7898667057355245,
      "val_acc_std": 0.015465518633128932,
      "per_run_test_acc": [
        0.7660000324249268,
        0.7550000548362732,
        0.7710000276565552,
        0.753000020980835,
        0.7520000338554382,
        0.7470000386238098,
        0.7660000324249268,
        0.753000020980835,
        0.7700000405311584,
        0.737000048160553,
        0.7710000276565552,
        0.7500000596046448,
        0.7710000276565552,
        0.7400000095367432,
        0.7700000405311584
      ],
      "n_runs": 15,
      "train_acc_mean": 0.9811111648877462,
      "train_acc_std": 0.010304018436710487,
      "num_params": 194819,
      "param_to_train_ratio": 3246.983333333333
    },
    "restricted_standard_mlp": {
      "test_acc_mean": 0.4407333532969157,
      "test_acc_std": 0.010181461817705963,
      "val_acc_mean": 0.45906668702761333,
      "val_acc_std": 0.004312253439925281,
      "per_run_test_acc": [
        0.4310000240802765,
        0.45500001311302185,
        0.43300002813339233,
        0.43700000643730164,
        0.44700002670288086,
        0.453000009059906,
        0.4360000193119049,
        0.44200003147125244,
        0.4190000295639038,
        0.4320000112056732,
        0.4350000321865082,
        0.4390000104904175,
        0.44300001859664917,
        0.4540000259876251,
        0.45500001311302185
      ],
      "n_runs": 15,
      "train_acc_mean": 0.9866666754086812,
      "train_acc_std": 0.02449488542330979,
      "num_params": 194819,
      "param_to_train_ratio": 3246.983333333333
    },
    "restricted_rownorm_mlp": {
      "test_acc_mean": 0.4895333588123322,
      "test_acc_std": 0.017106983509385457,
      "val_acc_mean": 0.5230666935443878,
      "val_acc_std": 0.014566934878014198,
      "per_run_test_acc": [
        0.5190000534057617,
        0.46300002932548523,
        0.49800002574920654,
        0.484000027179718,
        0.48100003600120544,
        0.5060000419616699,
        0.5040000081062317,
        0.48600003123283386,
        0.46800002455711365,
        0.5230000019073486,
        0.4830000102519989,
        0.4780000150203705,
        0.4700000286102295,
        0.492000013589859,
        0.4880000352859497
      ],
      "n_runs": 15,
      "train_acc_mean": 1.0,
      "train_acc_std": 0.0,
      "num_params": 194304,
      "param_to_train_ratio": 3238.4
    }
  },
  "framework_analysis": {
    "sgc_mlp_acc_pct": 75.81333676973979,
    "restricted_std_acc_pct": 44.073335329691574,
    "restricted_rownorm_acc_pct": 48.953335881233215,
    "part_a_pp": 31.740001440048218,
    "part_b_pp": 4.880000551541642,
    "remaining_gap_pp": 26.860000888506576
  }
}