{
  "dataset": "ogbn-arxiv",
  "k": 6,
  "split_type": "random",
  "component_type": "lcc",
  "num_seeds": 15,
  "num_splits": 5,
  "total_runs_per_method": 75,
  "metadata": {
    "d_effective": 128,
    "ortho_error": 3.219092770123666e-10,
    "num_components": 0,
    "num_nodes": 169343,
    "num_features": 128,
    "num_classes": 40
  },
  "experiments": {
    "sgc_mlp_baseline": {
      "test_acc_mean": 0.7286814411481222,
      "test_acc_std": 0.0027934968945809223,
      "val_acc_mean": 0.7315499305725097,
      "val_acc_std": 0.0014197205134363444,
      "per_run_test_acc": [
        0.7311485409736633,
        0.7325066328048706,
        0.7320342659950256,
        0.7334219217300415,
        0.730853259563446,
        0.7326247692108154,
        0.7321228384971619,
        0.7318571209907532,
        0.7326542735099792,
        0.7326247692108154,
        0.7323590517044067,
        0.7328019142150879,
        0.7309123277664185,
        0.7317685484886169,
        0.7313846945762634,
        0.7266607880592346,
        0.7240035533905029,
        0.726631224155426,
        0.7258931398391724,
        0.7247712016105652,
        0.7257750630378723,
        0.7275170087814331,
        0.7254207134246826,
        0.7275760173797607,
        0.7229406833648682,
        0.7241511940956116,
        0.725479781627655,
        0.7269560098648071,
        0.7240921258926392,
        0.7246235609054565,
        0.7291408181190491,
        0.7314732670783997,
        0.7285208106040955,
        0.7299970388412476,
        0.7297608852386475,
        0.7272217273712158,
        0.729377031326294,
        0.7302923202514648,
        0.7275170087814331,
        0.7267788648605347,
        0.7302923202514648,
        0.7295246720314026,
        0.7305580377578735,
        0.729701817035675,
        0.7284913063049316,
        0.7277236580848694,
        0.7249483466148376,
        0.7264540791511536,
        0.7249483466148376,
        0.7253912091255188,
        0.7260702848434448,
        0.7268379330635071,
        0.7276941537857056,
        0.7274874448776245,
        0.7224092483520508,
        0.7266017198562622,
        0.7281370162963867,
        0.7269560098648071,
        0.7255092859268188,
        0.7272512912750244,
        0.7304694652557373,
        0.7302332520484924,
        0.7273693680763245,
        0.7302923202514648,
        0.7279008030891418,
        0.728904664516449,
        0.7310894727706909,
        0.733717143535614,
        0.7280779480934143,
        0.73005610704422,
        0.7299970388412476,
        0.7321228384971619,
        0.7316799759864807,
        0.7307646870613098,
        0.7317980527877808
      ],
      "n_runs": 75,
      "train_acc_mean": 0.7596503925323487,
      "train_acc_std": 0.0039839916145833956,
      "num_params": 109096,
      "param_to_train_ratio": 1.073726686678805
    },
    "restricted_standard_mlp": {
      "test_acc_mean": 0.7320480410257976,
      "test_acc_std": 0.003041496603974376,
      "val_acc_mean": 0.7354009596506754,
      "val_acc_std": 0.0012239298007968853,
      "per_run_test_acc": [
        0.7333628535270691,
        0.7357248663902283,
        0.7369943857192993,
        0.735429584980011,
        0.7337467074394226,
        0.7370829582214355,
        0.735990583896637,
        0.735990583896637,
        0.7334219217300415,
        0.7348390817642212,
        0.7348686456680298,
        0.7339828610420227,
        0.7360495924949646,
        0.73427814245224,
        0.7359610199928284,
        0.7286684513092041,
        0.7291408181190491,
        0.7303513288497925,
        0.7263360023498535,
        0.728550374507904,
        0.727871298789978,
        0.7309123277664185,
        0.7296723127365112,
        0.7286093831062317,
        0.7305580377578735,
        0.7292884588241577,
        0.7269560098648071,
        0.7292884588241577,
        0.7300266027450562,
        0.7286979556083679,
        0.7353705763816833,
        0.7341895699501038,
        0.7336581349372864,
        0.7345143556594849,
        0.7323294878005981,
        0.7336285710334778,
        0.7337467074394226,
        0.7332742810249329,
        0.735429584980011,
        0.7330381274223328,
        0.7318571209907532,
        0.7330381274223328,
        0.7353115081787109,
        0.7334219217300415,
        0.732565701007843,
        0.7284322381019592,
        0.7291408181190491,
        0.7282846570014954,
        0.727074146270752,
        0.7290818095207214,
        0.728904664516449,
        0.7275465130805969,
        0.7291998863220215,
        0.7277827262878418,
        0.7270445823669434,
        0.7266902923583984,
        0.7286389470100403,
        0.7282846570014954,
        0.7311485409736633,
        0.7276350855827332,
        0.7346915006637573,
        0.733717143535614,
        0.7323885560035706,
        0.7317685484886169,
        0.7343372106552124,
        0.7340714931488037,
        0.7343076467514038,
        0.7325361967086792,
        0.7333628535270691,
        0.7350162267684937,
        0.7353115081787109,
        0.7330971360206604,
        0.7357838749885559,
        0.7350162267684937,
        0.7352820038795471
      ],
      "n_runs": 75,
      "train_acc_mean": 0.7892775360743205,
      "train_acc_std": 0.007115678670115969,
      "num_params": 109096,
      "param_to_train_ratio": 1.073726686678805
    },
    "restricted_rownorm_mlp": {
      "test_acc_mean": 0.7262604212760926,
      "test_acc_std": 0.0027258009046173307,
      "val_acc_mean": 0.7292673436800639,
      "val_acc_std": 0.001403409399977784,
      "per_run_test_acc": [
        0.7292884588241577,
        0.7312961220741272,
        0.7299084663391113,
        0.7270445823669434,
        0.7300266027450562,
        0.7296132445335388,
        0.7300856113433838,
        0.7284322381019592,
        0.7294656038284302,
        0.7303808927536011,
        0.73017418384552,
        0.7287275195121765,
        0.7288455963134766,
        0.728904664516449,
        0.728904664516449,
        0.7273398637771606,
        0.7237083315849304,
        0.7259226441383362,
        0.7236197590827942,
        0.725479781627655,
        0.722291111946106,
        0.7258045673370361,
        0.7250664234161377,
        0.7253026366233826,
        0.7255978584289551,
        0.725479781627655,
        0.7246235609054565,
        0.7237378358840942,
        0.7255388498306274,
        0.7238854765892029,
        0.728343665599823,
        0.7266607880592346,
        0.7273398637771606,
        0.7250074148178101,
        0.7281960844993591,
        0.7274579405784607,
        0.7280189394950867,
        0.7268379330635071,
        0.7265722155570984,
        0.728225588798523,
        0.7280484437942505,
        0.7264245748519897,
        0.7279008030891418,
        0.7255388498306274,
        0.7276350855827332,
        0.724328339099884,
        0.7231178283691406,
        0.7243873476982117,
        0.721936821937561,
        0.7219073176383972,
        0.7224387526512146,
        0.7213758826255798,
        0.7179805040359497,
        0.7228521108627319,
        0.7205196619033813,
        0.7242692708969116,
        0.7233540415763855,
        0.7222025394439697,
        0.723088264465332,
        0.7211987376213074,
        0.7281960844993591,
        0.7264540791511536,
        0.7260112166404724,
        0.7249778509140015,
        0.7256864905357361,
        0.7291113138198853,
        0.7273398637771606,
        0.7276350855827332,
        0.7284913063049316,
        0.7290522456169128,
        0.7271331548690796,
        0.7290522456169128,
        0.7279303073883057,
        0.7263950705528259,
        0.7284027338027954
      ],
      "n_runs": 75,
      "train_acc_mean": 0.7971518230438233,
      "train_acc_std": 0.0074087020687371675,
      "num_params": 108544,
      "param_to_train_ratio": 1.0682938831750406
    }
  },
  "framework_analysis": {
    "sgc_mlp_acc_pct": 72.86814411481221,