{
  "dataset": "citeseer",
  "k_eigenvectors": 12,
  "epochs": 100,
  "hidden_dim": 256,
  "batch_size": 128,
  "scheduler": "CosineAnnealingLR",
  "disconnected_components": 2,
  "test_accuracies": {
    "standard_train_scaled": 0.43700000643730164,
    "standard_full_scaled": 0.45500001311302185,
    "standard_no_scale": 0.29100000858306885,
    "standard_weighted": 0.4580000340938568,
    "rownorm": 0.4960000216960907,
    "cosine": 0.4930000305175781
  },
  "final_val_accuracies": {
    "standard_train_scaled": 0.4400000274181366,
    "standard_full_scaled": 0.4580000340938568,
    "standard_no_scale": 0.2980000078678131,
    "standard_weighted": 0.45600003004074097,
    "rownorm": 0.49400001764297485,
    "cosine": 0.49000000953674316
  },
  "best_val_accuracies": {
    "standard_train_scaled": 0.5700000524520874,
    "standard_full_scaled": 0.5740000009536743,
    "standard_no_scale": 0.40400001406669617,
    "standard_weighted": 0.5540000200271606,
    "rownorm": 0.5520000457763672,
    "cosine": 0.5480000376701355
  },
  "checkpoint_accuracies": {
    "standard_train_scaled": {
      "10": 0.5040000081062317,
      "20": 0.4700000286102295,
      "40": 0.4540000259876251,
      "80": 0.4400000274181366
    },
    "standard_full_scaled": {
      "10": 0.5180000066757202,
      "20": 0.4780000150203705,
      "40": 0.4740000367164612,
      "80": 0.46000000834465027
    },
    "standard_no_scale": {
      "10": 0.1720000058412552,
      "20": 0.1720000058412552,
      "40": 0.26600000262260437,
      "80": 0.30800002813339233
    },
    "standard_weighted": {
      "10": 0.4820000231266022,
      "20": 0.48000001907348633,
      "40": 0.4660000205039978,
      "80": 0.4580000340938568
    },
    "rownorm": {
      "10": 0.527999997138977,
      "20": 0.5380000472068787,
      "40": 0.5240000486373901,
      "80": 0.49400001764297485
    },
    "cosine": {
      "10": 0.5380000472068787,
      "20": 0.5460000038146973,
      "40": 0.534000039100647,
      "80": 0.4880000352859497
    }
  }
}