{
  "dataset": "cora",
  "split_type": "random",
  "component_type": "lcc",
  "num_components": 1,
  "k_diffusion": 2,
  "num_splits": 5,
  "num_seeds": 5,
  "total_runs": 25,
  "precompute_time": 0.050421953201293945,
  "metadata": {
    "k_full": 1426,
    "k_nclasses": 7,
    "k_2nclasses": 14
  },
  "results": {
    "sgc_baseline": {
      "test_acc_mean": 0.8783098244667054,
      "test_acc_std": 0.014754087360672958,
      "test_acc_min": 0.8531186580657959,
      "test_acc_max": 0.8993963599205017
    },
    "full_logistic": {
      "test_acc_mean": 0.7785110378265381,
      "test_acc_std": 0.016444121851441434,
      "test_acc_min": 0.7545271515846252,
      "test_acc_max": 0.804828941822052
    },
    "full_mlp": {
      "test_acc_mean": 0.8419315600395203,
      "test_acc_std": 0.010843989589298764,
      "test_acc_min": 0.818913459777832,
      "test_acc_max": 0.8591548800468445
    },
    "nclasses_logistic": {
      "test_acc_mean": 0.2309859076142311,
      "test_acc_std": 0.04319165382442717,
      "test_acc_min": 0.1167001947760582,
      "test_acc_max": 0.2816901206970215
    },
    "nclasses_mlp": {
      "test_acc_mean": 0.36072433114051816,
      "test_acc_std": 0.018073022445618526,
      "test_acc_min": 0.3279677927494049,
      "test_acc_max": 0.39436617493629456
    },
    "2nclasses_logistic": {
      "test_acc_mean": 0.24024144053459168,
      "test_acc_std": 0.03168103748989647,
      "test_acc_min": 0.13883298635482788,
      "test_acc_max": 0.2857142686843872
    },
    "2nclasses_mlp": {
      "test_acc_mean": 0.39187121629714966,
      "test_acc_std": 0.018592071170205386,
      "test_acc_min": 0.3661971688270569,
      "test_acc_max": 0.4285714030265808
    }
  },
  "improvements": {
    "full_logistic": -9.979878664016727,
    "full_mlp": -3.637826442718506,
    "nclasses_logistic": -64.73239168524742,
    "nclasses_mlp": -51.75854933261872,
    "2nclasses_logistic": -63.80683839321137,
    "2nclasses_mlp": -48.643860816955566
  }
}