{
  "dataset": "wikics",
  "k_diffusion": 6,
  "num_splits": 5,
  "num_seeds": 5,
  "total_runs": 25,
  "precompute_time": 2.636031150817871,
  "metadata": {
    "k_full": 300,
    "k_nclasses": 10,
    "k_2nclasses": 20
  },
  "results": {
    "sgc_baseline": {
      "test_acc_mean": 0.6387355661392212,
      "test_acc_std": 0.007836192796498975,
      "val_acc_mean": 0.6299999976158142,
      "val_acc_std": 0.007970288151015352,
      "train_time_mean": 0.1326609230041504,
      "train_time_std": 0.005349207383410321
    },
    "full_logistic": {
      "test_acc_mean": 0.6957197499275207,
      "test_acc_std": 0.00919729361855372,
      "val_acc_mean": 0.6933675289154053,
      "val_acc_std": 0.00912099827384042,
      "train_time_mean": 0.13615695953369142,
      "train_time_std": 0.021322611642020164
    },
    "full_mlp": {
      "test_acc_mean": 0.7867406845092774,
      "test_acc_std": 0.008538471118411882,
      "val_acc_mean": 0.7936923122406006,
      "val_acc_std": 0.009802852236264717,
      "train_time_mean": 0.6038632297515869,
      "train_time_std": 0.798822350574095
    },
    "nclasses_logistic": {
      "test_acc_mean": 0.43087567925453185,
      "test_acc_std": 0.006267262504888739,
      "val_acc_mean": 0.42936751842498777,
      "val_acc_std": 0.008424356747653848,
      "train_time_mean": 0.14007052421569824,
      "train_time_std": 0.01764040772794959
    },
    "nclasses_mlp": {
      "test_acc_mean": 0.7108415007591248,
      "test_acc_std": 0.007778603819878408,
      "val_acc_mean": 0.7089743661880493,
      "val_acc_std": 0.011321484423657742,
      "train_time_mean": 0.34893768310546874,
      "train_time_std": 0.11654898948273279
    },
    "2nclasses_logistic": {
      "test_acc_mean": 0.5054591846466064,
      "test_acc_std": 0.007767896720631354,
      "val_acc_mean": 0.5041880416870117,
      "val_acc_std": 0.009185547588692123,
      "train_time_mean": 0.14405441284179688,
      "train_time_std": 0.01982414109784619
    },
    "2nclasses_mlp": {
      "test_acc_mean": 0.7621016383171082,
      "test_acc_std": 0.007975962571144487,
      "val_acc_mean": 0.7669059872627259,
      "val_acc_std": 0.010846339566752494,
      "train_time_mean": 0.3630245304107666,
      "train_time_std": 0.06722520716949344
    }
  },
  "improvements": {
    "full_logistic": 5.698418378829951,
    "full_mlp": 14.800511837005615,
    "nclasses_logistic": -20.785988688468937,
    "nclasses_mlp": 7.210593461990356,
    "2nclasses_logistic": -13.327638149261478,
    "2nclasses_mlp": 12.336607217788698
  }
}