{
  "dataset": "wikics",
  "diffusion_type": "cmg",
  "k": 4,
  "num_seeds": 3,
  "num_splits": 3,
  "avg_diffusion_time": NaN,
  "results": {
    "a_raw_std": {
      "mean": 0.8117613262600369,
      "std": 0.002570891812720391
    },
    "b_restricted_std": {
      "mean": 0.7641083863046435,
      "std": 0.0017490758420698749
    },
    "c_restricted_rownorm": {
      "mean": 0.7378612955411276,
      "std": 0.003692984114557925
    }
  }
}