{
  "dataset": "amazon-photo",
  "split_type": "random_splits",
  "num_seeds": 5,
  "num_splits": 5,
  "total_runs_per_model": 25,
  "d_raw": 745,
  "d_effective": 745,
  "rank_deficiency": false,
  "orthonormality_error": 9.017473767691797e-09,
  "epochs": 200,
  "hidden_dim": 256,
  "batch_size": 128,
  "learning_rate": 0.01,
  "weight_decay": 0.0005,
  "models": {
    "standard_X_scaled": {
      "name": "(a) Standard MLP on X (scaled)",
      "test_accuracy": {
        "mean": 0.8470849919319153,
        "std": 0.13562877625727104,
        "min": 0.3490196168422699,
        "max": 0.9052287936210632
      },
      "convergence_metrics": {
        "speed_to_90": {
          "mean": 0.04,
          "std": 0.19595917942265423
        },
        "speed_to_95": {
          "mean": 0.44,
          "std": 0.4963869458396343
        },
        "speed_to_99": {
          "mean": 1.36,
          "std": 1.0537551897855593
        },
        "auc": {
          "mean": 1.0863486037386263,
          "std": 0.38035766674257615
        },
        "convergence_rate": {
          "mean": 0.002133332967758179,
          "std": 0.0013127501695927616
        },
        "final_acc": {
          "mean": 0.845673223733902,
          "std": 0.14159467833320605
        }
      },
      "checkpoint_accuracies": {
        "10": {
          "mean": 0.878509829044342,
          "std": 0.014981233306222806
        },
        "20": {
          "mean": 0.8820130920410156,
          "std": 0.01870525252483667
        },
        "40": {
          "mean": 0.880339891910553,
          "std": 0.02683779188042867
        },
        "80": {
          "mean": 0.8706666851043701,
          "std": 0.07712713687322345
        },
        "160": {
          "mean": 0.8841307473182678,
          "std": 0.024120762235162848
        },
        "200": {
          "mean": 0.845673223733902,
          "std": 0.14159467833320605
        }
      }
    },
    "standard_V_scaled": {
      "name": "(b) Standard MLP on V (scaled)",
      "test_accuracy": {
        "mean": 0.8390588450431824,
        "std": 0.03614669947723356,
        "min": 0.6915032863616943,
        "max": 0.871895432472229
      },
      "convergence_metrics": {
        "speed_to_90": {
          "mean": 1.68,
          "std": 1.2560254774486068
        },
        "speed_to_95": {
          "mean": 14.4,
          "std": 18.723247581549522
        },
        "speed_to_99": {
          "mean": 48.4,
          "std": 32.76339420756036
        },
        "auc": {
          "mean": 0.9812496878739587,
          "std": 0.054866206522291516
        },
        "convergence_rate": {
          "mean": 0.004516339540481568,
          "std": 0.0008236330190401187
        },
        "final_acc": {
          "mean": 0.8410196304321289,
          "std": 0.04104253700392083
        }
      },
      "checkpoint_accuracies": {
        "10": {
          "mean": 0.8020915269851685,
          "std": 0.014067929807965998
        },
        "20": {
          "mean": 0.809803946018219,
          "std": 0.01166698555507902
        },
        "40": {
          "mean": 0.8160261654853821,
          "std": 0.016704552560113318
        },
        "80": {
          "mean": 0.8300392389297485,
          "std": 0.07992189296514295
        },
        "160": {
          "mean": 0.8313987159729004,
          "std": 0.03239798684467941
        },
        "200": {
          "mean": 0.8410196304321289,
          "std": 0.04104253700392083
        }
      }
    },
    "rownorm_V": {
      "name": "(c) RowNorm MLP on V (unscaled)",
      "test_accuracy": {
        "mean": 0.8074771571159363,
        "std": 0.010919654813447354,
        "min": 0.7718954682350159,
        "max": 0.8228758573532104
      },
      "convergence_metrics": {
        "speed_to_90": {
          "mean": 1.0,
          "std": 0.0
        },
        "speed_to_95": {
          "mean": 1.0,
          "std": 0.0
        },
        "speed_to_99": {
          "mean": 1.6,
          "std": 0.4898979485566356
        },
        "auc": {
          "mean": 1.002242828663843,
          "std": 0.016118933547045244
        },
        "convergence_rate": {
          "mean": 0.007368627786636352,
          "std": 0.0008411906031455774
        },
        "final_acc": {
          "mean": 0.810588264465332,
          "std": 0.015139716612880782
        }
      },
      "checkpoint_accuracies": {
        "10": {
          "mean": 0.8201045989990234,
          "std": 0.011024310723036519
        },
        "20": {
          "mean": 0.8160523128509521,
          "std": 0.007362343085864454
        },
        "40": {
          "mean": 0.8192418551445008,
          "std": 0.009938213464866721
        },
        "80": {
          "mean": 0.8203660368919372,
          "std": 0.011077503177746799
        },
        "160": {
          "mean": 0.8142483901977539,
          "std": 0.008392519996849986
        },
        "200": {
          "mean": 0.810588264465332,
          "std": 0.015139716612880782
        }
      }
    }
  }
}