{
  "fisher_score": 0.00595256437534818,
  "mean_fisher_score": 0.0076260312582211425,
  "std_fisher_score": 0.0013971668884339525,
  "per_split": [
    {
      "split": 0,
      "fisher_score": 0.00595256437534818,
      "fisher_score_U": 0.00595256437534818,
      "between_class_variance": 0.0015086078839268591,
      "within_class_variance": 0.2534383147832176,
      "per_feature_U_stats": {
        "mean": 0.00031549384091042286,
        "std": 0.0009331298227178002,
        "max": 0.021289598514581738,
        "top5": [
          0.021289598514581738,
          0.01366514391409454,
          0.009624998664856187,
          0.007924608733559465,
          0.00729152066238496
        ]
      },
      "note": "Computed on training set only to prevent data leakage",
      "fisher_score_X_diffused": 0.007936145263894747,
      "between_class_variance_X": 0.003691650260335035,
      "within_class_variance_X": 0.46516918952203234,
      "per_feature_X_stats": {
        "mean": 0.0038735707279804665,
        "std": 0.020966762664232884,
        "max": 0.4129735882601947,
        "top5": [
          0.4129735882601947,
          0.16222959580115284,
          0.092087205232792,
          0.08601339267396237,
          0.04899229099505513
        ],
        "n_cols_sampled": 500
      }
    },
    {
      "split": 1,
      "fisher_score": 0.00840244017008148,
      "fisher_score_U": 0.00840244017008148,
      "between_class_variance": 0.002127205437489195,
      "within_class_variance": 0.2531651989696425,
      "per_feature_U_stats": {
        "mean": 0.0003375627782432076,
        "std": 0.0009652859084383993,
        "max": 0.021561770337601094,
        "top5": [
          0.021561770337601094,
          0.014405937343751073,
          0.008222238871107988,
          0.007909467663884551,
          0.007514206377207083
        ]
      },
      "note": "Computed on training set only to prevent data leakage",
      "fisher_score_X_diffused": 0.01299370237360904,
      "between_class_variance_X": 0.006020655342610905,
      "within_class_variance_X": 0.46335179685500594,
      "per_feature_X_stats": {
        "mean": 0.0036987239892706542,
        "std": 0.020205241062736176,
        "max": 0.39832915080831344,
        "top5": [
          0.39832915080831344,
          0.15187372450221365,
          0.09081588774219466,
          0.0878889646906681,
          0.05252599325837524
        ],
        "n_cols_sampled": 500
      }
    },
    {
      "split": 2,
      "fisher_score": 0.0068475924971742146,
      "fisher_score_U": 0.0068475924971742146,
      "between_class_variance": 0.0017579837544282298,
      "within_class_variance": 0.2567301946127335,
      "per_feature_U_stats": {
        "mean": 0.0003444926780337733,
        "std": 0.0010519600962400632,
        "max": 0.024404496797249566,
        "top5": [
          0.024404496797249566,
          0.01632871010191902,
          0.008286525263888027,
          0.008094336888964652,
          0.007541884662976391
        ]
      },
      "note": "Computed on training set only to prevent data leakage",
      "fisher_score_X_diffused": 0.01474742715902159,
      "between_class_variance_X": 0.006972208733955773,
      "within_class_variance_X": 0.4727745835781663,
      "per_feature_X_stats": {
        "mean": 0.003911532388028167,
        "std": 0.02134801049859105,
        "max": 0.42125425336037525,
        "top5": [
          0.42125425336037525,
          0.16185774547306686,
          0.09201773701565266,
          0.0871346958649075,
          0.0583468585079131
        ],
        "n_cols_sampled": 500
      }
    },
    {
      "split": 3,
      "fisher_score": 0.009938137587894918,
      "fisher_score_U": 0.009938137587894918,
      "between_class_variance": 0.0025507295438752012,
      "within_class_variance": 0.25666071950765706,
      "per_feature_U_stats": {
        "mean": 0.0003437074895125179,
        "std": 0.000986672693466241,
        "max": 0.022812135429927133,
        "top5": [
          0.022812135429927133,
          0.015579936340145387,
          0.009056522603409573,
          0.008322259545545715,
          0.007929677875032744
        ]
      },
      "note": "Computed on training set only to prevent data leakage",
      "fisher_score_X_diffused": 0.012941574168923357,
      "between_class_variance_X": 0.006158164999994445,
      "within_class_variance_X": 0.4758435812841119,
      "per_feature_X_stats": {
        "mean": 0.003884307560774243,
        "std": 0.02122433587137155,
        "max": 0.4108591244507004,
        "top5": [
          0.4108591244507004,
          0.17907975850459573,
          0.09898167825740926,
          0.08887363950162616,
          0.049632439510782236
        ],
        "n_cols_sampled": 500
      }
    },
    {
      "split": 4,
      "fisher_score": 0.006989421660606918,
      "fisher_score_U": 0.006989421660606918,
      "between_class_variance": 0.0017823124706140704,
      "within_class_variance": 0.25500142317344543,
      "per_feature_U_stats": {
        "mean": 0.000339039961384814,
        "std": 0.0009989515509368256,
        "max": 0.023984426274177965,
        "top5": [
          0.023984426274177965,
          0.015164724627081906,
          0.007853994587796086,
          0.007698115484615287,
          0.007010034141518537
        ]
      },
      "note": "Computed on training set only to prevent data leakage",
      "fisher_score_X_diffused": 0.012051526818810037,
      "between_class_variance_X": 0.005634806346126353,
      "within_class_variance_X": 0.4675595408651077,
      "per_feature_X_stats": {
        "mean": 0.0036378476379624503,
        "std": 0.01904149053397944,
        "max": 0.36894834615429734,
        "top5": [
          0.36894834615429734,
          0.16001260809774975,
          0.07758853855086559,
          0.07697591815024028,
          0.04916450696120724
        ],
        "n_cols_sampled": 500
      }
    }
  ],
  "note": "Fisher score computed on training set only (no leakage)"
}