{
  "dataset": "citeseer",
  "split_type": "random-splits",
  "num_seeds": 5,
  "num_splits": 3,
  "total_runs_per_model": 15,
  "d_raw": 3703,
  "d_effective": 3302,
  "rank_deficiency": true,
  "epochs": 200,
  "hidden_dim": 256,
  "batch_size": 128,
  "learning_rate": 0.01,
  "weight_decay": 0.0005,
  "models": {
    "standard_scaled": {
      "name": "Standard MLP on X (train-scaled)",
      "test_accuracy": {
        "mean": 0.6628628810246785,
        "std": 0.02371463420132495,
        "all": [
          0.620120108127594,
          0.639639675617218,
          0.6426426768302917,
          0.6606606841087341,
          0.6666666865348816,
          0.6966966986656189,
          0.6696696877479553,
          0.6366366744041443,
          0.672672688961029,
          0.6561561822891235,
          0.6546546816825867,
          0.707207202911377,
          0.6861861944198608,
          0.6891891956329346,
          0.6441441774368286
        ]
      },
      "convergence_metrics": {
        "speed_to_90": {
          "mean": 0.0,
          "std": 0.0
        },
        "speed_to_95": {
          "mean": 0.13333333333333333,
          "std": 0.339934634239519
        },
        "speed_to_99": {
          "mean": 9.6,
          "std": 34.32161612356466
        },
        "auc": {
          "mean": 0.6381877248386542,
          "std": 0.012091448148554368
        },
        "convergence_rate": {
          "mean": -0.0018145360549290974,
          "std": 0.001162496484310882
        },
        "final_acc": {
          "mean": 0.6552380919456482,
          "std": 0.022435551281466515
        }
      },
      "checkpoint_accuracies": {
        "10": {
          "mean": 0.6245614091555277,
          "std": 0.016956889345541282
        },
        "20": {
          "mean": 0.6244611620903016,
          "std": 0.013022548152834696
        },
        "40": {
          "mean": 0.625563911596934,
          "std": 0.014318653537887666
        },
        "80": {
          "mean": 0.6360902309417724,
          "std": 0.01240031229070635
        },
        "160": {
          "mean": 0.6522305846214295,
          "std": 0.021600225423614998
        },
        "200": {
          "mean": 0.6552380919456482,
          "std": 0.022435551281466515
        }
      }
    },
    "rownorm_restricted": {
      "name": "RowNorm MLP on U (restricted)",
      "test_accuracy": {
        "mean": 0.26726727187633514,
        "std": 0.02869400540056556,
        "all": [
          0.25525525212287903,
          0.30180180072784424,
          0.32582584023475647,
          0.23273274302482605,
          0.2432432472705841,
          0.2522522509098053,
          0.25375375151634216,
          0.29279279708862305,
          0.2897897958755493,
          0.28828829526901245,
          0.2567567527294159,
          0.21171171963214874,
          0.2657657861709595,
          0.2522522509098053,
          0.2867867946624756
        ]
      },
      "convergence_metrics": {
        "speed_to_90": {
          "mean": 6.733333333333333,
          "std": 7.018705167067656
        },
        "speed_to_95": {
          "mean": 12.266666666666667,
          "std": 14.08766205664454
        },
        "speed_to_99": {
          "mean": 33.666666666666664,
          "std": 48.47634016255307
        },
        "auc": {
          "mean": 0.24485990151762962,
          "std": 0.013377883863895122
        },
        "convergence_rate": {
          "mean": 0.0011578948299090066,
          "std": 0.0017866279781978574
        },
        "final_acc": {
          "mean": 0.265263158082962,
          "std": 0.03121547595623376
        }
      },
      "checkpoint_accuracies": {
        "10": {
          "mean": 0.260651629169782,
          "std": 0.02129942192864147
        },
        "20": {
          "mean": 0.2323809544245402,
          "std": 0.03376318308656767
        },
        "40": {
          "mean": 0.23829573889573416,
          "std": 0.04344751533855516
        },
        "80": {
          "mean": 0.22335839768250784,
          "std": 0.048739335648661876
        },
        "160": {
          "mean": 0.2620551407337189,
          "std": 0.031697912256932595
        },
        "200": {
          "mean": 0.265263158082962,
          "std": 0.03121547595623376
        }
      }
    }
  }
}