{
  "metadata": {
    "dataset": "ogbn-arxiv",
    "split_type": "fixed",
    "component_type": "lcc",
    "k_diffusion": 2,
    "num_nodes": 169343,
    "num_features": 128,
    "num_classes": 40,
    "num_random_splits": 1,
    "num_seeds": 5,
    "epochs": 200,
    "timestamp": "2025-12-30T18:15:42.437034"
  },
  "final_results": {
    "original_Linear": {
      "val_acc_mean": 0.5941742777824401,
      "val_acc_std": 0.0013645391592900379,
      "test_acc_mean": 0.5813386082649231,
      "test_acc_std": 0.0015702437250127246,
      "train_time_mean": 0.35650362968444826
    },
    "original_Linear+RowNorm": {
      "val_acc_mean": 0.4523104727268219,
      "val_acc_std": 0.0010850445225158826,
      "test_acc_mean": 0.43314199447631835,
      "test_acc_std": 0.0013165338189652883,
      "train_time_mean": 0.36590752601623533
    },
    "original_MLP": {
      "val_acc_mean": 0.7156615614891052,
      "val_acc_std": 0.0012746784826550882,
      "test_acc_mean": 0.7064996123313904,
      "test_acc_std": 0.002579719853360216,
      "train_time_mean": 2.9205789089202883
    },
    "original_MLP+RowNorm": {
      "val_acc_mean": 0.6983187079429627,
      "val_acc_std": 0.0030200515841198455,
      "test_acc_mean": 0.6876736044883728,
      "test_acc_std": 0.0064870191976620665,
      "train_time_mean": 7.472118902206421
    },
    "pca_whiten_Linear": {
      "val_acc_mean": 0.6883519291877747,
      "val_acc_std": 0.0004799778326488988,
      "test_acc_mean": 0.6780733823776245,
      "test_acc_std": 0.00040874414483132516,
      "train_time_mean": 0.4475996017456055
    },
    "pca_whiten_Linear+RowNorm": {
      "val_acc_mean": 0.6377327799797058,
      "val_acc_std": 0.0007120049050392239,
      "test_acc_mean": 0.6396025061607361,
      "test_acc_std": 0.0009892670779755176,
      "train_time_mean": 0.5650660514831543
    },
    "pca_whiten_MLP": {
      "val_acc_mean": 0.7138829827308655,
      "val_acc_std": 0.002184430766904674,
      "test_acc_mean": 0.7027961373329162,
      "test_acc_std": 0.005197185738999267,
      "train_time_mean": 3.0187323570251463
    },
    "pca_whiten_MLP+RowNorm": {
      "val_acc_mean": 0.7075740456581116,
      "val_acc_std": 0.0005991933880082725,
      "test_acc_mean": 0.6977100133895874,
      "test_acc_std": 0.002471869059599552,
      "train_time_mean": 7.509260129928589
    },
    "zca_whiten_Linear": {
      "val_acc_mean": 0.6930433511734009,
      "val_acc_std": 0.0004645005700253501,
      "test_acc_mean": 0.680912709236145,
      "test_acc_std": 0.00032832091704408504,
      "train_time_mean": 0.4490499973297119
    },
    "zca_whiten_Linear+RowNorm": {
      "val_acc_mean": 0.6664250135421753,
      "val_acc_std": 0.0005108668707720561,
      "test_acc_mean": 0.6587124466896057,
      "test_acc_std": 0.0004269744204080528,
      "train_time_mean": 0.5675746440887451
    },
    "zca_whiten_MLP": {
      "val_acc_mean": 0.7162723302841186,
      "val_acc_std": 0.0005890831922992621,
      "test_acc_mean": 0.7070921659469604,
      "test_acc_std": 0.003012930165403147,
      "train_time_mean": 3.0278220176696777
    },
    "zca_whiten_MLP+RowNorm": {
      "val_acc_mean": 0.7077552676200867,
      "val_acc_std": 0.0010525900668559832,
      "test_acc_mean": 0.7002901196479797,
      "test_acc_std": 0.002570613187826078,
      "train_time_mean": 7.512795114517212
    },
    "full_zca_whiten_Linear": {
      "val_acc_mean": 0.6953790068626404,
      "val_acc_std": 0.00030357870866093325,
      "test_acc_mean": 0.6824146747589112,
      "test_acc_std": 0.0005235160047940817,
      "train_time_mean": 0.44813990592956543
    },
    "full_zca_whiten_Linear+RowNorm": {
      "val_acc_mean": 0.6652303576469422,
      "val_acc_std": 0.0005341618520799722,
      "test_acc_mean": 0.6545357346534729,
      "test_acc_std": 0.0008148851852821433,
      "train_time_mean": 0.5667905330657959
    },
    "full_zca_whiten_MLP": {
      "val_acc_mean": 0.7162052154541015,
      "val_acc_std": 0.0008836247884488932,
      "test_acc_mean": 0.7066271901130676,
      "test_acc_std": 0.0013820064444596142,
      "train_time_mean": 3.025662565231323
    },
    "full_zca_whiten_MLP+RowNorm": {
      "val_acc_mean": 0.7074398159980774,
      "val_acc_std": 0.0011099588809541175,
      "test_acc_mean": 0.6957595348358154,
      "test_acc_std": 0.0008667905060180203,
      "train_time_mean": 7.518817567825318
    },
    "rayleigh_ritz_Linear": {
      "val_acc_mean": 0.14191750735044478,
      "val_acc_std": 0.0520566501572367,
      "test_acc_mean": 0.16380882039666175,
      "test_acc_std": 0.06926377513461192,
      "train_time_mean": 0.45157575607299805
    },
    "rayleigh_ritz_Linear+RowNorm": {
      "val_acc_mean": 0.5175811052322388,
      "val_acc_std": 0.0009680997222938501,
      "test_acc_mean": 0.518346619606018,
      "test_acc_std": 0.0013229760546126245,
      "train_time_mean": 0.5698174476623535
    },
    "rayleigh_ritz_MLP": {
      "val_acc_mean": 0.0762777253985405,
      "val_acc_std": 0.0,
      "test_acc_mean": 0.05861778184771538,
      "test_acc_std": 0.0,
      "train_time_mean": 3.0240962505340576
    },
    "rayleigh_ritz_MLP+RowNorm": {
      "val_acc_mean": 0.7024262309074402,
      "val_acc_std": 0.0008672314430976868,
      "test_acc_mean": 0.6904718041419983,
      "test_acc_std": 0.001511933768027777,
      "train_time_mean": 7.010779857635498
    }
  },
  "whitening_analysis": {
    "pca_whiten": {
      "name": "pca_whiten",
      "dim_original": 128,
      "dim_whitened": 128,
      "dist_from_I_original": 117.08834311309994,
      "dist_from_I_whitened": 3.221550185518733,
      "condition_original": 41891.41015625,
      "condition_whitened": 12.012066841125488,
      "entropy_original": 0.5775967836380005,
      "entropy_whitened": 4.806087493896484,
      "max_entropy_original": 4.852030263919617,
      "max_entropy_whitened": 4.852030263919617,
      "uniformity_original": 0.11904228791256556,
      "uniformity_whitened": 0.9905312276461321,
      "whitening_indicators": 3
    },
    "zca_whiten": {
      "name": "zca_whiten",
      "dim_original": 128,
      "dim_whitened": 128,
      "dist_from_I_original": 117.08834311309994,
      "dist_from_I_whitened": 3.2215496270901363,
      "condition_original": 41891.41015625,
      "condition_whitened": 12.012072563171387,
      "entropy_original": 0.5775967836380005,
      "entropy_whitened": 4.806087493896484,
      "max_entropy_original": 4.852030263919617,
      "max_entropy_whitened": 4.852030263919617,
      "uniformity_original": 0.11904228791256556,
      "uniformity_whitened": 0.9905312276461321,
      "whitening_indicators": 3
    },
    "full_zca_whiten": {
      "name": "full_zca_whiten",
      "dim_original": 128,
      "dim_whitened": 128,
      "dist_from_I_original": 117.08834311309994,
      "dist_from_I_whitened": 3.59501711859458,
      "condition_original": 41891.41015625,
      "condition_whitened": 9.310641288757324,
      "entropy_original": 0.5775967836380005,
      "entropy_whitened": 4.792806148529053,
      "max_entropy_original": 4.852030263919617,
      "max_entropy_whitened": 4.852030263919617,
      "uniformity_original": 0.11904228791256556,
      "uniformity_whitened": 0.9877939517749996,
      "whitening_indicators": 3
    },
    "rayleigh_ritz": {
      "name": "rayleigh_ritz",
      "dim_original": 128,
      "dim_whitened": 127,
      "dist_from_I_original": 117.08834311309994,
      "dist_from_I_whitened": 4.674937673712633,
      "condition_original": 41891.41015625,
      "condition_whitened": 88.8875961303711,
      "entropy_original": 0.5775967836380005,
      "entropy_whitened": 4.743872165679932,
      "max_entropy_original": 4.852030263919617,
      "max_entropy_whitened": 4.844187086458591,
      "uniformity_original": 0.11904228791256556,
      "uniformity_whitened": 0.9792916914668554,
      "whitening_indicators": 3
    }
  },