{
  "fisher_score": 0.0031496091655356063,
  "mean_fisher_score": 0.002924687523918188,
  "std_fisher_score": 0.000129694039145873,
  "per_split": [
    {
      "split": 0,
      "fisher_score": 0.0031496091655356063,
      "fisher_score_U": 0.0031496091655356063,
      "between_class_variance": 0.0003194984889974837,
      "within_class_variance": 0.10144067793984574,
      "per_feature_U_stats": {
        "mean": 6.541125776032098e-05,
        "std": 7.000847049143338e-05,
        "max": 0.0008365628923553891,
        "top5": [
          0.0008365628923553891,
          0.00039489005051277355,
          0.00038925362176058003,
          0.0003718216830065381,
          0.00032692102544425855
        ]
      },
      "note": "Computed on training set only to prevent data leakage",
      "fisher_score_X_diffused": 0.0038832508282211817,
      "between_class_variance_X": 0.00019612902797046383,
      "within_class_variance_X": 0.05050640214768345,
      "per_feature_X_stats": {
        "mean": 0.00047526357533690314,
        "std": 0.0010305363574002351,
        "max": 0.019166535459766765,
        "top5": [
          0.019166535459766765,
          0.00509334451470842,
          0.0043754017836289145,
          0.0042569335067486995,
          0.0031075687448452855
        ],
        "n_cols_sampled": 500
      }
    },
    {
      "split": 1,
      "fisher_score": 0.0028171851035891666,
      "fisher_score_U": 0.0028171851035891666,
      "between_class_variance": 0.00028818147134184716,
      "within_class_variance": 0.10229412010403453,
      "per_feature_U_stats": {
        "mean": 6.01404500976409e-05,
        "std": 6.676130414367546e-05,
        "max": 0.000856009365293485,
        "top5": [
          0.000856009365293485,
          0.0003624259374715453,
          0.0003386270815566877,
          0.00032011938099577383,
          0.00031529545674953896
        ]
      },
      "note": "Computed on training set only to prevent data leakage",
      "fisher_score_X_diffused": 0.003583185636061484,
      "between_class_variance_X": 0.00017957024256598912,
      "within_class_variance_X": 0.05011469145186869,
      "per_feature_X_stats": {
        "mean": 0.000471752800826718,
        "std": 0.0009888501155075166,
        "max": 0.01810617803296462,
        "top5": [
          0.01810617803296462,
          0.005004106909552408,
          0.004405230545924305,
          0.004059835356673556,
          0.003108764007405905
        ],
        "n_cols_sampled": 500
      }
    },
    {
      "split": 2,
      "fisher_score": 0.0029693234221463134,
      "fisher_score_U": 0.0029693234221463134,
      "between_class_variance": 0.0003017659356373107,
      "within_class_variance": 0.10162784336210351,
      "per_feature_U_stats": {
        "mean": 6.221692469658653e-05,
        "std": 6.848282849950507e-05,
        "max": 0.0008369505412943442,
        "top5": [
          0.0008369505412943442,
          0.00037728519523567815,
          0.00037257107825193963,
          0.00035046562007970015,
          0.00034625691229124404
        ]
      },
      "note": "Computed on training set only to prevent data leakage",
      "fisher_score_X_diffused": 0.003629401839168565,
      "between_class_variance_X": 0.00018254661068836005,
      "within_class_variance_X": 0.050296610509840495,
      "per_feature_X_stats": {
        "mean": 0.00047131759860713854,
        "std": 0.0010118925093393059,
        "max": 0.018759781315633182,
        "top5": [
          0.018759781315633182,
          0.004972391031081503,
          0.004459638044072826,
          0.004135749788537924,
          0.0030369200823643578
        ],
        "n_cols_sampled": 500
      }
    },
    {
      "split": 3,
      "fisher_score": 0.0027852095175662714,
      "fisher_score_U": 0.0027852095175662714,
      "between_class_variance": 0.00028288451289916667,
      "within_class_variance": 0.10156669044645246,
      "per_feature_U_stats": {
        "mean": 5.958192935302405e-05,
        "std": 6.902420956267294e-05,
        "max": 0.0008872144719004267,
        "top5": [
          0.0008872144719004267,
          0.0003837522887733898,
          0.00036171240134577203,
          0.0003498209943961957,
          0.0003379110865998197
        ]
      },
      "note": "Computed on training set only to prevent data leakage",
      "fisher_score_X_diffused": 0.003559268791722642,
      "between_class_variance_X": 0.00018072491018423628,
      "within_class_variance_X": 0.050775853345082056,
      "per_feature_X_stats": {
        "mean": 0.0004605058567807444,
        "std": 0.0009774150487465215,
        "max": 0.01805275526665425,
        "top5": [
          0.01805275526665425,
          0.004775297928335032,
          0.004257760167501523,
          0.003990101713340506,
          0.0032464219479575013
        ],
        "n_cols_sampled": 500
      }
    },
    {
      "split": 4,
      "fisher_score": 0.002902110410753583,
      "fisher_score_U": 0.002902110410753583,
      "between_class_variance": 0.0002887867193616667,
      "within_class_variance": 0.0995092117417677,
      "per_feature_U_stats": {
        "mean": 6.040679764271515e-05,
        "std": 6.68876044589669e-05,
        "max": 0.0007956092201346582,
        "top5": [
          0.0007956092201346582,
          0.00037103647965890503,
          0.000342230626301092,
          0.0003410622202018033,
          0.00034076067487773704
        ]
      },
      "note": "Computed on training set only to prevent data leakage",
      "fisher_score_X_diffused": 0.0039305712592260875,
      "between_class_variance_X": 0.0001972620849224721,
      "within_class_variance_X": 0.05018661968268504,
      "per_feature_X_stats": {
        "mean": 0.00046699386212069934,
        "std": 0.000996211393401619,
        "max": 0.018353240540883636,
        "top5": [
          0.018353240540883636,
          0.004966839610863032,
          0.004350160165749872,
          0.004208228563188362,
          0.0031750829274605004
        ],
        "n_cols_sampled": 500
      }
    }
  ],
  "note": "Fisher score computed on training set only (no leakage)"
}