{
  "dataset": "citeseer",
  "k": 6,
  "split_type": "random",
  "component_type": "lcc",
  "num_seeds": 15,
  "num_splits": 5,
  "total_runs_per_method": 75,
  "metadata": {
    "d_effective": 1989,
    "ortho_error": 2.2338697558410558e-10,
    "num_components": 0,
    "num_nodes": 2120,
    "num_features": 3703,
    "num_classes": 6
  },
  "experiments": {
    "sgc_mlp_baseline": {
      "test_acc_mean": 0.745440263748169,
      "test_acc_std": 0.021337353666735694,
      "val_acc_mean": 0.7574842858314514,
      "val_acc_std": 0.02002866051682866,
      "per_run_test_acc": [
        0.7334905862808228,
        0.75,
        0.7523584961891174,
        0.740566074848175,
        0.7523584961891174,
        0.7287735939025879,
        0.7429245114326477,
        0.7193396091461182,
        0.7429245114326477,
        0.7146226763725281,
        0.7382075786590576,
        0.7216981053352356,
        0.7146226763725281,
        0.7311320900917053,
        0.7216981053352356,
        0.7547169923782349,
        0.7547169923782349,
        0.7594339847564697,
        0.7641509771347046,
        0.766509473323822,
        0.740566074848175,
        0.766509473323822,
        0.7547169923782349,
        0.7641509771347046,
        0.7688679099082947,
        0.7547169923782349,
        0.7617924809455872,
        0.7688679099082947,
        0.766509473323822,
        0.7452830076217651,
        0.7429245114326477,
        0.7617924809455872,
        0.7617924809455872,
        0.75,
        0.7877358794212341,
        0.7641509771347046,
        0.7877358794212341,
        0.7712264060974121,
        0.7830188870429993,
        0.7948113083839417,
        0.7948113083839417,
        0.7806603908538818,
        0.7830188870429993,
        0.766509473323822,
        0.7712264060974121,
        0.724056601524353,
        0.7334905862808228,
        0.7122641801834106,
        0.7287735939025879,
        0.7334905862808228,
        0.7334905862808228,
        0.7264150977134705,
        0.7311320900917053,
        0.7287735939025879,
        0.7334905862808228,
        0.7429245114326477,
        0.740566074848175,
        0.7311320900917053,
        0.7311320900917053,
        0.7264150977134705,
        0.7311320900917053,
        0.7169811725616455,
        0.7476415038108826,
        0.7334905862808228,
        0.7429245114326477,
        0.7264150977134705,
        0.7429245114326477,
        0.7311320900917053,
        0.7287735939025879,
        0.740566074848175,
        0.7287735939025879,
        0.7358490824699402,
        0.6933962106704712,
        0.7429245114326477,
        0.7099056839942932
      ],
      "n_runs": 75,
      "train_acc_mean": 0.8474318385124207,
      "train_acc_std": 0.036427649672446036,
      "num_params": 1015558,
      "param_to_train_ratio": 798.3946540880503
    },
    "restricted_standard_mlp": {
      "test_acc_mean": 0.6053459231058756,
      "test_acc_std": 0.0250054394509284,
      "val_acc_mean": 0.6206289370854695,
      "val_acc_std": 0.03603208184658245,
      "per_run_test_acc": [
        0.5660377740859985,
        0.5589622855186462,
        0.5872641801834106,
        0.5896226763725281,
        0.599056601524353,
        0.573113203048706,
        0.6320754885673523,
        0.5801886916160583,
        0.6037735939025879,
        0.6132075786590576,
        0.650943398475647,
        0.5849056839942932,
        0.6108490824699402,
        0.5966981053352356,
        0.6014150977134705,
        0.5424528121948242,
        0.6014150977134705,
        0.6037735939025879,
        0.5801886916160583,
        0.5825471878051758,
        0.5849056839942932,
        0.599056601524353,
        0.6108490824699402,
        0.5849056839942932,
        0.6014150977134705,
        0.615566074848175,
        0.5707547068595886,
        0.6132075786590576,
        0.5542452931404114,
        0.5707547068595886,
        0.615566074848175,
        0.6344339847564697,
        0.6037735939025879,
        0.6344339847564697,
        0.6132075786590576,
        0.6202830076217651,
        0.6533018946647644,
        0.6037735939025879,
        0.6202830076217651,
        0.6533018946647644,
        0.6485849022865295,
        0.5966981053352356,
        0.6367924809455872,
        0.6132075786590576,
        0.6179245114326477,
        0.5825471878051758,
        0.5778301954269409,
        0.6084905862808228,
        0.5966981053352356,
        0.5919811129570007,
        0.5849056839942932,
        0.6202830076217651,
        0.5943396091461182,
        0.5683962106704712,
        0.6226415038108826,
        0.6367924809455872,
        0.5801886916160583,
        0.5896226763725281,
        0.5589622855186462,
        0.5919811129570007,
        0.6108490824699402,
        0.6438679099082947,
        0.6367924809455872,
        0.6391509771347046,
        0.6273584961891174,
        0.5896226763725281,
        0.6320754885673523,
        0.625,
        0.6108490824699402,
        0.6297169923782349,
        0.6320754885673523,
        0.6273584961891174,
        0.6273584961891174,
        0.6202830076217651,
        0.6132075786590576
      ],
      "n_runs": 75,
      "train_acc_mean": 0.9999999403953552,
      "train_acc_std": 0.0,
      "num_params": 576774,
      "param_to_train_ratio": 453.438679245283
    },
    "restricted_rownorm_mlp": {
      "test_acc_mean": 0.6528930926322937,
      "test_acc_std": 0.018371508287591393,
      "val_acc_mean": 0.6619811399777731,
      "val_acc_std": 0.01855942815944993,
      "per_run_test_acc": [
        0.6533018946647644,
        0.6438679099082947,
        0.6745283007621765,
        0.650943398475647,
        0.6721698045730591,
        0.615566074848175,
        0.676886796951294,
        0.650943398475647,
        0.6533018946647644,
        0.6650943756103516,
        0.6627358794212341,
        0.6367924809455872,
        0.6580188870429993,
        0.6485849022865295,
        0.6580188870429993,
        0.6320754885673523,
        0.6367924809455872,
        0.6367924809455872,
        0.6367924809455872,
        0.6792452931404114,
        0.6674528121948242,
        0.676886796951294,
        0.6698113083839417,
        0.6650943756103516,
        0.6415094137191772,
        0.6438679099082947,
        0.6485849022865295,
        0.6886792778968811,
        0.6438679099082947,
        0.6674528121948242,
        0.6603773832321167,
        0.6462264060974121,
        0.6485849022865295,
        0.6462264060974121,
        0.6297169923782349,
        0.625,
        0.6792452931404114,
        0.6533018946647644,
        0.6132075786590576,
        0.6603773832321167,
        0.7028301954269409,
        0.6650943756103516,
        0.6485849022865295,
        0.6721698045730591,
        0.6580188870429993,
        0.6297169923782349,
        0.6485849022865295,
        0.650943398475647,
        0.650943398475647,
        0.6462264060974121,
        0.6462264060974121,
        0.6839622855186462,
        0.6367924809455872,
        0.6202830076217651,
        0.6320754885673523,
        0.6367924809455872,
        0.6745283007621765,
        0.6650943756103516,
        0.6391509771347046,
        0.6084905862808228,
        0.615566074848175,
        0.6603773832321167,
        0.6533018946647644,
        0.6603773832321167,
        0.6485849022865295,
        0.6367924809455872,
        0.6698113083839417,
        0.6603773832321167,
        0.6556603908538818,
        0.6603773832321167,
        0.6556603908538818,
        0.6462264060974121,
        0.6886792778968811,
        0.6603773832321167,
        0.6603773832321167
      ],
      "n_runs": 75,
      "train_acc_mean": 0.9987211426099142,
      "train_acc_std": 0.0008297398286566227,
      "num_params": 576256,
      "param_to_train_ratio": 453.0314465408805
    }
  },
  "framework_analysis": {
    "sgc_mlp_acc_pct": 74.5440263748169,
    "restricted_std_acc_pct": 60.53459231058756,