{
  "fisher_score": 0.12237354291088942,
  "mean_fisher_score": 0.11447694305809117,
  "std_fisher_score": 0.004257307282806092,
  "per_split": [
    {
      "split": 0,
      "fisher_score": 0.12237354291088942,
      "fisher_score_U": 0.12237354291088942,
      "between_class_variance": 0.02509375096792851,
      "within_class_variance": 0.20505862926761387,
      "per_feature_U_stats": {
        "mean": 0.00033990477847652877,
        "std": 0.00543918988526069,
        "max": 0.378582652815818,
        "top5": [
          0.378582652815818,
          0.1660693685057761,
          0.10100580415414495,
          0.07139591262356873,
          0.0612391417671703
        ]
      },
      "note": "Computed on training set only to prevent data leakage",
      "fisher_score_X_diffused": 0.7069291497893762,
      "between_class_variance_X": 0.5113384717776961,
      "within_class_variance_X": 0.7233235069314163,
      "per_feature_X_stats": {
        "mean": 0.011703091620478787,
        "std": 0.03250560649144212,
        "max": 0.29990937004708224,
        "top5": [
          0.29990937004708224,
          0.2694223116683118,
          0.26827610819874437,
          0.24604762615505843,
          0.2069085398613256
        ],
        "n_cols_sampled": 500
      }
    },
    {
      "split": 1,
      "fisher_score": 0.11193618758073508,
      "fisher_score_U": 0.11193618758073508,
      "between_class_variance": 0.023179630135031222,
      "within_class_variance": 0.20707896736533649,
      "per_feature_U_stats": {
        "mean": 0.00031626184232412785,
        "std": 0.0049608912485262745,
        "max": 0.3492926817726291,
        "top5": [
          0.3492926817726291,
          0.1410252883623822,
          0.10033170578830028,
          0.06663101984367259,
          0.04859045357289391
        ]
      },
      "note": "Computed on training set only to prevent data leakage",
      "fisher_score_X_diffused": 0.7284300414858125,
      "between_class_variance_X": 0.5186665463175132,
      "within_class_variance_X": 0.7120334373628592,
      "per_feature_X_stats": {
        "mean": 0.011709710735287295,
        "std": 0.03205895562880651,
        "max": 0.30046291743243053,
        "top5": [
          0.30046291743243053,
          0.2670260065782108,
          0.2477999848477855,
          0.2183101121935075,
          0.2045341790880097
        ],
        "n_cols_sampled": 500
      }
    },
    {
      "split": 2,
      "fisher_score": 0.11349738165796032,
      "fisher_score_U": 0.11349738165796032,
      "between_class_variance": 0.023512585788273296,
      "within_class_variance": 0.2071641252406302,
      "per_feature_U_stats": {
        "mean": 0.0003139899477307604,
        "std": 0.0048686442902876334,
        "max": 0.3301695378267069,
        "top5": [
          0.3301695378267069,
          0.15903906417396604,
          0.10201009272023402,
          0.0703586237206442,
          0.04560556890173753
        ]
      },
      "note": "Computed on training set only to prevent data leakage",
      "fisher_score_X_diffused": 0.7110022106589687,
      "between_class_variance_X": 0.5107543827629405,
      "within_class_variance_X": 0.718358361065523,
      "per_feature_X_stats": {
        "mean": 0.011518542060849084,
        "std": 0.031559819302941834,
        "max": 0.2921478764523719,
        "top5": [
          0.2921478764523719,
          0.2659487547437217,
          0.2616087691463013,
          0.22942097709031978,
          0.20166821281852973
        ],
        "n_cols_sampled": 500
      }
    },
    {
      "split": 3,
      "fisher_score": 0.11466326277180465,
      "fisher_score_U": 0.11466326277180465,
      "between_class_variance": 0.023696112010352908,
      "within_class_variance": 0.2066582743028285,
      "per_feature_U_stats": {
        "mean": 0.0003120356846775755,
        "std": 0.004861416957423721,
        "max": 0.3386543633797548,
        "top5": [
          0.3386543633797548,
          0.15959092386212262,
          0.09162452085279833,
          0.05530698768634523,
          0.04167652481543311
        ]
      },
      "note": "Computed on training set only to prevent data leakage",
      "fisher_score_X_diffused": 0.7016800145254481,
      "between_class_variance_X": 0.5093544784252539,
      "within_class_variance_X": 0.7259070628792734,
      "per_feature_X_stats": {
        "mean": 0.011612136548826943,
        "std": 0.03225128690004731,
        "max": 0.299005777427689,
        "top5": [
          0.299005777427689,
          0.2714505933627188,
          0.26814336100132335,
          0.23461118753706373,
          0.2068040807837951
        ],
        "n_cols_sampled": 500
      }
    },
    {
      "split": 4,
      "fisher_score": 0.1099143403690664,
      "fisher_score_U": 0.1099143403690664,
      "between_class_variance": 0.02258831273848222,
      "within_class_variance": 0.20550833187585896,
      "per_feature_U_stats": {
        "mean": 0.00032111049594555415,
        "std": 0.0052471427505686,
        "max": 0.36805284367010105,
        "top5": [
          0.36805284367010105,
          0.16923592687712424,
          0.08977604048057994,
          0.06439806869581967,
          0.04865725830253397
        ]
      },
      "note": "Computed on training set only to prevent data leakage",
      "fisher_score_X_diffused": 0.711351113702372,
      "between_class_variance_X": 0.5089865111413022,
      "within_class_variance_X": 0.7155207904183605,
      "per_feature_X_stats": {
        "mean": 0.011559790475255797,
        "std": 0.03203374920043463,
        "max": 0.29418435882340727,
        "top5": [
          0.29418435882340727,
          0.26143767437067794,
          0.2535425009995226,
          0.2348128506814111,
          0.21702339828579517
        ],
        "n_cols_sampled": 500
      }
    }
  ],
  "note": "Fisher score computed on training set only (no leakage)"
}