{
  "dataset": "amazon-photo",
  "k": 8,
  "split_type": "fixed",
  "component_type": "lcc",
  "num_seeds": 15,
  "num_splits": 1,
  "total_runs_per_method": 15,
  "metadata": {
    "d_effective": 745,
    "ortho_error": 3.339124532431015e-10,
    "num_components": 0,
    "num_nodes": 7487,
    "num_features": 745,
    "num_classes": 8
  },
  "experiments": {
    "sgc_mlp_baseline": {
      "test_acc_mean": 0.9224226673444113,
      "test_acc_std": 0.0037856074500867433,
      "val_acc_mean": 0.9357843359311422,
      "val_acc_std": 0.0019749082131016987,
      "per_run_test_acc": [
        0.9291917681694031,
        0.9251837134361267,
        0.9245157241821289,
        0.9211757183074951,
        0.9178357124328613,
        0.9198397397994995,
        0.9164997339248657,
        0.9171677231788635,
        0.9271877408027649,
        0.9258517622947693,
        0.9185037016868591,
        0.9211757183074951,
        0.9238477349281311,
        0.9258517622947693,
        0.9225117564201355
      ],
      "n_runs": 15,
      "train_acc_mean": 0.9351579666137695,
      "train_acc_std": 0.0031266772953060886,
      "num_params": 258824,
      "param_to_train_ratio": 57.59323542501112
    },
    "restricted_standard_mlp": {
      "test_acc_mean": 0.8781118154525757,
      "test_acc_std": 0.004065994097869275,
      "val_acc_mean": 0.8915329933166504,
      "val_acc_std": 0.0025185210695483984,
      "per_run_test_acc": [
        0.8690714836120605,
        0.8717435002326965,
        0.8810955882072449,
        0.8777555227279663,
        0.8764195442199707,
        0.8824315667152405,
        0.8764195442199707,
        0.8810955882072449,
        0.8830995559692383,
        0.8804275393486023,
        0.8817635774612427,
        0.8797595500946045,
        0.8764195442199707,
        0.8810955882072449,
        0.8730795383453369
      ],
      "n_runs": 15,
      "train_acc_mean": 0.9967660228411357,
      "train_acc_std": 0.00179835155983927,
      "num_params": 258824,
      "param_to_train_ratio": 57.59323542501112
    },
    "restricted_rownorm_mlp": {
      "test_acc_mean": 0.8928078730901082,
      "test_acc_std": 0.004555934039006358,
      "val_acc_mean": 0.9043226639429728,
      "val_acc_std": 0.002235283386812151,
      "per_run_test_acc": [
        0.8871076107025146,
        0.8951236009597778,
        0.8884435892105103,
        0.897127628326416,
        0.8897795677185059,
        0.8957916498184204,
        0.8937876224517822,
        0.8951236009597778,
        0.8911156058311462,
        0.8864395618438721,
        0.8931196331977844,
        0.8924515843391418,
        0.8857715725898743,
        0.9011356234550476,
        0.899799644947052
      ],
      "n_runs": 15,
      "train_acc_mean": 0.9918409546216329,
      "train_acc_std": 0.002747802235626639,
      "num_params": 258304,
      "param_to_train_ratio": 57.477525589675125
    }
  },
  "framework_analysis": {
    "sgc_mlp_acc_pct": 92.24226673444113,
    "restricted_std_acc_pct": 87.81118154525757,
    "restricted_rownorm_acc_pct": 89.28078730901082,
    "part_a_pp": 4.4310851891835625,
    "part_b_pp": 1.4696057637532505,
    "remaining_gap_pp": 2.961479425430312
  }
}