{
  "dataset": "ogbn-arxiv",
  "k": 4,
  "split_type": "random",
  "component_type": "lcc",
  "num_seeds": 15,
  "num_splits": 5,
  "total_runs_per_method": 75,
  "metadata": {
    "d_effective": 128,
    "ortho_error": 2.6581981060758153e-10,
    "num_components": 0,
    "num_nodes": 169343,
    "num_features": 128,
    "num_classes": 40
  },
  "experiments": {
    "sgc_mlp_baseline": {
      "test_acc_mean": 0.7331798235575359,
      "test_acc_std": 0.002406093140875246,
      "val_acc_mean": 0.7358237783114115,
      "val_acc_std": 0.0012605235583212292,
      "per_run_test_acc": [
        0.7346915006637573,
        0.7348095774650574,
        0.7358724474906921,
        0.735990583896637,
        0.7350457906723022,
        0.7358134388923645,
        0.7358134388923645,
        0.7355772256851196,
        0.7349276542663574,
        0.7360791563987732,
        0.7353410124778748,
        0.7354591488838196,
        0.7369943857192993,
        0.7355477213859558,
        0.7349276542663574,
        0.7308828234672546,
        0.7316504716873169,
        0.7295246720314026,
        0.7346324324607849,
        0.7316209077835083,
        0.7319161891937256,
        0.7309713959693909,
        0.7315028309822083,
        0.7310304045677185,
        0.7326837778091431,
        0.7323590517044067,
        0.730853259563446,
        0.7304399609565735,
        0.7307646870613098,
        0.7285798788070679,
        0.7317685484886169,
        0.7333038449287415,
        0.7359315156936646,
        0.7334219217300415,
        0.7323294878005981,
        0.7330381274223328,
        0.7335695624351501,
        0.7317980527877808,
        0.7310599684715271,
        0.7347800731658936,
        0.7348095774650574,
        0.7319456934928894,
        0.735429584980011,
        0.7317980527877808,
        0.7354591488838196,
        0.7294951677322388,
        0.7312961220741272,
        0.7292884588241577,
        0.730735182762146,
        0.7291998863220215,
        0.7313846945762634,
        0.7301446795463562,
        0.73005610704422,
        0.7288160920143127,
        0.7301446795463562,
        0.7308828234672546,
        0.7301151752471924,
        0.7326542735099792,
        0.7300266027450562,
        0.7301151752471924,
        0.7354886531829834,
        0.736108660697937,
        0.7355772256851196,
        0.7364925146102905,
        0.7352229356765747,
        0.7369943857192993,
        0.7355772256851196,
        0.7368172407150269,
        0.7359020113945007,
        0.7360495924949646,
        0.7352820038795471,
        0.73427814245224,
        0.7333924174308777,
        0.7344257831573486,
        0.7337762117385864
      ],
      "n_runs": 75,
      "train_acc_mean": 0.776204035282135,
      "train_acc_std": 0.003958761398423867,
      "num_params": 109096,
      "param_to_train_ratio": 1.073726686678805
    },
    "restricted_standard_mlp": {
      "test_acc_mean": 0.7326904980341593,
      "test_acc_std": 0.002796608181538613,
      "val_acc_mean": 0.736156833966573,
      "val_acc_std": 0.0012911354862565106,
      "per_run_test_acc": [
        0.7340714931488037,
        0.7363448739051819,
        0.7364925146102905,
        0.7365515232086182,
        0.735990583896637,
        0.7351343631744385,
        0.7354591488838196,
        0.7359020113945007,
        0.7363743782043457,
        0.7371125221252441,
        0.7361677289009094,
        0.7347800731658936,
        0.7364925146102905,
        0.7352524399757385,
        0.7348981499671936,
        0.7310599684715271,
        0.7310894727706909,
        0.7311485409736633,
        0.7299084663391113,
        0.7310009002685547,
        0.73017418384552,
        0.7291703820228577,
        0.73017418384552,
        0.730735182762146,
        0.730735182762146,
        0.7322409152984619,
        0.7298789620399475,
        0.7294360995292664,
        0.7314732670783997,
        0.7300266027450562,
        0.7346915006637573,
        0.7333333492279053,
        0.7348686456680298,
        0.7325361967086792,
        0.7332742810249329,
        0.7325066328048706,
        0.7344847917556763,
        0.7315618395805359,
        0.735636293888092,
        0.7349276542663574,
        0.7350752949714661,
        0.7344257831573486,
        0.7344552874565125,
        0.7347210049629211,
        0.734750509262085,
        0.7268674373626709,
        0.7273693680763245,
        0.7281665205955505,
        0.7279303073883057,
        0.7305285334587097,
        0.7292294502258301,
        0.728550374507904,
        0.7285798788070679,
        0.7268379330635071,
        0.7304989695549011,
        0.7282550930976868,
        0.7290522456169128,
        0.7286389470100403,
        0.7309713959693909,
        0.7296427488327026,
        0.7355772256851196,
        0.7339238524436951,
        0.7327428460121155,
        0.734750509262085,
        0.7346619367599487,
        0.7353705763816833,
        0.7342190742492676,
        0.7335695624351501,
        0.7327723503112793,
        0.7338647842407227,
        0.7357838749885559,
        0.7344552874565125,
        0.7341895699501038,
        0.73439621925354,
        0.7338647842407227
      ],
      "n_runs": 75,
      "train_acc_mean": 0.7928549242019653,
      "train_acc_std": 0.009065049714265737,
      "num_params": 109096,
      "param_to_train_ratio": 1.073726686678805
    },
    "restricted_rownorm_mlp": {
      "test_acc_mean": 0.7248337904612223,
      "test_acc_std": 0.0029676060241521,
      "val_acc_mean": 0.727898104985555,
      "val_acc_std": 0.0011484324528272037,
      "per_run_test_acc": [
        0.7296427488327026,
        0.7274874448776245,
        0.7249778509140015,
        0.7291408181190491,
        0.7268970012664795,
        0.7282846570014954,
        0.7280779480934143,
        0.7294656038284302,
        0.728225588798523,
        0.727192223072052,
        0.7274579405784607,
        0.7259226441383362,
        0.7293475270271301,
        0.7280189394950867,
        0.7265426516532898,
        0.7224387526512146,
        0.7224387526512146,
        0.7233540415763855,
        0.7240626215934753,
        0.7219958901405334,
        0.7253912091255188,
        0.722291111946106,
        0.7251549959182739,
        0.7215530276298523,
        0.7242102026939392,
        0.7232064008712769,
        0.7226454019546509,
        0.7214939594268799,
        0.7216416001319885,
        0.723531186580658,
        0.7260702848434448,
        0.7231473326683044,
        0.725479781627655,
        0.7267788648605347,
        0.7259522080421448,
        0.7251549959182739,
        0.7251254916191101,
        0.7236787676811218,
        0.7241806983947754,
        0.7242102026939392,
        0.7251845598220825,
        0.7242692708969116,
        0.7262769341468811,
        0.7284027338027954,
        0.7268084287643433,
        0.722291111946106,
        0.7212282419204712,
        0.718393862247467,
        0.721257746219635,
        0.7214053869247437,
        0.7224092483520508,
        0.7235606908798218,
        0.7185415029525757,
        0.7226158976554871,
        0.7226749658584595,
        0.7208444476127625,
        0.7201358079910278,
        0.7188957929611206,
        0.7193681597709656,
        0.718275785446167,
        0.7258931398391724,
        0.7258340716362,
        0.7279303073883057,
        0.7251845598220825,
        0.7262179255485535,
        0.727871298789978,
        0.7303218245506287,
        0.7261883616447449,
        0.7287570238113403,
        0.727074146270752,
        0.7289341688156128,
        0.726040780544281,
        0.7288160920143127,
        0.7259522080421448,
        0.7268084287643433
      ],
      "n_runs": 75,
      "train_acc_mean": 0.8055619080861409,
      "train_acc_std": 0.007234443524447835,
      "num_params": 108544,
      "param_to_train_ratio": 1.0682938831750406
    }
  },
  "framework_analysis": {
    "sgc_mlp_acc_pct": 73.31798235575359,