{
  "dataset": "ogbn-arxiv",
  "k": 4,
  "split_type": "random",
  "component_type": "lcc",
  "num_seeds": 15,
  "num_splits": 5,
  "total_runs_per_method": 75,
  "metadata": {
    "d_effective": 128,
    "ortho_error": 7.513761834943011e-10,
    "num_components": 0,
    "num_nodes": 169343,
    "num_features": 128,
    "num_classes": 40
  },
  "experiments": {
    "sgc_mlp_baseline": {
      "test_acc_mean": 0.7307883262634277,
      "test_acc_std": 0.002848895759145893,
      "val_acc_mean": 0.733609692255656,
      "val_acc_std": 0.0016497157419061597,
      "per_run_test_acc": [
        0.7333628535270691,
        0.7329790592193604,
        0.732447624206543,
        0.733126699924469,
        0.7340419292449951,
        0.7347800731658936,
        0.7319456934928894,
        0.7328019142150879,
        0.7318571209907532,
        0.7340419292449951,
        0.7351047992706299,
        0.732447624206543,
        0.7331562042236328,
        0.7352229356765747,
        0.7317980527877808,
        0.7286979556083679,
        0.7279598712921143,
        0.7298494577407837,
        0.7322704792022705,
        0.7292884588241577,
        0.7301446795463562,
        0.7297608852386475,
        0.7295246720314026,
        0.73017418384552,
        0.7288455963134766,
        0.7305285334587097,
        0.73005610704422,
        0.7305580377578735,
        0.7269855737686157,
        0.7282846570014954,
        0.7317685484886169,
        0.7316799759864807,
        0.7306761145591736,
        0.7324771285057068,
        0.7302627563476562,
        0.7290522456169128,
        0.7329790592193604,
        0.731207549571991,
        0.7330381274223328,
        0.7296427488327026,
        0.7329199910163879,
        0.7315323352813721,
        0.7316504716873169,
        0.7339238524436951,
        0.729583740234375,
        0.7258636355400085,
        0.7268084287643433,
        0.7251549959182739,
        0.7257750630378723,
        0.7266902923583984,
        0.7251845598220825,
        0.7250369191169739,
        0.7246531248092651,
        0.7269855737686157,
        0.7283732295036316,
        0.7277827262878418,
        0.7257750630378723,
        0.7286093831062317,
        0.7277827262878418,
        0.7260702848434448,
        0.7329495549201965,
        0.7333628535270691,
        0.7350162267684937,
        0.7356657981872559,
        0.7310304045677185,
        0.7337762117385864,
        0.7338352799415588,
        0.73427814245224,
        0.7324771285057068,
        0.7317094802856445,
        0.7332152724266052,
        0.7334219217300415,
        0.7321523427963257,
        0.7328904867172241,
        0.7323590517044067
      ],
      "n_runs": 75,
      "train_acc_mean": 0.7907168348630269,
      "train_acc_std": 0.009261659134850157,
      "num_params": 109096,
      "param_to_train_ratio": 1.073726686678805
    },
    "restricted_standard_mlp": {
      "test_acc_mean": 0.727182772954305,
      "test_acc_std": 0.00245677126301958,
      "val_acc_mean": 0.7299271567662557,
      "val_acc_std": 0.0013932088201372113,
      "per_run_test_acc": [
        0.7299380302429199,
        0.7301446795463562,
        0.7291998863220215,
        0.7292589545249939,
        0.7284913063049316,
        0.7288455963134766,
        0.7302037477493286,
        0.7298494577407837,
        0.725479781627655,
        0.7308828234672546,
        0.7291408181190491,
        0.7292589545249939,
        0.7298494577407837,
        0.7310304045677185,
        0.730853259563446,
        0.7249188423156738,
        0.7247416973114014,
        0.7250959873199463,
        0.724800705909729,
        0.7269560098648071,
        0.7266017198562622,
        0.7243578433990479,
        0.7245940566062927,
        0.728550374507904,
        0.7274874448776245,
        0.7259522080421448,
        0.7247121334075928,
        0.7258340716362,
        0.7251845598220825,
        0.7253912091255188,
        0.7261293530464172,
        0.7270150780677795,
        0.727310299873352,
        0.7296427488327026,
        0.7287275195121765,
        0.7268379330635071,
        0.7279893755912781,
        0.726158857345581,
        0.7291703820228577,
        0.7304694652557373,
        0.728550374507904,
        0.729377031326294,
        0.7294065952301025,
        0.7275465130805969,
        0.728343665599823,
        0.7243873476982117,
        0.7223206758499146,
        0.7256864905357361,
        0.7228816151618958,
        0.7222616076469421,
        0.7242397665977478,
        0.7238559126853943,
        0.7240035533905029,
        0.7240035533905029,
        0.7234130501747131,
        0.7241511940956116,
        0.7229111194610596,
        0.7259226441383362,
        0.7229111194610596,
        0.7232359051704407,
        0.728904664516449,
        0.7284913063049316,
        0.7266607880592346,
        0.7283141613006592,
        0.7311780452728271,
        0.729583740234375,
        0.7272807955741882,
        0.7294065952301025,
        0.727192223072052,
        0.7296427488327026,
        0.7283732295036316,
        0.7292884588241577,
        0.729022741317749,
        0.7286979556083679,
        0.7302037477493286
      ],
      "n_runs": 75,
      "train_acc_mean": 0.7920268837610881,
      "train_acc_std": 0.00869827347332227,
      "num_params": 109096,
      "param_to_train_ratio": 1.073726686678805
    },
    "restricted_rownorm_mlp": {
      "test_acc_mean": 0.7156386319796244,
      "test_acc_std": 0.0026952533228309034,
      "val_acc_mean": 0.7184988713264465,
      "val_acc_std": 0.001069749935150684,
      "per_run_test_acc": [
        0.7192500829696655,
        0.7183052897453308,
        0.7172129154205322,
        0.7184529304504395,
        0.7174195647239685,
        0.719988226890564,
        0.7202834486961365,
        0.7176262140274048,
        0.7179805040359497,
        0.7195748686790466,
        0.7181281447410583,
        0.7153823375701904,
        0.7175672054290771,
        0.7192205786705017,
        0.7167404890060425,
        0.71644526720047,
        0.7143194675445557,
        0.714053750038147,
        0.7156776189804077,
        0.7150871157646179,
        0.7110127210617065,
        0.7136699557304382,
        0.7142899632453918,
        0.7159728407859802,
        0.7149394750595093,
        0.7155890464782715,
        0.7139356732368469,
        0.7130794525146484,
        0.7159728407859802,
        0.7137880325317383,
        0.7146737575531006,
        0.7174786329269409,
        0.7149099707603455,
        0.7157366275787354,
        0.7151166200637817,
        0.7151166200637817,
        0.7164157032966614,
        0.7143489718437195,
        0.7163271307945251,
        0.7154414057731628,
        0.7163861989974976,
        0.7169176340103149,
        0.7152642607688904,
        0.7151461839675903,
        0.7155890464782715,
        0.7114260792732239,
        0.7111307978630066,
        0.709831714630127,
        0.7134632468223572,
        0.7103927135467529,
        0.7107174396514893,
        0.7132861018180847,
        0.7106879353523254,
        0.7119870185852051,
        0.7095364928245544,
        0.7116917967796326,
        0.7128137350082397,
        0.7111307978630066,
        0.7156185507774353,
        0.7131384611129761,
        0.7196929454803467,
        0.7169471383094788,
        0.7191910147666931,
        0.7177443504333496,
        0.7186595797538757,
        0.7176262140274048,
        0.718275785446167,
        0.7150280475616455,
        0.7193681597709656,
        0.7169471383094788,
        0.7178624272346497,
        0.7169767022132874,
        0.7180986404418945,
        0.718275785446167,
        0.7195158004760742
      ],
      "n_runs": 75,
      "train_acc_mean": 0.807838568687439,
      "train_acc_std": 0.006231602261741669,
      "num_params": 108544,
      "param_to_train_ratio": 1.0682938831750406
    }
  },
  "framework_analysis": {
    "sgc_mlp_acc_pct": 73.07883262634277,