{
  "dataset": "pubmed",
  "k": 2,
  "split_type": "fixed",
  "component_type": "lcc",
  "num_seeds": 15,
  "num_splits": 1,
  "total_runs_per_method": 15,
  "metadata": {
    "d_effective": 500,
    "ortho_error": 1.6129142466070334e-10,
    "num_components": 0,
    "num_nodes": 19717,
    "num_features": 500,
    "num_classes": 3
  },
  "experiments": {
    "sgc_mlp_baseline": {
      "test_acc_mean": 0.703866704305013,
      "test_acc_std": 0.020297344322510544,
      "val_acc_mean": 0.7178666989008585,
      "val_acc_std": 0.015448262337176515,
      "per_run_test_acc": [
        0.6820000410079956,
        0.7090000510215759,
        0.7410000562667847,
        0.6770000457763672,
        0.6990000605583191,
        0.7110000252723694,
        0.7350000143051147,
        0.7250000238418579,
        0.6820000410079956,
        0.7230000495910645,
        0.7120000123977661,
        0.6920000314712524,
        0.7040000557899475,
        0.6740000247955322,
        0.6920000314712524
      ],
      "n_runs": 15,
      "train_acc_mean": 0.9822222590446472,
      "train_acc_std": 0.02469566938532441,
      "num_params": 194819,
      "param_to_train_ratio": 3246.983333333333
    },
    "restricted_standard_mlp": {
      "test_acc_mean": 0.470600022872289,
      "test_acc_std": 0.00577119543581211,
      "val_acc_mean": 0.5053333580493927,
      "val_acc_std": 0.0067197867969261745,
      "per_run_test_acc": [
        0.4650000333786011,
        0.47200003266334534,
        0.4750000238418579,
        0.4700000286102295,
        0.47700002789497375,
        0.4700000286102295,
        0.47300001978874207,
        0.46000000834465027,
        0.4710000157356262,
        0.46800002455711365,
        0.46800002455711365,
        0.47600001096725464,
        0.47200003266334534,
        0.46000000834465027,
        0.4820000231266022
      ],
      "n_runs": 15,
      "train_acc_mean": 1.0,
      "train_acc_std": 0.0,
      "num_params": 194819,
      "param_to_train_ratio": 3246.983333333333
    },
    "restricted_rownorm_mlp": {
      "test_acc_mean": 0.550000027815501,
      "test_acc_std": 0.016856249930986115,
      "val_acc_mean": 0.5942666927973429,
      "val_acc_std": 0.012107671665258722,
      "per_run_test_acc": [
        0.5480000376701355,
        0.5470000505447388,
        0.5390000343322754,
        0.5270000100135803,
        0.5649999976158142,
        0.5840000510215759,
        0.5530000329017639,
        0.5740000009536743,
        0.5530000329017639,
        0.5649999976158142,
        0.5330000519752502,
        0.5200000405311584,
        0.5450000166893005,
        0.5580000281333923,
        0.5390000343322754
      ],
      "n_runs": 15,
      "train_acc_mean": 1.0,
      "train_acc_std": 0.0,
      "num_params": 194304,
      "param_to_train_ratio": 3238.4
    }
  },
  "framework_analysis": {
    "sgc_mlp_acc_pct": 70.3866704305013,
    "restricted_std_acc_pct": 47.060002287228905,
    "restricted_rownorm_acc_pct": 55.000002781550094,
    "part_a_pp": 23.326668143272393,
    "part_b_pp": 7.94000049432119,
    "remaining_gap_pp": 15.386667648951203
  }
}