{
  "dataset": "citeseer",
  "num_components": 438,
  "k_diffusion": 2,
  "num_splits": 5,
  "num_seeds": 5,
  "total_runs": 25,
  "precompute_time": 0.23914837837219238,
  "metadata": {
    "k_full": 2880,
    "k_nclasses": 6,
    "k_2nclasses": 12
  },
  "results": {
    "sgc_baseline": {
      "test_acc_mean": 0.7465465784072876,
      "test_acc_std": 0.006633846506690128,
      "val_acc_mean": 0.7569924855232238,
      "val_acc_std": 0.012523713688466904,
      "train_time_mean": 0.12551677703857422,
      "train_time_std": 0.03643562568826861
    },
    "full_logistic": {
      "test_acc_mean": 0.3840840935707092,
      "test_acc_std": 0.014742258730801984,
      "val_acc_mean": 0.4442706799507141,
      "val_acc_std": 0.05239660571695321,
      "train_time_mean": 0.14219602584838867,
      "train_time_std": 0.04208975329735211
    },
    "full_mlp": {
      "test_acc_mean": 0.6885885977745057,
      "test_acc_std": 0.017781221152512364,
      "val_acc_mean": 0.6993082737922669,
      "val_acc_std": 0.016187496280306326,
      "train_time_mean": 0.32031521797180174,
      "train_time_std": 0.07474444390676942
    },
    "nclasses_logistic": {
      "test_acc_mean": 0.18720721304416657,
      "test_acc_std": 0.027393974750607928,
      "val_acc_mean": 0.20421052873134612,
      "val_acc_std": 0.013375854544245707,
      "train_time_mean": 0.2038349437713623,
      "train_time_std": 0.12078339630875831
    },
    "nclasses_mlp": {
      "test_acc_mean": 0.37507508397102357,
      "test_acc_std": 0.029545643267592642,
      "val_acc_mean": 0.39446616888046265,
      "val_acc_std": 0.011330964764842971,
      "train_time_mean": 0.3656460952758789,
      "train_time_std": 0.09429248249681182
    },
    "2nclasses_logistic": {
      "test_acc_mean": 0.1982582664489746,
      "test_acc_std": 0.019994139091712892,
      "val_acc_mean": 0.22231579065322876,
      "val_acc_std": 0.011113016893007827,
      "train_time_mean": 0.15553768157958983,
      "train_time_std": 0.03590843215450167
    },
    "2nclasses_mlp": {
      "test_acc_mean": 0.4912312376499176,
      "test_acc_std": 0.023667314095608277,
      "val_acc_mean": 0.498947366476059,
      "val_acc_std": 0.013061078873415165,
      "train_time_mean": 0.33706570625305177,
      "train_time_std": 0.06232362490002771
    }
  },
  "improvements": {
    "full_logistic": -36.24624848365784,
    "full_mlp": -5.79579806327819,
    "nclasses_logistic": -55.9339365363121,
    "nclasses_mlp": -37.1471494436264,
    "2nclasses_logistic": -54.8288311958313,
    "2nclasses_mlp": -25.531534075736996
  }
}