{
  "dataset": "cora",
  "split_type": "fixed",
  "component_type": "lcc",
  "num_components": 1,
  "k_diffusion": 6,
  "num_splits": 1,
  "num_seeds": 5,
  "total_runs": 5,
  "precompute_time": 0.06791949272155762,
  "metadata": {
    "k_full": 1426,
    "k_nclasses": 7,
    "k_2nclasses": 14
  },
  "results": {
    "sgc_baseline": {
      "test_acc_mean": 0.8015300989151001,
      "test_acc_std": 0.0017757521998359692,
      "test_acc_min": 0.7989071607589722,
      "test_acc_max": 0.8032787442207336
    },
    "full_logistic": {
      "test_acc_mean": 0.5097267985343933,
      "test_acc_std": 0.09860226436251751,
      "test_acc_min": 0.3125683069229126,
      "test_acc_max": 0.5617486834526062
    },
    "full_mlp": {
      "test_acc_mean": 0.6703825354576111,
      "test_acc_std": 0.003428283791995719,
      "test_acc_min": 0.66557377576828,
      "test_acc_max": 0.6754098534584045
    },
    "nclasses_logistic": {
      "test_acc_mean": 0.15693989396095276,
      "test_acc_std": 0.028133106603701986,
      "test_acc_min": 0.12568306922912598,
      "test_acc_max": 0.2087431699037552
    },
    "nclasses_mlp": {
      "test_acc_mean": 0.22448088526725768,
      "test_acc_std": 0.0044581578753642515,
      "test_acc_min": 0.21639345586299896,
      "test_acc_max": 0.2295082062482834
    },
    "2nclasses_logistic": {
      "test_acc_mean": 0.1453551948070526,
      "test_acc_std": 0.015253631810205328,
      "test_acc_min": 0.12568306922912598,
      "test_acc_max": 0.1595628410577774
    },
    "2nclasses_mlp": {
      "test_acc_mean": 0.22644809782505035,
      "test_acc_std": 0.006786522535966628,
      "test_acc_min": 0.2153005599975586,
      "test_acc_max": 0.23497268557548523
    }
  },
  "improvements": {
    "full_logistic": -29.18033003807068,
    "full_mlp": -13.114756345748901,
    "nclasses_logistic": -64.45902049541473,
    "nclasses_mlp": -57.70492136478425,
    "2nclasses_logistic": -65.61749041080475,
    "2nclasses_mlp": -57.50820010900497
  }
}