{
  "dataset": "coauthor-cs",
  "k": 20,
  "split_type": "fixed",
  "component_type": "lcc",
  "num_seeds": 15,
  "num_splits": 1,
  "total_runs_per_method": 15,
  "metadata": {
    "d_effective": 6210,
    "ortho_error": 3.7297853694440164e-10,
    "num_components": 0,
    "num_nodes": 18333,
    "num_features": 6805,
    "num_classes": 15
  },
  "experiments": {
    "sgc_mlp_baseline": {
      "test_acc_mean": 0.8985277652740479,
      "test_acc_std": 0.002791300367952154,
      "val_acc_mean": 0.8935806632041932,
      "val_acc_std": 0.0017248115638509342,
      "per_run_test_acc": [
        0.89967280626297,
        0.9023990631103516,
        0.8980370163917542,
        0.9018538594245911,
        0.8977643847465515,
        0.8909487128257751,
        0.8958560228347778,
        0.8994001746177673,
        0.8988549113273621,
        0.9010359644889832,
        0.9002180695533752,
        0.89967280626297,
        0.8950381278991699,
        0.8980370163917542,
        0.8991275429725647
      ],
      "n_runs": 15,
      "train_acc_mean": 0.9278782685597737,
      "train_acc_std": 0.00343911431039586,
      "num_params": 1811983,
      "param_to_train_ratio": 164.74070370033638
    },
    "restricted_standard_mlp": {
      "test_acc_mean": 0.788804042339325,
      "test_acc_std": 0.01388197626532737,
      "val_acc_mean": 0.779068938891093,
      "val_acc_std": 0.012829402591182561,
      "per_run_test_acc": [
        0.7824426889419556,
        0.8107960224151611,
        0.7941657304763794,
        0.7895310521125793,
        0.7753543853759766,
        0.7848963737487793,
        0.7911668419837952,
        0.8031624555587769,
        0.7895310521125793,
        0.7906215786933899,
        0.7919846773147583,
        0.7532715201377869,
        0.7729007601737976,
        0.7941657304763794,
        0.8080697655677795
      ],
      "n_runs": 15,
      "train_acc_mean": 0.9964299519856771,
      "train_acc_std": 0.0015054881547223987,
      "num_params": 1659663,
      "param_to_train_ratio": 150.89217201563778
    },
    "restricted_rownorm_mlp": {
      "test_acc_mean": 0.7217193484306336,
      "test_acc_std": 0.013604287547780517,
      "val_acc_mean": 0.7171303987503052,
      "val_acc_std": 0.011072624315470531,
      "per_run_test_acc": [
        0.7257360816001892,
        0.7123773097991943,
        0.7388222217559814,
        0.7112867832183838,
        0.7085604667663574,
        0.707197368144989,
        0.7137404084205627,
        0.7265539765357971,
        0.7491821050643921,
        0.7183750867843628,
        0.7101962566375732,
        0.7420937418937683,
        0.7164667248725891,
        0.7377316951751709,
        0.7074699997901917
      ],
      "n_runs": 15,
      "train_acc_mean": 0.9807497461636862,
      "train_acc_std": 0.029184383991992857,
      "num_params": 1659136,
      "param_to_train_ratio": 150.8442585689608
    }
  },
  "framework_analysis": {
    "sgc_mlp_acc_pct": 89.85277652740479,
    "restricted_std_acc_pct": 78.8804042339325,
    "restricted_rownorm_acc_pct": 72.17193484306335,
    "part_a_pp": 10.97237229347229,
    "part_b_pp": -6.708469390869141,
    "remaining_gap_pp": 17.68084168434143
  }
}