{
  "dataset": "ogbn-arxiv",
  "split_type": "random_splits",
  "num_seeds": 5,
  "num_splits": 5,
  "total_runs_per_model": 25,
  "d_raw": 128,
  "d_effective": 128,
  "rank_deficiency": false,
  "epochs": 200,
  "hidden_dim": 256,
  "batch_size": 128,
  "models": {
    "standard_X_scaled": {
      "name": "(a) Standard MLP on X (scaled)",
      "test_accuracy": {
        "mean": 0.5587765073776245,
        "std": 0.0025648483965630183
      },
      "convergence_metrics": {
        "speed_to_90": {
          "mean": 0.24,
          "std": 0.4270831300812525
        },
        "speed_to_95": {
          "mean": 25.52,
          "std": 7.40875158174439
        },
        "speed_to_99": {
          "mean": 60.24,
          "std": 12.894277800636994
        },
        "auc": {
          "mean": 0.9844590680933581,
          "std": 0.002975015769496768
        },
        "convergence_rate": {
          "mean": 0.0008968937397003176,
          "std": 0.0005969483111707332
        },
        "final_acc": {
          "mean": 0.5600259804725647,
          "std": 0.0015075582848140593
        }
      }
    },
    "standard_V_scaled": {
      "name": "(b) Standard MLP on V (scaled)",
      "test_accuracy": {
        "mean": 0.544380292892456,
        "std": 0.002414857859477832
      },
      "convergence_metrics": {
        "speed_to_90": {
          "mean": 0.0,
          "std": 0.0
        },
        "speed_to_95": {
          "mean": 2.04,
          "std": 1.1128342194594845
        },
        "speed_to_99": {
          "mean": 31.36,
          "std": 7.729838290675944
        },
        "auc": {
          "mean": 0.9945548896846345,
          "std": 0.0022907241713227087
        },
        "convergence_rate": {
          "mean": 0.0008297508955001832,
          "std": 0.00035278320713810594
        },
        "final_acc": {
          "mean": 0.546580834388733,
          "std": 0.001987790845322186
        }
      }
    },
    "rownorm_V": {
      "name": "(c) RowNorm MLP on V (unscaled)",
      "test_accuracy": {
        "mean": 0.5093675875663757,
        "std": 0.0030008660001004297
      },
      "convergence_metrics": {
        "speed_to_90": {
          "mean": 0.0,
          "std": 0.0
        },
        "speed_to_95": {
          "mean": 0.0,
          "std": 0.0
        },
        "speed_to_99": {
          "mean": 0.0,
          "std": 0.0
        },
        "auc": {
          "mean": 1.0486445757614047,
          "std": 0.004843588078078417
        },
        "convergence_rate": {
          "mean": 0.0008167589902877807,
          "std": 0.00020365060396335168
        },
        "final_acc": {
          "mean": 0.510891695022583,
          "std": 0.0034748968634551415
        }
      }
    }
  }
}