{
  "fisher_score": 0.005823102084948696,
  "mean_fisher_score": 0.005670746476572605,
  "std_fisher_score": 0.0006262410332370814,
  "per_split": [
    {
      "split": 0,
      "fisher_score": 0.005823102084948696,
      "fisher_score_U": 0.005823102084948696,
      "between_class_variance": 0.0008811323970507875,
      "within_class_variance": 0.15131666664891566,
      "per_feature_U_stats": {
        "mean": 0.0003167242513068314,
        "std": 0.0018499711858094197,
        "max": 0.046714362635828274,
        "top5": [
          0.046714362635828274,
          0.01541796184242155,
          0.00942311079885118,
          0.006750944301902664,
          0.005289654787641141
        ]
      },
      "note": "Computed on training set only to prevent data leakage",
      "fisher_score_X_diffused": 0.2571367145882009,
      "between_class_variance_X": 0.9802062790894055,
      "within_class_variance_X": 3.8120043676344912,
      "per_feature_X_stats": {
        "mean": 0.01935632161821686,
        "std": 0.021814965544681087,
        "max": 0.2433463349127279,
        "top5": [
          0.2433463349127279,
          0.1543595030011362,
          0.1473757519464486,
          0.14498521474467094,
          0.11376047007853683
        ],
        "n_cols_sampled": 500
      }
    },
    {
      "split": 1,
      "fisher_score": 0.004663360535056541,
      "fisher_score_U": 0.004663360535056541,
      "between_class_variance": 0.0007014750178658087,
      "within_class_variance": 0.15042264319743479,
      "per_feature_U_stats": {
        "mean": 0.0002984050321652843,
        "std": 0.001819563268140367,
        "max": 0.046079706962967745,
        "top5": [
          0.046079706962967745,
          0.01546981853594662,
          0.007528274243113455,
          0.006997896008095176,
          0.005336355016224848
        ]
      },
      "note": "Computed on training set only to prevent data leakage",
      "fisher_score_X_diffused": 0.24132197195571967,
      "between_class_variance_X": 0.8967069314279115,
      "within_class_variance_X": 3.7158113874208225,
      "per_feature_X_stats": {
        "mean": 0.018931338917582145,
        "std": 0.02149184570923784,
        "max": 0.23131008351599044,
        "top5": [
          0.23131008351599044,
          0.15297635900118645,
          0.15067296204233138,
          0.14879554553229252,
          0.11836719995409532
        ],
        "n_cols_sampled": 500
      }
    },
    {
      "split": 2,
      "fisher_score": 0.006571763060323068,
      "fisher_score_U": 0.006571763060323068,
      "between_class_variance": 0.0010183523135696801,
      "within_class_variance": 0.154958768936447,
      "per_feature_U_stats": {
        "mean": 0.00032510679224642035,
        "std": 0.0019017131221424808,
        "max": 0.048411148774799136,
        "top5": [
          0.048411148774799136,
          0.015509252356133405,
          0.008491838178871383,
          0.006860025265650881,
          0.005299104495908056
        ]
      },
      "note": "Computed on training set only to prevent data leakage",
      "fisher_score_X_diffused": 0.29042196324867897,
      "between_class_variance_X": 1.0490584188631327,
      "within_class_variance_X": 3.612186926664557,
      "per_feature_X_stats": {
        "mean": 0.020842737341267858,
        "std": 0.022468486701244763,
        "max": 0.2540486249227847,
        "top5": [
          0.2540486249227847,
          0.16102069341767283,
          0.15216349158331924,
          0.15047748034259137,
          0.11726440529803488
        ],
        "n_cols_sampled": 500
      }
    },
    {
      "split": 3,
      "fisher_score": 0.00541327281885004,
      "fisher_score_U": 0.00541327281885004,
      "between_class_variance": 0.0007703868092066909,
      "within_class_variance": 0.14231442511525713,
      "per_feature_U_stats": {
        "mean": 0.00030999714827475544,
        "std": 0.0018863601182880789,
        "max": 0.047742706524996965,
        "top5": [
          0.047742706524996965,
          0.015658265368902545,
          0.009239980089683419,
          0.007587697433550862,
          0.005038340563980574
        ]
      },
      "note": "Computed on training set only to prevent data leakage",
      "fisher_score_X_diffused": 0.24689498977052027,
      "between_class_variance_X": 0.9524794677295343,
      "within_class_variance_X": 3.8578323060132917,
      "per_feature_X_stats": {
        "mean": 0.019020040662354347,
        "std": 0.02222671065325825,
        "max": 0.24081846262279596,
        "top5": [
          0.24081846262279596,
          0.15611805976353954,
          0.15217793337563756,
          0.1520931647868871,
          0.11717074321940243
        ],
        "n_cols_sampled": 500
      }
    },
    {
      "split": 4,
      "fisher_score": 0.00588223388368468,
      "fisher_score_U": 0.00588223388368468,
      "between_class_variance": 0.0008918097728036461,
      "within_class_variance": 0.15161072994346989,
      "per_feature_U_stats": {
        "mean": 0.00031595797949634515,
        "std": 0.0017939822454201143,
        "max": 0.04504288990683426,
        "top5": [
          0.04504288990683426,
          0.015708297308239052,
          0.007803608073290203,
          0.0072457855562333,
          0.005415692512527209
        ]
      },
      "note": "Computed on training set only to prevent data leakage",
      "fisher_score_X_diffused": 0.2384425684385867,
      "between_class_variance_X": 0.9124100138950608,
      "within_class_variance_X": 3.8265399499337356,
      "per_feature_X_stats": {
        "mean": 0.018698319779823423,
        "std": 0.020969854906925715,
        "max": 0.22593516245333362,
        "top5": [
          0.22593516245333362,
          0.1498711064381815,
          0.14969774643362574,
          0.1461340187162268,
          0.11420600297754693
        ],
        "n_cols_sampled": 500
      }
    }
  ],
  "note": "Fisher score computed on training set only (no leakage)"
}