{
  "dataset": "wikics",
  "k": 8,
  "split_type": "random",
  "component_type": "lcc",
  "num_seeds": 15,
  "num_splits": 5,
  "total_runs_per_method": 75,
  "metadata": {
    "d_effective": 300,
    "ortho_error": 9.241524212555419e-10,
    "num_components": 0,
    "num_nodes": 11311,
    "num_features": 300,
    "num_classes": 10
  },
  "experiments": {
    "sgc_mlp_baseline": {
      "test_acc_mean": 0.8129503432909647,
      "test_acc_std": 0.009981861128811777,
      "val_acc_mean": 0.8208724053700766,
      "val_acc_std": 0.007412198178030692,
      "per_run_test_acc": [
        0.8126381039619446,
        0.8024745583534241,
        0.8130799531936646,
        0.8068934679031372,
        0.8091029524803162,
        0.8082191348075867,
        0.8060097098350525,
        0.8099867105484009,
        0.8068934679031372,
        0.8068934679031372,
        0.8077772855758667,
        0.8126381039619446,
        0.8055678009986877,
        0.8029164671897888,
        0.807335376739502,
        0.8148475289344788,
        0.8077772855758667,
        0.8108705282211304,
        0.813963770866394,
        0.8161731958389282,
        0.8108705282211304,
        0.8082191348075867,
        0.8161731958389282,
        0.8205921053886414,
        0.813963770866394,
        0.8197083473205566,
        0.8152894377708435,
        0.8126381039619446,
        0.8157312870025635,
        0.816615104675293,
        0.832965075969696,
        0.8298718333244324,
        0.8254529237747192,
        0.8325231671333313,
        0.8285461664199829,
        0.8289880752563477,
        0.8250110149383545,
        0.8205921053886414,
        0.8205921053886414,
        0.823685348033905,
        0.8250110149383545,
        0.8232434391975403,
        0.8188245296478271,
        0.8254529237747192,
        0.8254529237747192,
        0.7892178297042847,
        0.8068934679031372,
        0.8033583760261536,
        0.8015908002853394,
        0.8029164671897888,
        0.7901016473770142,
        0.7984975576400757,
        0.7980556488037109,
        0.7998232245445251,
        0.7909854054450989,
        0.7993813157081604,
        0.7998232245445251,
        0.7980556488037109,
        0.8024745583534241,
        0.8007069826126099,
        0.8210340142250061,
        0.8117542862892151,
        0.8121961951255798,
        0.8161731958389282,
        0.8161731958389282,
        0.8130799531936646,
        0.8188245296478271,
        0.8170570135116577,
        0.8174988627433777,
        0.8228015899658203,
        0.8148475289344788,
        0.8214759230613708,
        0.8205921053886414,
        0.8276624083518982,
        0.8201502561569214
      ],
      "n_runs": 75,
      "train_acc_mean": 0.8520227559407552,
      "train_acc_std": 0.012616255605180426,
      "num_params": 145418,
      "param_to_train_ratio": 21.42911877394636
    },
    "restricted_standard_mlp": {
      "test_acc_mean": 0.8031226833661397,
      "test_acc_std": 0.009382629194435143,
      "val_acc_mean": 0.8153905328114828,
      "val_acc_std": 0.007677241191946195,
      "per_run_test_acc": [
        0.7993813157081604,
        0.7962880730628967,
        0.7984975576400757,
        0.7993813157081604,
        0.7989394664764404,
        0.7998232245445251,
        0.7931948304176331,
        0.795404314994812,
        0.7905434966087341,
        0.7945205569267273,
        0.7918691635131836,
        0.7984975576400757,
        0.7883340716362,
        0.7998232245445251,
        0.8042421340942383,
        0.8011488914489746,
        0.8055678009986877,
        0.7971718907356262,
        0.8060097098350525,
        0.795404314994812,
        0.804684042930603,
        0.8060097098350525,
        0.8024745583534241,
        0.7958462238311768,
        0.7993813157081604,
        0.8002651333808899,
        0.7989394664764404,
        0.7980556488037109,
        0.7998232245445251,
        0.7998232245445251,
        0.813963770866394,
        0.807335376739502,
        0.8077772855758667,
        0.8064516186714172,
        0.8064516186714172,
        0.8201502561569214,
        0.8121961951255798,
        0.8117542862892151,
        0.8121961951255798,
        0.804684042930603,
        0.8113123774528503,
        0.8174988627433777,
        0.8130799531936646,
        0.8179407715797424,
        0.8108705282211304,
        0.7945205569267273,
        0.7927529811859131,
        0.7914273142814636,
        0.7887759208679199,
        0.7931948304176331,
        0.7923110723495483,
        0.7927529811859131,
        0.7936367392539978,
        0.7958462238311768,
        0.7918691635131836,
        0.7927529811859131,
        0.795404314994812,
        0.7883340716362,
        0.7923110723495483,
        0.7878921627998352,
        0.8228015899658203,
        0.8086610436439514,
        0.814405620098114,
        0.8174988627433777,
        0.814405620098114,
        0.8219177722930908,
        0.8152894377708435,
        0.8091029524803162,
        0.8104286193847656,
        0.814405620098114,
        0.8197083473205566,
        0.8077772855758667,
        0.8148475289344788,
        0.8126381039619446,
        0.8135218620300293
      ],
      "n_runs": 75,
      "train_acc_mean": 0.9107416907946269,
      "train_acc_std": 0.027613678385923206,
      "num_params": 145418,
      "param_to_train_ratio": 21.42911877394636
    },
    "restricted_rownorm_mlp": {
      "test_acc_mean": 0.7993577655156453,
      "test_acc_std": 0.010478918092504558,
      "val_acc_mean": 0.8123253973325094,
      "val_acc_std": 0.006784297542758557,
      "per_run_test_acc": [
        0.7856826782226562,
        0.7936367392539978,
        0.7896597385406494,
        0.7892178297042847,
        0.7892178297042847,
        0.7870084047317505,
        0.7909854054450989,
        0.7896597385406494,
        0.7892178297042847,
        0.7962880730628967,
        0.7971718907356262,
        0.7931948304176331,
        0.7923110723495483,
        0.7940786480903625,
        0.7896597385406494,
        0.8002651333808899,
        0.7984975576400757,
        0.797613799571991,
        0.7967299818992615,
        0.7984975576400757,
        0.8029164671897888,
        0.7887759208679199,
        0.8077772855758667,
        0.7905434966087341,
        0.7949624061584473,
        0.7874502539634705,
        0.7892178297042847,
        0.7931948304176331,
        0.7892178297042847,
        0.7887759208679199,
        0.8170570135116577,
        0.8148475289344788,
        0.8113123774528503,
        0.8148475289344788,
        0.8095448613166809,
        0.8219177722930908,
        0.8192664384841919,
        0.8152894377708435,
        0.804684042930603,
        0.8174988627433777,
        0.8205921053886414,
        0.8117542862892151,
        0.8038002252578735,
        0.8099867105484009,
        0.8055678009986877,
        0.7799381017684937,
        0.7905434966087341,
        0.7918691635131836,
        0.7931948304176331,
        0.7905434966087341,
        0.7931948304176331,
        0.7923110723495483,
        0.7901016473770142,
        0.7834732532501221,
        0.795404314994812,
        0.7958462238311768,
        0.7883340716362,
        0.7878921627998352,
        0.7931948304176331,
        0.7825894951820374,
        0.8060097098350525,
        0.8170570135116577,
        0.8064516186714172,
        0.8024745583534241,
        0.8042421340942383,
        0.8051259517669678,
        0.807335376739502,
        0.8130799531936646,
        0.8099867105484009,
        0.8113123774528503,
        0.8060097098350525,
        0.8099867105484009,
        0.8051259517669678,
        0.7998232245445251,
        0.8099867105484009
      ],
      "n_runs": 75,
      "train_acc_mean": 0.9725964856147766,
      "train_acc_std": 0.01129112215293519,
      "num_params": 144896,
      "param_to_train_ratio": 21.352195697023284
    }
  },
  "framework_analysis": {
    "sgc_mlp_acc_pct": 81.29503432909647,