{
  "dataset": "coauthor-cs",
  "diffusion_type": "cmg",
  "k": 16,
  "num_seeds": 3,
  "num_splits": 3,
  "avg_diffusion_time": NaN,
  "results": {
    "a_raw_std": {
      "mean": 0.8807403047879537,
      "std": 0.004997543003213693
    },
    "b_restricted_std": {
      "mean": 0.6621228456497192,
      "std": 0.008191294757841795
    },
    "c_restricted_rownorm": {
      "mean": 0.8040409154362148,
      "std": 0.007138763007648188
    }
  }
}