{
  "dataset": "ogbn-arxiv",
  "split_type": "random-splits",
  "num_seeds": 5,
  "num_splits": 3,
  "total_runs_per_model": 15,
  "k_eigenvectors": 80,
  "ncc_components": 1,
  "epochs": 100,
  "hidden_dim": 256,
  "batch_size": 128,
  "learning_rate": 0.01,
  "weight_decay": 0.0005,
  "models": {
    "standard_train_scaled": {
      "name": "Standard MLP (train-only scaled)",
      "test_accuracy": {
        "mean": 0.6160677989323934,
        "std": 0.003095677567414649,
        "all": [
          0.6134223341941833,
          0.6125956177711487,
          0.6119460463523865,
          0.6126251220703125,
          0.6136584877967834,
          0.6155776977539062,
          0.6160500645637512,
          0.6152529120445251,
          0.6144556999206543,
          0.615282416343689,
          0.6204493641853333,
          0.622161865234375,
          0.619563639163971,
          0.6185892820358276,
          0.6193864345550537
        ]
      },
      "convergence_metrics": {
        "speed_to_90": {
          "mean": 2.2,
          "std": 0.9092121131323905
        },
        "speed_to_95": {
          "mean": 5.6,
          "std": 2.0264912204760885
        },
        "speed_to_99": {
          "mean": 58.2,
          "std": 6.198924637924441
        },
        "auc": {
          "mean": 0.5935844504535198,
          "std": 0.0020433987018605984
        },
        "convergence_rate": {
          "mean": 0.004229039251804351,
          "std": 0.0011624750087723065
        },
        "final_acc": {
          "mean": 0.6167212923367819,
          "std": 0.002181914763278773
        }
      },
      "checkpoint_accuracies": {
        "10": {
          "mean": 0.5824519991874695,
          "std": 0.013289288930965433
        },
        "20": {
          "mean": 0.5880638162295023,
          "std": 0.010062552184684185
        },
        "40": {
          "mean": 0.599033530553182,
          "std": 0.006033611936739267
        },
        "80": {
          "mean": 0.6137982686360677,
          "std": 0.0031157351149202054
        }
      }
    },
    "standard_full_scaled": {
      "name": "Full-Data Scaled MLP",
      "test_accuracy": {
        "mean": 0.6161425948143006,
        "std": 0.002647683474504773,
        "all": [
          0.613008975982666,
          0.6115916967391968,
          0.6136289834976196,
          0.6137470602989197,
          0.6141899824142456,
          0.6155481338500977,
          0.6156957745552063,
          0.6160796284675598,
          0.6171720623970032,
          0.6153119206428528,
          0.6179987788200378,
          0.6200655698776245,
          0.619681715965271,
          0.6174377799034119,
          0.6209808588027954
        ]
      },
      "convergence_metrics": {
        "speed_to_90": {
          "mean": 2.2,
          "std": 1.1075498483890767
        },
        "speed_to_95": {
          "mean": 6.333333333333333,
          "std": 2.4675674031095665
        },
        "speed_to_99": {
          "mean": 58.86666666666667,
          "std": 5.499898988971424
        },
        "auc": {
          "mean": 0.5933353142340978,
          "std": 0.0022426148648274358
        },
        "convergence_rate": {
          "mean": 0.004051689505577088,
          "std": 0.0010468757111996368
        },
        "final_acc": {
          "mean": 0.6164102911949157,
          "std": 0.0025929216662214805
        }
      },
      "checkpoint_accuracies": {
        "10": {
          "mean": 0.5768756071726481,
          "std": 0.018297570339324783
        },
        "20": {
          "mean": 0.5873237133026123,
          "std": 0.01277090870276872
        },
        "40": {
          "mean": 0.5972816824913025,
          "std": 0.00792258553104808
        },
        "80": {
          "mean": 0.6128947893778484,
          "std": 0.0031136695770544857
        }
      }
    },
    "standard_no_scale": {
      "name": "No-Scaling MLP",
      "test_accuracy": {
        "mean": 0.16214434305826822,
        "std": 0.0018374514580238492,
        "all": [
          0.159998819231987,
          0.159998819231987,
          0.159998819231987,
          0.159998819231987,
          0.159998819231987,
          0.16194750368595123,
          0.16194750368595123,
          0.16194750368595123,
          0.16194750368595123,
          0.16194750368595123,
          0.16448670625686646,
          0.16448670625686646,
          0.16448670625686646,
          0.16448670625686646,
          0.16448670625686646
        ]
      },
      "convergence_metrics": {
        "speed_to_90": {
          "mean": 0.0,
          "std": 0.0
        },
        "speed_to_95": {
          "mean": 0.0,
          "std": 0.0
        },
        "speed_to_99": {
          "mean": 0.0,
          "std": 0.0
        },
        "auc": {
          "mean": 0.1622476633489132,
          "std": 0.002602410653931646
        },
        "convergence_rate": {
          "mean": 0.0,
          "std": 0.0
        },
        "final_acc": {
          "mean": 0.16418160498142242,
          "std": 0.0027387605327026257
        }
      },
      "checkpoint_accuracies": {
        "10": {
          "mean": 0.16418160498142242,
          "std": 0.0027387605327026257
        },
        "20": {
          "mean": 0.16418160498142242,
          "std": 0.0027387605327026257
        },
        "40": {
          "mean": 0.16418160498142242,
          "std": 0.0027387605327026257
        },
        "80": {
          "mean": 0.16418160498142242,
          "std": 0.0027387605327026257
        }
      }
    },
    "standard_weighted": {
      "name": "Eigenvalue-Weighted MLP",
      "test_accuracy": {
        "mean": 0.46337358752886454,
        "std": 0.002548971760281516,
        "all": [
          0.4605391323566437,
          0.4596238434314728,
          0.46133631467819214,
          0.4594171643257141,
          0.45988959074020386,
          0.46502700448036194,
          0.4639641046524048,
          0.46473175287246704,
          0.4633440673351288,
          0.4637574255466461,
          0.46783193945884705,
          0.46688711643218994,
          0.4642298221588135,
          0.4649089276790619,
          0.46511560678482056
        ]
      },
      "convergence_metrics": {
        "speed_to_90": {
          "mean": 1.0,
          "std": 0.816496580927726
        },
        "speed_to_95": {
          "mean": 3.2666666666666666,
          "std": 1.5260697523012796
        },
        "speed_to_99": {
          "mean": 9.666666666666666,
          "std": 5.895384258515772
        },
        "auc": {
          "mean": 0.45545694883664445,
          "std": 0.001704226004933209
        },
        "convergence_rate": {
          "mean": 0.002119932572046915,
          "std": 0.0012158621613063468
        },
        "final_acc": {
          "mean": 0.46660958727200824,
          "std": 0.0013536648739355327
        }
      },
      "checkpoint_accuracies": {
        "10": {
          "mean": 0.4491600036621094,
          "std": 0.0067526149598583565
        },
        "20": {
          "mean": 0.45296091834704083,
          "std": 0.009229528540777205
        },
        "40": {
          "mean": 0.4635015308856964,
          "std": 0.00954083089470406
        },
        "80": {
          "mean": 0.46587735215822856,
          "std": 0.002365758974206216
        }
      }
    },
    "rownorm": {
      "name": "Row-Normalized MLP",
      "test_accuracy": {
        "mean": 0.6510771870613098,
        "std": 0.001631089759769193,