{
  "fisher_score": 0.06532163212478809,
  "std_fisher_score": 0.0,
  "per_split": [
    {
      "split": 0,
      "fisher_score": 0.06532163212478809,
      "fisher_score_U": 0.06532163212478809,
      "between_class_variance": 0.0008059900794901865,
      "within_class_variance": 0.012338792728731151,
      "per_feature_U_stats": {
        "mean": 0.09564376534008188,
        "std": 0.06174454880446163,
        "max": 0.43480597857300024,
        "top5": [
          0.43480597857300024,
          0.37011607403359054,
          0.35523676990209035,
          0.333656866674847,
          0.32059984855488693
        ]
      },
      "note": "Computed on training set only to prevent data leakage",
      "fisher_score_X_diffused": 0.05644088870152439,
      "between_class_variance_X": 0.006786495399223561,
      "within_class_variance_X": 0.12024076082700426,
      "per_feature_X_stats": {
        "mean": 0.42092543378677666,
        "std": 0.36020924593947157,
        "max": 2.65685140719567,
        "top5": [
          2.65685140719567,
          2.550404870387621,
          2.332846125412421,
          2.301533987651668,
          1.8937781406525076
        ],
        "n_cols_sampled": 500
      }
    }
  ],
  "note": "Fisher score computed on training set only (no leakage)"
}