{
  "fisher_score": 0.005588539203300585,
  "mean_fisher_score": 0.005891306684329739,
  "std_fisher_score": 0.0002575379641632019,
  "per_split": [
    {
      "split": 0,
      "fisher_score": 0.005588539203300585,
      "fisher_score_U": 0.005588539203300585,
      "between_class_variance": 0.0005286228721229675,
      "within_class_variance": 0.09459052766611414,
      "per_feature_U_stats": {
        "mean": 0.00020345464275861992,
        "std": 0.00034325109671139154,
        "max": 0.00510618480825314,
        "top5": [
          0.00510618480825314,
          0.0037337136716331693,
          0.00288989833348989,
          0.002306846022905766,
          0.002055957955981886
        ]
      },
      "note": "Computed on training set only to prevent data leakage",
      "fisher_score_X_diffused": 0.3604443969279328,
      "between_class_variance_X": 1.3702174294150327,
      "within_class_variance_X": 3.801466858947994,
      "per_feature_X_stats": {
        "mean": 0.040159394914210604,
        "std": 0.03554382554634374,
        "max": 0.24580809448239102,
        "top5": [
          0.24580809448239102,
          0.22655103365484727,
          0.20029719985294397,
          0.1974883512789029,
          0.17783662693215488
        ],
        "n_cols_sampled": 500
      }
    },
    {
      "split": 1,
      "fisher_score": 0.0057414644784250035,
      "fisher_score_U": 0.0057414644784250035,
      "between_class_variance": 0.0005307751832200302,
      "within_class_variance": 0.09244595785875737,
      "per_feature_U_stats": {
        "mean": 0.00019581210862880112,
        "std": 0.00031733363695101737,
        "max": 0.004960412745158031,
        "top5": [
          0.004960412745158031,
          0.003279812451284887,
          0.002609716597769729,
          0.0021695182500921814,
          0.001977487291067049
        ]
      },
      "note": "Computed on training set only to prevent data leakage",
      "fisher_score_X_diffused": 0.35535211205581463,
      "between_class_variance_X": 1.4541259414649814,
      "within_class_variance_X": 4.092070631161984,
      "per_feature_X_stats": {
        "mean": 0.03884353793710196,
        "std": 0.0344734094661415,
        "max": 0.24300764265183816,
        "top5": [
          0.24300764265183816,
          0.2249535625616814,
          0.19628609817066195,
          0.19492083808341135,
          0.17475310145482884
        ],
        "n_cols_sampled": 500
      }
    },
    {
      "split": 2,
      "fisher_score": 0.006342108496683876,
      "fisher_score_U": 0.006342108496683876,
      "between_class_variance": 0.0005897570485530997,
      "within_class_variance": 0.09299069053477535,
      "per_feature_U_stats": {
        "mean": 0.0002017634509678639,
        "std": 0.000304908045813939,
        "max": 0.00460314844214639,
        "top5": [
          0.00460314844214639,
          0.00336733068346824,
          0.0019694532447895445,
          0.0019201153755237337,
          0.0017257408199826939
        ]
      },
      "note": "Computed on training set only to prevent data leakage",
      "fisher_score_X_diffused": 0.3359270836976052,
      "between_class_variance_X": 1.3068916348309378,
      "within_class_variance_X": 3.8904027041992704,
      "per_feature_X_stats": {
        "mean": 0.0388487427477281,
        "std": 0.03477333730015006,
        "max": 0.22929368662194163,
        "top5": [
          0.22929368662194163,
          0.21415644217365806,
          0.20141539431840122,
          0.1923282190982032,
          0.1784540456072021
        ],
        "n_cols_sampled": 500
      }
    },
    {
      "split": 3,
      "fisher_score": 0.005976721782008271,
      "fisher_score_U": 0.005976721782008271,
      "between_class_variance": 0.0005578813427953391,
      "within_class_variance": 0.09334236445048014,
      "per_feature_U_stats": {
        "mean": 0.0001933538805706948,
        "std": 0.0002953851803837472,
        "max": 0.004677883323120031,
        "top5": [
          0.004677883323120031,
          0.0030824559854503476,
          0.001975847519299768,
          0.0019603385077659433,
          0.0017599438800832996
        ]
      },
      "note": "Computed on training set only to prevent data leakage",
      "fisher_score_X_diffused": 0.3553868448765639,
      "between_class_variance_X": 1.3892484370637095,
      "within_class_variance_X": 3.9091161000802814,
      "per_feature_X_stats": {
        "mean": 0.038872082839005,
        "std": 0.03412976369482816,
        "max": 0.24016931569456307,
        "top5": [
          0.24016931569456307,
          0.21912222985169244,
          0.19587042043890884,
          0.19117990022789136,
          0.17518436195317275
        ],
        "n_cols_sampled": 500
      }
    },
    {
      "split": 4,
      "fisher_score": 0.00580769946123096,
      "fisher_score_U": 0.00580769946123096,
      "between_class_variance": 0.0005268522804227113,
      "within_class_variance": 0.09071617495700153,
      "per_feature_U_stats": {
        "mean": 0.00020170462741589344,
        "std": 0.00032795710879673625,
        "max": 0.004863912208425279,
        "top5": [
          0.004863912208425279,
          0.003502122330311409,
          0.0033212864079087854,
          0.002006657422928922,
          0.0019983115012962966
        ]
      },
      "note": "Computed on training set only to prevent data leakage",
      "fisher_score_X_diffused": 0.3744226530570095,
      "between_class_variance_X": 1.417863430388064,
      "within_class_variance_X": 3.786799272992119,
      "per_feature_X_stats": {
        "mean": 0.04036852953085107,
        "std": 0.03531051016357819,
        "max": 0.24887588434554836,
        "top5": [
          0.24887588434554836,
          0.23135164476091083,
          0.20420573570854808,
          0.200537659482412,
          0.17869613762579042
        ],
        "n_cols_sampled": 500
      }
    }
  ],
  "note": "Fisher score computed on training set only (no leakage)"
}