{
  "fisher_score": 0.07862219941908902,
  "std_fisher_score": 0.003118421735534899,
  "per_split": [
    {
      "split": 0,
      "fisher_score": 0.07569406038678184,
      "fisher_score_U": 0.07569406038678184,
      "between_class_variance": 0.0004912635499381106,
      "within_class_variance": 0.006490120194739851,
      "per_feature_U_stats": {
        "mean": 0.07439129757340347,
        "std": 0.14187763708538786,
        "max": 2.030991926448945,
        "top5": [
          2.030991926448945,
          1.8541660731065648,
          1.5803630453622262,
          0.7860988621305519,
          0.7827302266244526
        ]
      },
      "note": "Computed on training set only to prevent data leakage",
      "fisher_score_X_diffused": 0.06640803632095349,
      "between_class_variance_X": 1.1435375100905338,
      "within_class_variance_X": 17.219866351171078,
      "per_feature_X_stats": {
        "mean": 0.23216259276889534,
        "std": 0.20472476942550852,
        "max": 1.3586880520429248,
        "top5": [
          1.3586880520429248,
          1.3102434945474655,
          1.134971561682738,
          1.0879513131238367,
          1.0338775260731612
        ],
        "n_cols_sampled": 500
      }
    },
    {
      "split": 1,
      "fisher_score": 0.08069182901417082,
      "fisher_score_U": 0.08069182901417082,
      "between_class_variance": 0.0005112031630616156,
      "within_class_variance": 0.006335253139098382,
      "per_feature_U_stats": {
        "mean": 0.07306510352719484,
        "std": 0.1434180858173783,
        "max": 1.932831833447537,
        "top5": [
          1.932831833447537,
          1.8395299230350743,
          1.802514000224407,
          0.8286295466310872,
          0.8199401900259531
        ]
      },
      "note": "Computed on training set only to prevent data leakage",
      "fisher_score_X_diffused": 0.060557402120548526,
      "between_class_variance_X": 1.2175691804059063,
      "within_class_variance_X": 20.106033907831012,
      "per_feature_X_stats": {
        "mean": 0.21169174701492266,
        "std": 0.19165666449412969,
        "max": 1.319324052615421,
        "top5": [
          1.319324052615421,
          1.2579959929195152,
          1.0888920045194994,
          0.9917305705302548,
          0.9648602579438631
        ],
        "n_cols_sampled": 500
      }
    },
    {
      "split": 2,
      "fisher_score": 0.08192189317297047,
      "fisher_score_U": 0.08192189317297047,
      "between_class_variance": 0.0005297797011611466,
      "within_class_variance": 0.006466887917770234,
      "per_feature_U_stats": {
        "mean": 0.07358450161489073,
        "std": 0.1472131277179767,
        "max": 2.113531743570597,
        "top5": [
          2.113531743570597,
          1.959873259483768,
          1.706993964794718,
          0.8618701995592309,
          0.7773397092201808
        ]
      },
      "note": "Computed on training set only to prevent data leakage",
      "fisher_score_X_diffused": 0.05860055434565803,
      "between_class_variance_X": 1.065379176567927,
      "within_class_variance_X": 18.180360040346027,
      "per_feature_X_stats": {
        "mean": 0.21967699732034338,
        "std": 0.19943595922523216,
        "max": 1.313427833115861,
        "top5": [
          1.313427833115861,
          1.2395340012525116,
          1.1095247049486747,
          1.0722796185497174,
          1.0233239573448945
        ],
        "n_cols_sampled": 500
      }
    },
    {
      "split": 3,
      "fisher_score": 0.0740926998544881,
      "fisher_score_U": 0.0740926998544881,
      "between_class_variance": 0.000488518690447287,
      "within_class_variance": 0.006593344437531593,
      "per_feature_U_stats": {
        "mean": 0.0711226568992327,
        "std": 0.1367308730980145,
        "max": 1.9122968439788246,
        "top5": [
          1.9122968439788246,
          1.7830051748596176,
          1.6031309285596311,
          0.7754330440878391,
          0.7733125874918831
        ]
      },
      "note": "Computed on training set only to prevent data leakage",
      "fisher_score_X_diffused": 0.06340295738996109,
      "between_class_variance_X": 1.1555302176696516,
      "within_class_variance_X": 18.225178528543097,
      "per_feature_X_stats": {
        "mean": 0.22006028942678238,
        "std": 0.1956108276493594,
        "max": 1.3479999883334317,
        "top5": [
          1.3479999883334317,
          1.2976207986629917,
          1.0994467867054718,
          1.013549919299409,
          0.9889974343856415
        ],
        "n_cols_sampled": 500
      }
    },
    {
      "split": 4,
      "fisher_score": 0.08071051466703388,
      "fisher_score_U": 0.08071051466703388,
      "between_class_variance": 0.0004939122261377496,
      "within_class_variance": 0.006119552429759037,
      "per_feature_U_stats": {
        "mean": 0.07522723492773545,
        "std": 0.13884669788491186,
        "max": 1.9148307327902683,
        "top5": [
          1.9148307327902683,
          1.6765730227828908,
          1.5978587830459283,
          0.8325616451102807,
          0.8067889474276901
        ]
      },
      "note": "Computed on training set only to prevent data leakage",
      "fisher_score_X_diffused": 0.06935639204629516,
      "between_class_variance_X": 1.1844936915397728,
      "within_class_variance_X": 17.078363746907815,
      "per_feature_X_stats": {
        "mean": 0.23477244016768634,
        "std": 0.20469921347350606,
        "max": 1.3935879320044422,
        "top5": [
          1.3935879320044422,
          1.3425171420599322,
          1.1316272291604719,
          1.0951200019537821,
          1.0520516685434171
        ],
        "n_cols_sampled": 500
      }
    }
  ],
  "note": "Fisher score computed on training set only (no leakage)"
}