{
  "dataset": "coauthor-physics",
  "k": 1,
  "split_type": "random",
  "component_type": "lcc",
  "num_seeds": 15,
  "num_splits": 5,
  "total_runs_per_method": 75,
  "metadata": {
    "d_effective": 7701,
    "ortho_error": 5.2596761390688584e-09,
    "num_components": 0,
    "num_nodes": 34493,
    "num_features": 8415,
    "num_classes": 5
  },
  "experiments": {
    "sgc_mlp_baseline": {
      "test_acc_mean": 0.9642608277002971,
      "test_acc_std": 0.0015379627044102063,
      "val_acc_mean": 0.9646312896410624,
      "val_acc_std": 0.0011502881869271573,
      "per_run_test_acc": [
        0.9644927382469177,
        0.9630434513092041,
        0.9646376371383667,
        0.9601448774337769,
        0.9640579223632812,
        0.9656521081924438,
        0.9631883502006531,
        0.9647825360298157,
        0.9639130234718323,
        0.961159348487854,
        0.9650723934173584,
        0.9630434513092041,
        0.9655072093009949,
        0.9633333086967468,
        0.9639130234718323,
        0.9652173519134521,
        0.9655072093009949,
        0.9646376371383667,
        0.9646376371383667,
        0.9660869240760803,
        0.9644927382469177,
        0.9652173519134521,
        0.9640579223632812,
        0.9640579223632812,
        0.9647825360298157,
        0.964347779750824,
        0.966521680355072,
        0.964347779750824,
        0.9646376371383667,
        0.9627535939216614,
        0.964202880859375,
        0.9657970666885376,
        0.9637680649757385,
        0.9647825360298157,
        0.9620289206504822,
        0.9646376371383667,
        0.9657970666885376,
        0.9657970666885376,
        0.9669564962387085,
        0.966376781463623,
        0.9655072093009949,
        0.9652173519134521,
        0.9644927382469177,
        0.9678260684013367,
        0.964347779750824,
        0.9647825360298157,
        0.9644927382469177,
        0.966521680355072,
        0.9659419655799866,
        0.9650723934173584,
        0.9646376371383667,
        0.9652173519134521,
        0.9634782075881958,
        0.964202880859375,
        0.9630434513092041,
        0.966521680355072,
        0.9633333086967468,
        0.9647825360298157,
        0.9671013951301575,
        0.9660869240760803,
        0.9630434513092041,
        0.9620289206504822,
        0.9644927382469177,
        0.9621738791465759,
        0.9633333086967468,
        0.9621738791465759,
        0.9640579223632812,
        0.9636231660842896,
        0.9633333086967468,
        0.9615941643714905,
        0.9614492058753967,
        0.9627535939216614,
        0.9631883502006531,
        0.9620289206504822,
        0.9602898359298706
      ],
      "n_runs": 75,
      "train_acc_mean": 0.9998911086718242,
      "train_acc_std": 0.0003293485261265979,
      "num_params": 2221573,
      "param_to_train_ratio": 107.34829669002174
    },
    "restricted_standard_mlp": {
      "test_acc_mean": 0.909673388004303,
      "test_acc_std": 0.011997668418729944,
      "val_acc_mean": 0.9118043820063273,
      "val_acc_std": 0.013387169855932435,
      "per_run_test_acc": [
        0.9030434489250183,
        0.9185506701469421,
        0.9155071973800659,
        0.9208695292472839,
        0.9202898144721985,
        0.9159420132637024,
        0.9202898144721985,
        0.9221738576889038,
        0.9102898240089417,
        0.9184057712554932,
        0.9153622984886169,
        0.9191303849220276,
        0.923043429851532,
        0.9202898144721985,
        0.912028968334198,
        0.9104347229003906,
        0.9017390608787537,
        0.9157970547676086,
        0.9186956286430359,
        0.9204347133636475,
        0.9024637341499329,
        0.9118840098381042,
        0.917536199092865,
        0.9152173399925232,
        0.9101448655128479,
        0.8972463607788086,
        0.9124637246131897,
        0.8921738862991333,
        0.9178260564804077,
        0.9169564843177795,
        0.9182608127593994,
        0.9039130210876465,
        0.9140579104423523,
        0.9082608222961426,
        0.9078260660171509,
        0.903333306312561,
        0.9160869121551514,
        0.9056521058082581,
        0.9098550081253052,
        0.9126086831092834,
        0.9213042855262756,
        0.8992753028869629,
        0.9084057807922363,
        0.9171013832092285,
        0.887101411819458,
        0.9127535820007324,
        0.9056521058082581,
        0.9192753434181213,
        0.9094202518463135,
        0.9192753434181213,
        0.9159420132637024,
        0.8747825622558594,
        0.9085506796836853,
        0.9110144376754761,
        0.9110144376754761,
        0.9082608222961426,
        0.9023187756538391,
        0.9091303944587708,
        0.9220289587974548,
        0.9107245802879333,
        0.9092752933502197,
        0.8955072164535522,
        0.8997101187705994,
        0.901304304599762,
        0.9098550081253052,
        0.8998550176620483,
        0.9055072069168091,
        0.9162318706512451,
        0.9082608222961426,
        0.9037680625915527,
        0.8379709720611572,
        0.9194202423095703,
        0.9052173495292664,
        0.9126086831092834,
        0.9115941524505615
      ],
      "n_runs": 75,
      "train_acc_mean": 0.9998582553863525,
      "train_acc_std": 0.0007961600924552312,
      "num_params": 2038789,
      "param_to_train_ratio": 98.51601836192317
    },
    "restricted_rownorm_mlp": {
      "test_acc_mean": 0.9477410173416138,
      "test_acc_std": 0.003312820711960722,
      "val_acc_mean": 0.9493476279576619,
      "val_acc_std": 0.0030821861302749794,
      "per_run_test_acc": [
        0.9471014142036438,
        0.9443477988243103,
        0.9466665983200073,
        0.9518840312957764,
        0.9536231160163879,
        0.9460868835449219,
        0.9472463130950928,
        0.9476811289787292,
        0.9427535533905029,
        0.9513043165206909,
        0.9456521272659302,
        0.9463767409324646,
        0.9486956000328064,
        0.944782555103302,
        0.9472463130950928,
        0.9504347443580627,
        0.9497101306915283,
        0.950289785861969,
        0.9452173709869385,
        0.95014488697052,
        0.9542028307914734,
        0.9542028307914734,
        0.9518840312957764,
        0.9498550295829773,
        0.95333331823349,
        0.9492753148078918,
        0.9524637460708618,
        0.9544926881790161,
        0.9547825455665588,
        0.9456521272659302,
        0.9476811289787292,
        0.9407246112823486,
        0.9478260278701782,
        0.9405796527862549,
        0.9471014142036438,
        0.9391303658485413,
        0.9417390823364258,
        0.9431883692741394,
        0.9488405585289001,
        0.9495651721954346,
        0.9482608437538147,
        0.9455072283744812,
        0.9473912715911865,
        0.9475361704826355,
        0.9442028403282166,
        0.9452173709869385,
        0.9498550295829773,
        0.95014488697052,
        0.9520289301872253,
        0.9442028403282166,
        0.9476811289787292,
        0.9459419846534729,
        0.9497101306915283,
        0.947970986366272,
        0.9511593580245972,
        0.9492753148078918,
        0.948115885257721,
        0.9492753148078918,
        0.9452173709869385,
        0.94695645570755,
        0.94695645570755,
        0.9486956000328064,
        0.9468115568161011,
        0.9492753148078918,
        0.9478260278701782,
        0.9465216994285583,
        0.9453622698783875,
        0.9431883692741394,
        0.9450724124908447,
        0.9510144591331482,
        0.9466665983200073,
        0.9453622698783875,
        0.9459419846534729,
        0.9436231255531311,
        0.9488405585289001
      ],
      "n_runs": 75,
      "train_acc_mean": 0.9996739792823791,
      "train_acc_std": 0.00042698519382813513,
      "num_params": 2038272,
      "param_to_train_ratio": 98.4910364822421
    }
  },