{
  "dataset": "coauthor-physics",
  "k": 1,
  "split_type": "random",
  "component_type": "lcc",
  "num_seeds": 15,
  "num_splits": 5,
  "total_runs_per_method": 75,
  "metadata": {
    "d_effective": 7697,
    "ortho_error": 5.807385683453958e-10,
    "num_components": 0,
    "num_nodes": 34493,
    "num_features": 8415,
    "num_classes": 5
  },
  "experiments": {
    "sgc_mlp_baseline": {
      "test_acc_mean": 0.9606434337298075,
      "test_acc_std": 0.002592569006259451,
      "val_acc_mean": 0.9612563943862915,
      "val_acc_std": 0.0015433380979832099,
      "per_run_test_acc": [
        0.9581158757209778,
        0.9572463035583496,
        0.9597101211547852,
        0.9598550200462341,
        0.9602898359298706,
        0.9592753052711487,
        0.9602898359298706,
        0.9568115472793579,
        0.9569565057754517,
        0.9592753052711487,
        0.9592753052711487,
        0.9586955904960632,
        0.9598550200462341,
        0.958985447883606,
        0.9565216898918152,
        0.9644927382469177,
        0.964347779750824,
        0.9647825360298157,
        0.9614492058753967,
        0.9637680649757385,
        0.9646376371383667,
        0.9650723934173584,
        0.9639130234718323,
        0.9633333086967468,
        0.9646376371383667,
        0.9624637365341187,
        0.964202880859375,
        0.9634782075881958,
        0.9660869240760803,
        0.9634782075881958,
        0.9618840217590332,
        0.9585506916046143,
        0.9613043069839478,
        0.9594202637672424,
        0.9607245922088623,
        0.9599999785423279,
        0.9617390632629395,
        0.9597101211547852,
        0.9595651626586914,
        0.9582608342170715,
        0.9598550200462341,
        0.9604347348213196,
        0.9594202637672424,
        0.9560869336128235,
        0.9604347348213196,
        0.9637680649757385,
        0.9627535939216614,
        0.9639130234718323,
        0.961159348487854,
        0.9623187780380249,
        0.9627535939216614,
        0.964347779750824,
        0.9620289206504822,
        0.9617390632629395,
        0.9637680649757385,
        0.9621738791465759,
        0.9623187780380249,
        0.9627535939216614,
        0.9623187780380249,
        0.9633333086967468,
        0.9586955904960632,
        0.9569565057754517,
        0.9569565057754517,
        0.9576811194419861,
        0.958840548992157,
        0.9581158757209778,
        0.9578260183334351,
        0.9579709768295288,
        0.9579709768295288,
        0.9573912620544434,
        0.9573912620544434,
        0.9581158757209778,
        0.958985447883606,
        0.9576811194419861,
        0.9575361609458923
      ],
      "n_runs": 75,
      "train_acc_mean": 0.9998079903920492,
      "train_acc_std": 0.00031886747465799517,
      "num_params": 2221573,
      "param_to_train_ratio": 107.34829669002174
    },
    "restricted_standard_mlp": {
      "test_acc_mean": 0.8876637268066406,
      "test_acc_std": 0.02846654020719331,
      "val_acc_mean": 0.8899062474568685,
      "val_acc_std": 0.028574068300709986,
      "per_run_test_acc": [
        0.9102898240089417,
        0.802463710308075,
        0.9018840193748474,
        0.9053622484207153,
        0.908695638179779,
        0.9037680625915527,
        0.9102898240089417,
        0.9095651507377625,
        0.9057970643043518,
        0.9162318706512451,
        0.8988405466079712,
        0.8230434656143188,
        0.8036231398582458,
        0.9144927263259888,
        0.9052173495292664,
        0.7944927215576172,
        0.9105796813964844,
        0.8801448941230774,
        0.898115873336792,
        0.9010144472122192,
        0.8852173686027527,
        0.8971014022827148,
        0.8944926857948303,
        0.887101411819458,
        0.9043477773666382,
        0.897970974445343,
        0.8910144567489624,
        0.7981159090995789,
        0.897970974445343,
        0.8897101283073425,
        0.9094202518463135,
        0.8692753314971924,
        0.9089854955673218,
        0.9081159234046936,
        0.9092752933502197,
        0.8956521153450012,
        0.9081159234046936,
        0.9004347324371338,
        0.8963767886161804,
        0.8282608389854431,
        0.9007245898246765,
        0.8894202709197998,
        0.8946376442909241,
        0.9018840193748474,
        0.8273912668228149,
        0.9071013927459717,
        0.8739129900932312,
        0.8968115448951721,
        0.9018840193748474,
        0.8956521153450012,
        0.8942028284072876,
        0.8884057402610779,
        0.8923187851905823,
        0.8831883668899536,
        0.9024637341499329,
        0.8860869407653809,
        0.9031883478164673,
        0.9001448750495911,
        0.8918840289115906,
        0.8753622770309448,
        0.9028984904289246,
        0.8450724482536316,
        0.8921738862991333,
        0.8985506892204285,
        0.8649274706840515,
        0.8894202709197998,
        0.9053622484207153,
        0.8973912596702576,
        0.8805796504020691,
        0.8968115448951721,
        0.8876811265945435,
        0.889275312423706,
        0.8986955881118774,
        0.9062318205833435,
        0.8321738839149475
      ],
      "n_runs": 75,
      "train_acc_mean": 0.9995708974202474,
      "train_acc_std": 0.0011692174952292252,
      "num_params": 2037765,
      "param_to_train_ratio": 98.46653781106548
    },
    "restricted_rownorm_mlp": {
      "test_acc_mean": 0.9248057532310486,
      "test_acc_std": 0.0083062591871058,
      "val_acc_mean": 0.9255784217516582,
      "val_acc_std": 0.008981209784353864,
      "per_run_test_acc": [
        0.9271014332771301,
        0.9321738481521606,
        0.930579662322998,
        0.9318839907646179,
        0.9149274826049805,
        0.9294202327728271,
        0.9226086735725403,
        0.9276810884475708,
        0.9328985214233398,
        0.9346376657485962,
        0.9297100901603699,
        0.925072431564331,
        0.9214492440223694,
        0.9323188066482544,
        0.9318839907646179,
        0.9320289492607117,
        0.9202898144721985,
        0.9186956286430359,
        0.9295651912689209,
        0.9350724220275879,
        0.9373912811279297,
        0.9081159234046936,
        0.9255071878433228,
        0.9128984808921814,
        0.9079709649085999,
        0.9307246208190918,
        0.9326086640357971,
        0.9207245707511902,
        0.9199999570846558,
        0.9182608127593994,
        0.8908694982528687,
        0.9342028498649597,
        0.9311593770980835,
        0.9275361895561218,
        0.9363767504692078,
        0.9271014332771301,
        0.9243477582931519,
        0.9208695292472839,
        0.9302898049354553,
        0.917536199092865,
        0.9346376657485962,
        0.933912992477417,
        0.9168115258216858,
        0.9272463321685791,
        0.9259420037269592,
        0.9210144281387329,
        0.9155071973800659,
        0.9318839907646179,
        0.912028968334198,
        0.9231883883476257,
        0.9292753338813782,
        0.9315941333770752,
        0.9263767600059509,
        0.9263767600059509,
        0.9150724411010742,
        0.9201448559761047,
        0.9198550581932068,
        0.9315941333770752,
        0.9233332872390747,
        0.9195652008056641,
        0.9213042855262756,
        0.9117391109466553,
        0.9269564747810364,
        0.9276810884475708,
        0.9153622984886169,
        0.9373912811279297,
        0.9240579009056091,
        0.9314492344856262,
        0.9110144376754761,
        0.9115941524505615,
        0.9297100901603699,
        0.9276810884475708,
        0.9286956191062927,
        0.92521733045578,
        0.9307246208190918
      ],
      "n_runs": 75,
      "train_acc_mean": 0.9996482157707214,
      "train_acc_std": 0.00033705082004787843,
      "num_params": 2037248,
      "param_to_train_ratio": 98.44155593138439
    }
  },