{
  "fisher_score": 0.0780726267063533,
  "mean_fisher_score": 0.0780726267063533,
  "std_fisher_score": 0.0,
  "per_split": [
    {
      "split": 0,
      "fisher_score": 0.0780726267063533,
      "fisher_score_U": 0.0780726267063533,
      "between_class_variance": 0.010948068441524461,
      "within_class_variance": 0.1402292826998421,
      "per_feature_U_stats": {
        "mean": 0.00024785263931859997,
        "std": 0.0035139346399278184,
        "max": 0.26056998356257255,
        "top5": [
          0.26056998356257255,
          0.09505942613816386,
          0.03936868696246491,
          0.03715769176888764,
          0.03290415967218008
        ]
      },
      "note": "Computed on training set only to prevent data leakage",
      "fisher_score_X_diffused": 0.8522197955961582,
      "between_class_variance_X": 0.6796573929537537,
      "within_class_variance_X": 0.7975142052154621,
      "per_feature_X_stats": {
        "mean": 0.008079510998655046,
        "std": 0.021091229014729075,
        "max": 0.31461771881822687,
        "top5": [
          0.31461771881822687,
          0.17251218378805241,
          0.14365965031640335,
          0.0898554945114945,
          0.08604580731357768
        ],
        "n_cols_sampled": 500
      }
    }
  ],
  "note": "Fisher score computed on training set only (no leakage)"
}