{
  "dataset": "wikics",
  "k": 4,
  "num_splits": 5,
  "num_seeds": 5,
  "total_runs": 25,
  "precompute_time": 0.588207483291626,
  "sgc_baseline": {
    "test_acc_mean": 0.6939427447319031,
    "test_acc_std": 0.008851452456011509,
    "val_acc_mean": 0.6889230871200561,
    "val_acc_std": 0.0072874634050023495,
    "train_time_mean": 0.507738561630249,
    "train_time_std": 0.1265482527703791
  },
  "rownorm_mlp": {
    "test_acc_mean": 0.7845194149017334,
    "test_acc_std": 0.00500947213112545,
    "val_acc_mean": 0.7923247957229614,
    "val_acc_std": 0.008634999929594966,
    "train_time_mean": 0.6089481353759766,
    "train_time_std": 0.1300468650073394
  },
  "improvement": {
    "absolute_pp": 9.057667016983029,
    "relative_percent": 13.052470230065394
  }
}