{
  "dataset": "coauthor-physics",
  "baseline": {
    "a_raw_std": {
      "mean": 0.9500482678413391,
      "std": 0.0014988787885184748
    },
    "b_restricted_std": {
      "mean": 0.7883735497792562,
      "std": 0.010177258213747193
    },
    "c_restricted_rownorm": {
      "mean": 0.9029790361722311,
      "std": 0.002182078654476275
    }
  },
  "standard_diffusion": {
    "2": {
      "a_raw_std": {
        "mean": 0.9580675959587097,
        "std": 0.0005810479997875406
      },
      "b_restricted_std": {
        "mean": 0.821400933795505,
        "std": 0.005426698884514298
      },
      "c_restricted_rownorm": {
        "mean": 0.9213204052713181,
        "std": 0.0010890635733027904
      }
    },
    "4": {
      "a_raw_std": {
        "mean": 0.9549435906940036,
        "std": 0.0007445760036958449
      },
      "b_restricted_std": {
        "mean": 0.8205152617560493,
        "std": 0.0024026432815642397
      },
      "c_restricted_rownorm": {
        "mean": 0.9127213690016004,
        "std": 0.001538507597053471
      }
    },
    "8": {
      "a_raw_std": {
        "mean": 0.9517068995369805,
        "std": 0.0013642948684143015
      },
      "b_restricted_std": {
        "mean": 0.8263767692777845,
        "std": 0.003293772403589547
      },
      "c_restricted_rownorm": {
        "mean": 0.908969369199541,
        "std": 0.0021073488687161153
      }
    },
    "16": {
      "a_raw_std": {
        "mean": 0.9501609868473477,
        "std": 0.0020895506841707794
      },
      "b_restricted_std": {
        "mean": 0.8287761410077413,
        "std": 0.0022639519109773866
      },
      "c_restricted_rownorm": {
        "mean": 0.9076489210128784,
        "std": 0.003766947598944424
      }
    }
  },
  "cmg_diffusion": {
    "2": {
      "a_raw_std": {
        "mean": 0.9088727500703601,
        "std": 0.0009211177082267658
      },
      "b_restricted_std": {
        "mean": 0.7456360393100314,
        "std": 0.003417191779528256
      },
      "c_restricted_rownorm": {
        "mean": 0.8494846688376532,
        "std": 0.0009353709510149064
      }
    },
    "4": {
      "a_raw_std": {
        "mean": 0.9366505212253995,
        "std": 0.0009469395271951386
      },
      "b_restricted_std": {
        "mean": 0.7977294259601169,
        "std": 0.004197622372534185
      },
      "c_restricted_rownorm": {
        "mean": 0.8953944908248054,
        "std": 0.001992745136360332
      }
    },
    "8": {
      "a_raw_std": {
        "mean": 0.9464894930521647,
        "std": 0.0019413395264108798
      },
      "b_restricted_std": {
        "mean": 0.8235909408993192,
        "std": 0.0011046809915819821
      },
      "c_restricted_rownorm": {
        "mean": 0.90587756368849,
        "std": 0.00155658038996341
      }
    },
    "16": {
      "a_raw_std": {
        "mean": 0.9480836921268039,
        "std": 0.0022314162417765423
      },
      "b_restricted_std": {
        "mean": 0.8291464977794224,
        "std": 0.0061033299967033754
      },
      "c_restricted_rownorm": {
        "mean": 0.906666616598765,
        "std": 0.001937587916237247
      }
    }
  }
}