{
  "fisher_score": 0.1427274250228801,
  "mean_fisher_score": 0.1427274250228801,
  "std_fisher_score": 0.0,
  "per_split": [
    {
      "split": 0,
      "fisher_score": 0.1427274250228801,
      "fisher_score_U": 0.1427274250228801,
      "between_class_variance": 0.03740931149461571,
      "within_class_variance": 0.2621031766573156,
      "per_feature_U_stats": {
        "mean": 0.00037966421671104477,
        "std": 0.006234263000962715,
        "max": 0.30463622566079873,
        "top5": [
          0.30463622566079873,
          0.27140205155968733,
          0.15969379430143057,
          0.15248689857999995,
          0.12804732174902517
        ]
      },
      "note": "Computed on training set only to prevent data leakage",
      "fisher_score_X_diffused": 0.551536347203705,
      "between_class_variance_X": 0.36841618563733536,
      "within_class_variance_X": 0.6679816978612728,
      "per_feature_X_stats": {
        "mean": 0.01261158399722027,
        "std": 0.03330865017972173,
        "max": 0.3028906042198763,
        "top5": [
          0.3028906042198763,
          0.2799187645934352,
          0.2584157063699951,
          0.2338151826400122,
          0.22634507292437092
        ],
        "n_cols_sampled": 500
      }
    }
  ],
  "note": "Fisher score computed on training set only (no leakage)"
}