{
  "dataset": "amazon-photo",
  "k": 2,
  "split_type": "random",
  "component_type": "lcc",
  "num_seeds": 15,
  "num_splits": 5,
  "total_runs_per_method": 75,
  "metadata": {
    "d_effective": 745,
    "ortho_error": 2.782083452501638e-10,
    "num_components": 0,
    "num_nodes": 7487,
    "num_features": 745,
    "num_classes": 8
  },
  "experiments": {
    "sgc_mlp_baseline": {
      "test_acc_mean": 0.9487405808766683,
      "test_acc_std": 0.004980398687632569,
      "val_acc_mean": 0.954896498521169,
      "val_acc_std": 0.006002974300368563,
      "per_run_test_acc": [
        0.9559413194656372,
        0.9472630620002747,
        0.9512683749198914,
        0.9519359469413757,
        0.9499332904815674,
        0.9506008625030518,
        0.9539386034011841,
        0.9532710909843445,
        0.9552737474441528,
        0.9506008625030518,
        0.949265718460083,
        0.9539386034011841,
        0.9539386034011841,
        0.9519359469413757,
        0.9459279179573059,
        0.9539386034011841,
        0.9526035189628601,
        0.9539386034011841,
        0.9566088318824768,
        0.9506008625030518,
        0.9566088318824768,
        0.9546061754226685,
        0.9539386034011841,
        0.9519359469413757,
        0.9532710909843445,
        0.9472630620002747,
        0.9572764039039612,
        0.9526035189628601,
        0.9512683749198914,
        0.9546061754226685,
        0.9399199485778809,
        0.9419226050376892,
        0.9385848045349121,
        0.9412550330162048,
        0.9412550330162048,
        0.9432576894760132,
        0.9359145760536194,
        0.9439252614974976,
        0.9365821480751038,
        0.9452604055404663,
        0.9399199485778809,
        0.9425901770591736,
        0.9425901770591736,
        0.9399199485778809,
        0.9372497200965881,
        0.9512683749198914,
        0.9512683749198914,
        0.9499332904815674,
        0.9465954899787903,
        0.9519359469413757,
        0.9485981464385986,
        0.947930634021759,
        0.9552737474441528,
        0.949265718460083,
        0.947930634021759,
        0.9512683749198914,
        0.947930634021759,
        0.9485981464385986,
        0.949265718460083,
        0.949265718460083,
        0.949265718460083,
        0.9465954899787903,
        0.9506008625030518,
        0.947930634021759,
        0.947930634021759,
        0.949265718460083,
        0.9499332904815674,
        0.9485981464385986,
        0.9499332904815674,
        0.9472630620002747,
        0.947930634021759,
        0.949265718460083,
        0.9459279179573059,
        0.9472630620002747,
        0.9452604055404663
      ],
      "n_runs": 75,
      "train_acc_mean": 0.9727812647819519,
      "train_acc_std": 0.005652953683118937,
      "num_params": 258824,
      "param_to_train_ratio": 57.61887800534283
    },
    "restricted_standard_mlp": {
      "test_acc_mean": 0.8924076922734578,
      "test_acc_std": 0.00807670114281583,
      "val_acc_mean": 0.8908038687705994,
      "val_acc_std": 0.008515805772096933,
      "per_run_test_acc": [
        0.9025367498397827,
        0.9018691778182983,
        0.9052069783210754,
        0.89986652135849,
        0.9072096347808838,
        0.8991989493370056,
        0.9025367498397827,
        0.9005340933799744,
        0.8945260643959045,
        0.9058745503425598,
        0.9012016654014587,
        0.9038718938827515,
        0.9005340933799744,
        0.9032043218612671,
        0.9018691778182983,
        0.8871829509735107,
        0.8925234079360962,
        0.8971962928771973,
        0.8865153789520264,
        0.8905207514762878,
        0.8838451504707336,
        0.8898531794548035,
        0.884512722492218,
        0.8905207514762878,
        0.8945260643959045,
        0.8865153789520264,
        0.8931909799575806,
        0.8865153789520264,
        0.885847806930542,
        0.8865153789520264,
        0.8838451504707336,
        0.8825100660324097,
        0.884512722492218,
        0.8871829509735107,
        0.8751669526100159,
        0.8825100660324097,
        0.885847806930542,
        0.8765020370483398,
        0.8851802945137024,
        0.8838451504707336,
        0.8778371810913086,
        0.8871829509735107,
        0.8865153789520264,
        0.8838451504707336,
        0.8825100660324097,
        0.8965287208557129,
        0.898531436920166,
        0.9065421223640442,
        0.8991989493370056,
        0.8965287208557129,
        0.898531436920166,
        0.9025367498397827,
        0.8951936364173889,
        0.8978638648986816,
        0.8931909799575806,
        0.8991989493370056,
        0.9018691778182983,
        0.9032043218612671,
        0.9032043218612671,
        0.8905207514762878,
        0.8831775784492493,
        0.8865153789520264,
        0.8911882638931274,
        0.8871829509735107,
        0.8918558359146118,
        0.8851802945137024,
        0.8838451504707336,
        0.8785046935081482,
        0.8945260643959045,
        0.8931909799575806,
        0.8918558359146118,
        0.884512722492218,
        0.8918558359146118,
        0.8931909799575806,
        0.9005340933799744
      ],
      "n_runs": 75,
      "train_acc_mean": 1.0,
      "train_acc_std": 0.0,
      "num_params": 258824,
      "param_to_train_ratio": 57.61887800534283
    },
    "restricted_rownorm_mlp": {
      "test_acc_mean": 0.8995639046033224,
      "test_acc_std": 0.007239466152290823,
      "val_acc_mean": 0.9048319268226623,
      "val_acc_std": 0.007445223493550315,
      "per_run_test_acc": [
        0.8978638648986816,
        0.8898531794548035,
        0.8905207514762878,
        0.8871829509735107,
        0.8951936364173889,
        0.8931909799575806,
        0.8971962928771973,
        0.898531436920166,
        0.9018691778182983,
        0.8951936364173889,
        0.9012016654014587,
        0.885847806930542,
        0.8971962928771973,
        0.885847806930542,
        0.8971962928771973,
        0.8978638648986816,
        0.9032043218612671,
        0.9005340933799744,
        0.9045394062995911,
        0.8931909799575806,
        0.9025367498397827,
        0.9038718938827515,
        0.9052069783210754,
        0.9012016654014587,
        0.9032043218612671,
        0.9072096347808838,
        0.8945260643959045,
        0.8965287208557129,
        0.9058745503425598,
        0.8965287208557129,
        0.8818424940109253,
        0.8905207514762878,
        0.8938584923744202,
        0.885847806930542,
        0.8818424940109253,
        0.8958612084388733,
        0.8905207514762878,
        0.8925234079360962,
        0.8905207514762878,
        0.8958612084388733,
        0.8865153789520264,
        0.8978638648986816,
        0.8971962928771973,
        0.8945260643959045,
        0.8938584923744202,
        0.9092123508453369,
        0.9058745503425598,
        0.9065421223640442,
        0.9065421223640442,
        0.9038718938827515,
        0.9018691778182983,
        0.9045394062995911,
        0.9038718938827515,
        0.913885235786438,
        0.9098798632621765,
        0.9032043218612671,
        0.9105474352836609,
        0.89986652135849,
        0.9032043218612671,
        0.9012016654014587,
        0.9085447788238525,
        0.9052069783210754,
        0.89986652135849,
        0.9018691778182983,
        0.9065421223640442,
        0.9025367498397827,
        0.9032043218612671,
        0.9085447788238525,
        0.9065421223640442,
        0.9092123508453369,
        0.9072096347808838,
        0.9072096347808838,
        0.9045394062995911,
        0.9058745503425598,
        0.9072096347808838
      ],
      "n_runs": 75,
      "train_acc_mean": 0.9983793735504151,
      "train_acc_std": 0.001985694499211756,
      "num_params": 258304,
      "param_to_train_ratio": 57.503116651825465
    }
  },
  "framework_analysis": {
    "sgc_mlp_acc_pct": 94.87405808766684,