{
  "dataset": "coauthor-cs",
  "k_diffusion": 16,
  "dimension": 6805,
  "num_random_subspaces": 3,
  "num_splits": 5,
  "num_seeds": 5,
  "total_runs_per_exp": 75,
  "avg_diffusion_time_seconds": 40.083676973978676,
  "baseline_engineered": {
    "a_raw_std": {
      "mean": 0.9377207899093627,
      "std": 0.0037844707284126933
    },
    "b_restricted_std": {
      "mean": 0.7080370497703552,
      "std": 0.006169409736773245
    },
    "c_restricted_rownorm": {
      "mean": 0.841930170059204,
      "std": 0.0036351857970350963
    }
  },
  "random_no_diffusion": {
    "a_raw_std": {
      "mean": 0.11332605808973312,
      "std": 0.0034097661866727795
    },
    "b_restricted_std": {
      "mean": 0.12190839260816572,
      "std": 0.003958035123978065
    },
    "c_restricted_rownorm": {
      "mean": 0.20513630449771883,
      "std": 0.003473654167492098
    }
  },
  "graph_diffused": {
    "a_raw_std": {
      "mean": 0.8746782612800599,
      "std": 0.004495983085674094
    },
    "b_restricted_std": {
      "mean": 0.6563031363487243,
      "std": 0.0039013223492269443
    },
    "c_restricted_rownorm": {
      "mean": 0.7945255923271178,
      "std": 0.002725754603937363
    }
  },
  "comparisons": {
    "diffusion_improvement_raw": 76.13522031903268,
    "gap_to_engineered": 6.304252862930282,
    "rownorm_effect_diffused": 21.06076419920528,
    "rownorm_effect_random": 68.27086315300848
  }
}