{
  "dataset": "coauthor-physics",
  "k": 2,
  "num_splits": 5,
  "num_seeds": 5,
  "total_runs": 25,
  "precompute_time": 2.4707579612731934,
  "sgc_baseline": {
    "test_acc_mean": 0.9599709725379943,
    "test_acc_std": 0.0012345313107152353,
    "val_acc_mean": 0.9599883961677551,
    "val_acc_std": 0.0023411560409222158,
    "train_time_mean": 0.308270959854126,
    "train_time_std": 0.022607065497918827
  },
  "rownorm_variant": {
    "test_acc_mean": 0.8283303928375244,
    "test_acc_std": 0.003228244404829375,
    "val_acc_mean": 0.8279153394699097,
    "val_acc_std": 0.004733823894561544,
    "train_time_mean": 0.7226069355010987,
    "train_time_std": 0.004867466860533731
  },
  "improvement": {
    "absolute_pp": -13.164057970046994,
    "relative_percent": -13.712975023863006
  }
}