{
  "dataset": "coauthor-physics",
  "split_type": "random",
  "component_type": "lcc",
  "num_components": 1,
  "k_diffusion": 10,
  "num_splits": 5,
  "num_seeds": 5,
  "total_runs": 25,
  "precompute_time": 24.632466793060303,
  "metadata": {
    "d_restricted_std": 7700,
    "ortho_error_std": 5.979500894426337e-09,
    "d_full": 7700,
    "ortho_error": 5.979500894426337e-09
  },
  "results": {
    "sgc_baseline": {
      "val_acc_mean": 0.943885178565979,
      "val_acc_std": 0.0015784596023714736,
      "test_acc_mean": 0.9446956133842468,
      "test_acc_std": 0.0020849413220775997,
      "train_time_mean": 0.5302208232879638,
      "train_time_std": 0.027888705690176693
    },
    "sgc_mlp_baseline": {
      "val_acc_mean": 0.9540910339355468,
      "val_acc_std": 0.0019191797307179996,
      "test_acc_mean": 0.9548173475265503,
      "test_acc_std": 0.00204518309938464,
      "train_time_mean": 1.644278154373169,
      "train_time_std": 0.013579074156003233
    },
    "restricted_standard_mlp": {
      "val_acc_mean": 0.8816816401481629,
      "val_acc_std": 0.00923014444292479,
      "test_acc_mean": 0.8754376411437989,
      "test_acc_std": 0.010466148455281248,
      "train_time_mean": 1.5395327472686768,
      "train_time_std": 0.012741827985795703
    },
    "full_rownorm_mlp": {
      "val_acc_mean": 0.9174079442024231,
      "val_acc_std": 0.004798379317094726,
      "test_acc_mean": 0.9157158994674682,
      "test_acc_std": 0.004063984953467177,
      "train_time_mean": 2.4093205642700197,
      "train_time_std": 0.021087142588938335
    },
    "jl_binary_nc": {
      "val_acc_mean": 0.5073876452445983,
      "val_acc_std": 0.00579130544965759,
      "test_acc_mean": 0.5082434487342834,
      "test_acc_std": 0.004683891185256128,
      "train_time_mean": 0.44968453407287595,
      "train_time_std": 0.0038365510073909356
    },
    "jl_binary_2nc": {
      "val_acc_mean": 0.5082110726833343,
      "val_acc_std": 0.0053911327681542,
      "test_acc_mean": 0.5073333096504211,
      "test_acc_std": 0.004071202627481357,
      "train_time_mean": 0.44996118545532227,
      "train_time_std": 0.004764565448928906
    },
    "jl_binary_4nc": {
      "val_acc_mean": 0.5306001710891723,
      "val_acc_std": 0.00621579021939568,
      "test_acc_mean": 0.5232695388793945,
      "test_acc_std": 0.006493801140862374,
      "train_time_mean": 0.4509094715118408,
      "train_time_std": 0.004412476704868756
    },
    "jl_ortho_nc": {
      "val_acc_mean": 0.5073586440086365,
      "val_acc_std": 0.005677957952178812,
      "test_acc_mean": 0.5082608413696289,
      "test_acc_std": 0.0047199305708393105,
      "train_time_mean": 0.4487598705291748,
      "train_time_std": 0.0032695659661576065
    },
    "jl_ortho_2nc": {
      "val_acc_mean": 0.5102580380439758,
      "val_acc_std": 0.0049083325121473224,
      "test_acc_mean": 0.5083072257041931,
      "test_acc_std": 0.0056867292159725495,
      "train_time_mean": 0.44885443687438964,
      "train_time_std": 0.0029810443782340326
    },
    "jl_ortho_4nc": {
      "val_acc_mean": 0.5221339535713195,
      "val_acc_std": 0.004070665892222277,
      "test_acc_mean": 0.5186376547813416,
      "test_acc_std": 0.0048635167367506405,
      "train_time_mean": 0.44996932029724124,
      "train_time_std": 0.0031588477466955923
    }
  },
  "improvements": {
    "restricted_standard_mlp": {
      "vs_sgc": -6.9257972240447945,
      "vs_sgc_mlp": -7.937970638275149
    },
    "full_rownorm_mlp": {
      "vs_sgc": -2.897971391677856,
      "vs_sgc_mlp": -3.910144805908211
    },
    "jl_binary_nc": {
      "vs_sgc": -43.64521646499634,
      "vs_sgc_mlp": -44.65738987922669
    },
    "jl_binary_2nc": {
      "vs_sgc": -43.73623037338257,
      "vs_sgc_mlp": -44.74840378761292
    },
    "jl_binary_4nc": {
      "vs_sgc": -42.14260745048522,
      "vs_sgc_mlp": -43.15478086471558
    },
    "jl_ortho_nc": {
      "vs_sgc": -43.64347720146179,
      "vs_sgc_mlp": -44.655650615692146
    },
    "jl_ortho_2nc": {
      "vs_sgc": -43.63883876800537,
      "vs_sgc_mlp": -44.651012182235725
    },
    "jl_ortho_4nc": {
      "vs_sgc": -42.60579586029052,
      "vs_sgc_mlp": -43.617969274520874
    }
  },
  "parameter_counts": {
    "sgc_baseline": 42075,
    "sgc_mlp_baseline": 2221056,
    "restricted_standard_mlp": 2038016,
    "full_rownorm_mlp": 2038016,
    "jl_binary_nc": 68096,
    "jl_ortho_nc": 68096,
    "jl_binary_2nc": 69376,
    "jl_ortho_2nc": 69376,
    "jl_binary_4nc": 71936,
    "jl_ortho_4nc": 71936
  }
}