{
  "metadata": {
    "dataset": "cora",
    "split_type": "random",
    "component_type": "lcc",
    "k_diffusion": 10,
    "num_nodes": 2485,
    "num_features": 1433,
    "num_classes": 7,
    "num_random_splits": 5,
    "num_seeds": 5,
    "epochs": 200,
    "whitening_eps": 1e-06,
    "wadia_regime": "n > d (structure retained)",
    "timestamp": "2026-01-01T21:37:56.907883"
  },
  "final_results": {
    "original_Linear": {
      "val_acc_mean": 0.8746880912780761,
      "val_acc_std": 0.006958867789319343,
      "test_acc_mean": 0.8655130338668823,
      "test_acc_std": 0.011030570606871449,
      "train_time_mean": 0.06639554977416992
    },
    "original_Linear+RowNorm": {
      "val_acc_mean": 0.8699395966529846,
      "val_acc_std": 0.008941942968884708,
      "test_acc_mean": 0.8660764145851135,
      "test_acc_std": 0.007742276668839164,
      "train_time_mean": 0.06380498886108399
    },
    "original_MLP": {
      "val_acc_mean": 0.8670422101020813,
      "val_acc_std": 0.00641141624091581,
      "test_acc_mean": 0.8546478509902954,
      "test_acc_std": 0.018178084656383195,
      "train_time_mean": 0.099231538772583
    },
    "original_MLP+RowNorm": {
      "val_acc_mean": 0.8772635459899902,
      "val_acc_std": 0.010416248799940951,
      "test_acc_mean": 0.8620522737503051,
      "test_acc_std": 0.014443035388714947,
      "train_time_mean": 0.1358112144470215
    },
    "full_zca_whiten_Linear": {
      "val_acc_mean": 0.7035814619064331,
      "val_acc_std": 0.027362522823791487,
      "test_acc_mean": 0.6942454624176025,
      "test_acc_std": 0.023000931444473786,
      "train_time_mean": 0.0568923282623291
    },
    "full_zca_whiten_Linear+RowNorm": {
      "val_acc_mean": 0.6804828643798828,
      "val_acc_std": 0.03254834292064858,
      "test_acc_mean": 0.6815291547775268,
      "test_acc_std": 0.02309256461679245,
      "train_time_mean": 0.062380590438842774
    },
    "full_zca_whiten_MLP": {
      "val_acc_mean": 0.802012038230896,
      "val_acc_std": 0.011621360375704362,
      "test_acc_mean": 0.7880884981155396,
      "test_acc_std": 0.017785809237197647,
      "train_time_mean": 0.09591568946838379
    },
    "full_zca_whiten_MLP+RowNorm": {
      "val_acc_mean": 0.7991951370239258,
      "val_acc_std": 0.012558946046296732,
      "test_acc_mean": 0.7961367869377136,
      "test_acc_std": 0.01773110230149664,
      "train_time_mean": 0.12890225410461426
    },
    "rayleigh_ritz_Linear": {
      "val_acc_mean": 0.2909456670284271,
      "val_acc_std": 0.018986112609558462,
      "test_acc_mean": 0.2928772521018982,
      "test_acc_std": 0.015843888260189922,
      "train_time_mean": 0.056067094802856446
    },
    "rayleigh_ritz_Linear+RowNorm": {
      "val_acc_mean": 0.44595572233200076,
      "val_acc_std": 0.01812098445993351,
      "test_acc_mean": 0.44490943908691405,
      "test_acc_std": 0.02339077814950707,
      "train_time_mean": 0.059922714233398434
    },
    "rayleigh_ritz_MLP": {
      "val_acc_mean": 0.5697384071350098,
      "val_acc_std": 0.024209700847941138,
      "test_acc_mean": 0.5658752310276032,
      "test_acc_std": 0.03012082009385918,
      "train_time_mean": 0.09501431465148925
    },
    "rayleigh_ritz_MLP+RowNorm": {
      "val_acc_mean": 0.6196378016471863,
      "val_acc_std": 0.01898167434908981,
      "test_acc_mean": 0.6123138642311097,
      "test_acc_std": 0.020053967612590633,
      "train_time_mean": 0.12870609283447265
    },
    "pca_whiten_Linear": {
      "val_acc_mean": 0.7122736096382141,
      "val_acc_std": 0.028619565126205004,
      "test_acc_mean": 0.7223339819908142,
      "test_acc_std": 0.023834357328429725,
      "train_time_mean": 0.05460500717163086
    },
    "pca_whiten_Linear+RowNorm": {
      "val_acc_mean": 0.6413681936264038,
      "val_acc_std": 0.02856450783298246,
      "test_acc_mean": 0.657786693572998,
      "test_acc_std": 0.006944891338598154,
      "train_time_mean": 0.06085016250610351
    },
    "pca_whiten_MLP": {
      "val_acc_mean": 0.8110261297225952,
      "val_acc_std": 0.009572398410526182,
      "test_acc_mean": 0.8006438279151916,
      "test_acc_std": 0.01285108997788908,
      "train_time_mean": 0.09619479179382324
    },
    "pca_whiten_MLP+RowNorm": {
      "val_acc_mean": 0.8140039992332458,
      "val_acc_std": 0.012273057620352027,
      "test_acc_mean": 0.8128772377967834,
      "test_acc_std": 0.013273589764020478,
      "train_time_mean": 0.1326231002807617
    },
    "zca_whiten_Linear": {
      "val_acc_mean": 0.7268410253524781,
      "val_acc_std": 0.027893335527734774,
      "test_acc_mean": 0.7231387972831727,
      "test_acc_std": 0.01452042859750838,
      "train_time_mean": 0.05698625564575195
    },
    "zca_whiten_Linear+RowNorm": {
      "val_acc_mean": 0.7271629452705384,
      "val_acc_std": 0.03313021693618469,
      "test_acc_mean": 0.7284506726264953,
      "test_acc_std": 0.014503467038532643,
      "train_time_mean": 0.06418000221252441
    },
    "zca_whiten_MLP": {
      "val_acc_mean": 0.8088530898094177,
      "val_acc_std": 0.009840666989835252,
      "test_acc_mean": 0.7977464509010315,
      "test_acc_std": 0.018132064436835415,
      "train_time_mean": 0.09273882865905762
    },
    "zca_whiten_MLP+RowNorm": {
      "val_acc_mean": 0.8024144554138184,
      "val_acc_std": 0.014818479316662497,
      "test_acc_mean": 0.7971025800704956,
      "test_acc_std": 0.01778545535246694,
      "train_time_mean": 0.12819836616516114
    }
  },
  "whitening_analysis": {
    "full_zca_whiten": {
      "name": "full_zca_whiten",
      "dim_original": 1433,
      "dim_whitened": 1433,
      "dist_from_I_original": 744.6473280260345,
      "dist_from_I_whitened": 37.893664720677734,
      "condition_original": 7152081567744.0,
      "condition_whitened": 2466686464.0,
      "entropy_original": 2.8108701705932617,
      "entropy_whitened": 6.616617679595947,
      "max_entropy_original": 7.145196134997171,
      "max_entropy_whitened": 7.2485040723706105,
      "uniformity_original": 0.3933930038429064,
      "uniformity_whitened": 0.9128252689843622,
      "whitening_indicators": 3
    },
    "rayleigh_ritz": {
      "name": "rayleigh_ritz",
      "dim_original": 1433,
      "dim_whitened": 1426,
      "dist_from_I_original": 744.6473280260345,
      "dist_from_I_whitened": 14.506795459176994,
      "condition_original": 7152081567744.0,
      "condition_whitened": 25.040369033813477,
      "entropy_original": 2.8108701705932617,
      "entropy_whitened": 7.188625335693359,
      "max_entropy_original": 7.145196134997171,
      "max_entropy_whitened": 7.262628600974241,
      "uniformity_original": 0.3933930038429064,
      "uniformity_whitened": 0.9898104020807349,
      "whitening_indicators": 3
    }
  },
  "gram_matrix_analysis": {
    "original": {
      "name": "original",
      "n_samples": 2485,
      "n_features": 1433,
      "wadia_regime": "n > d (structure retained)",
      "F_shape": "1433x1433",
      "F_n_nonzero_eig": 1146,
      "F_eig_mean": 0.0009354886715300381,
      "F_eig_std": 0.005763697437942028,
      "F_dist_from_1_mean": 0.999064564704895,
      "K_shape": "2485x2485",
      "K_n_nonzero_eig": 1146,
      "K_eig_min": 1.0224748131504313e-10,
      "K_eig_max": 0.1062273159623146,
      "K_eig_mean": 0.0009354886715300381,
      "K_eig_std": 0.005763697437942028,
      "K_dist_from_1_mean": 0.999064564704895,
      "K_dist_from_1_max": 1.0,
      "K_condition_number": 1038923520.0,
      "K_is_approximately_identity": false,
      "K_eig_first_10": [
        0.1062273159623146,
        0.08729303628206253,
        0.07567635923624039,
        0.06694669276475906,
        0.050719182938337326,
        0.03303177282214165,
        0.02980262041091919,
        0.027943221852183342,
        0.024615734815597534,
        0.02289685420691967
      ],