{
  "dataset": "coauthor-physics",
  "k": 30,
  "split_type": "random",
  "component_type": "lcc",
  "num_seeds": 15,
  "num_splits": 5,
  "total_runs_per_method": 75,
  "metadata": {
    "d_effective": 7607,
    "ortho_error": 5.859184581957777e-09,
    "num_components": 0,
    "num_nodes": 34493,
    "num_features": 8415,
    "num_classes": 5
  },
  "experiments": {
    "sgc_mlp_baseline": {
      "test_acc_mean": 0.9486279773712158,
      "test_acc_std": 0.00284218911306812,
      "val_acc_mean": 0.9496298392613729,
      "val_acc_std": 0.002830763171705849,
      "per_run_test_acc": [
        0.9471014142036438,
        0.9459419846534729,
        0.9457970857620239,
        0.942608654499054,
        0.9449275135993958,
        0.9463767409324646,
        0.9420289397239685,
        0.9491304159164429,
        0.9439129829406738,
        0.9450724124908447,
        0.9465216994285583,
        0.9456521272659302,
        0.9428985118865967,
        0.9468115568161011,
        0.9443477988243103,
        0.9543477892875671,
        0.9517390727996826,
        0.9514492154121399,
        0.948115885257721,
        0.9530434608459473,
        0.9492753148078918,
        0.9536231160163879,
        0.9520289301872253,
        0.9539129734039307,
        0.9505796432495117,
        0.9494202733039856,
        0.9518840312957764,
        0.9517390727996826,
        0.95333331823349,
        0.9517390727996826,
        0.9439129829406738,
        0.9476811289787292,
        0.9478260278701782,
        0.947970986366272,
        0.9449275135993958,
        0.9494202733039856,
        0.9476811289787292,
        0.9462318420410156,
        0.9449275135993958,
        0.9491304159164429,
        0.9485507011413574,
        0.9456521272659302,
        0.9460868835449219,
        0.9476811289787292,
        0.9463767409324646,
        0.947970986366272,
        0.9482608437538147,
        0.9505796432495117,
        0.9478260278701782,
        0.9478260278701782,
        0.9505796432495117,
        0.9485507011413574,
        0.9505796432495117,
        0.9504347443580627,
        0.9475361704826355,
        0.9465216994285583,
        0.9484057426452637,
        0.9485507011413574,
        0.9488405585289001,
        0.9484057426452637,
        0.95333331823349,
        0.9504347443580627,
        0.9513043165206909,
        0.9504347443580627,
        0.9472463130950928,
        0.9523187875747681,
        0.9510144591331482,
        0.9518840312957764,
        0.9528985023498535,
        0.9482608437538147,
        0.9485507011413574,
        0.9489854574203491,
        0.9497101306915283,
        0.9498550295829773,
        0.9505796432495117
      ],
      "n_runs": 75,
      "train_acc_mean": 0.9633740671475728,
      "train_acc_std": 0.004183292974779123,
      "num_params": 2221573,
      "param_to_train_ratio": 107.34829669002174
    },
    "restricted_standard_mlp": {
      "test_acc_mean": 0.8752675906817118,
      "test_acc_std": 0.01215163406738573,
      "val_acc_mean": 0.8791978279749553,
      "val_acc_std": 0.010738081796389048,
      "per_run_test_acc": [
        0.8657970428466797,
        0.8737680912017822,
        0.8759419918060303,
        0.8610144257545471,
        0.8814492225646973,
        0.8794202208518982,
        0.8952173590660095,
        0.8820289373397827,
        0.8768115639686584,
        0.8862318396568298,
        0.8782608509063721,
        0.8657970428466797,
        0.8999999761581421,
        0.88173907995224,
        0.8795651793479919,
        0.8905796408653259,
        0.8823187947273254,
        0.8785507082939148,
        0.8628985285758972,
        0.8795651793479919,
        0.8772463202476501,
        0.8937680721282959,
        0.870869517326355,
        0.8724637031555176,
        0.8643478155136108,
        0.8720289468765259,
        0.8765217065811157,
        0.8923187851905823,
        0.8986955881118774,
        0.8760868906974792,
        0.8685506582260132,
        0.8699999451637268,
        0.8695651888847351,
        0.8526086807250977,
        0.8788405656814575,
        0.8710144758224487,
        0.8794202208518982,
        0.8588405251502991,
        0.8853622674942017,
        0.8575361967086792,
        0.8731883764266968,
        0.8573912382125854,
        0.8901448845863342,
        0.8847825527191162,
        0.8584057688713074,
        0.8682608008384705,
        0.8918840289115906,
        0.8557970523834229,
        0.856666624546051,
        0.8679710030555725,
        0.8485506772994995,
        0.876231849193573,
        0.8640579581260681,
        0.8656521439552307,
        0.8747825622558594,
        0.8610144257545471,
        0.8672463297843933,
        0.8746376633644104,
        0.8820289373397827,
        0.870869517326355,
        0.851159393787384,
        0.8923187851905823,
        0.8821738958358765,
        0.88492751121521,
        0.8624637126922607,
        0.8715941905975342,
        0.8882608413696289,
        0.8844926953315735,
        0.8914492130279541,
        0.870724618434906,
        0.8602898120880127,
        0.8781158924102783,
        0.8895651698112488,
        0.9018840193748474,
        0.8830434083938599
      ],
      "n_runs": 75,
      "train_acc_mean": 0.9974589490890503,
      "train_acc_std": 0.0010572769588753552,
      "num_params": 2014725,
      "param_to_train_ratio": 97.35322541676733
    },
    "restricted_rownorm_mlp": {
      "test_acc_mean": 0.9253313604990642,
      "test_acc_std": 0.0035888481575908947,
      "val_acc_mean": 0.9265197547276814,
      "val_acc_std": 0.0030989919422891436,
      "per_run_test_acc": [
        0.928550660610199,
        0.9320289492607117,
        0.930579662322998,
        0.9320289492607117,
        0.9256521463394165,
        0.9302898049354553,
        0.9218840003013611,
        0.9292753338813782,
        0.9249274730682373,
        0.9226086735725403,
        0.9273912906646729,
        0.9231883883476257,
        0.9281159043312073,
        0.9282608032226562,
        0.9240579009056091,
        0.925072431564331,
        0.9207245707511902,
        0.9163767695426941,
        0.9304347634315491,
        0.9273912906646729,
        0.9301449060440063,
        0.9199999570846558,
        0.9246376156806946,
        0.9191303849220276,
        0.9215941429138184,
        0.9278260469436646,
        0.9218840003013611,
        0.9320289492607117,
        0.9257970452308655,
        0.9244927167892456,
        0.9237681031227112,
        0.9220289587974548,
        0.9249274730682373,
        0.9237681031227112,
        0.9207245707511902,
        0.9272463321685791,
        0.9215941429138184,
        0.9295651912689209,
        0.9208695292472839,
        0.9231883883476257,
        0.9263767600059509,
        0.9198550581932068,
        0.9289854764938354,
        0.926231861114502,
        0.9272463321685791,
        0.9255071878433228,
        0.9227535724639893,
        0.9239130020141602,
        0.9272463321685791,
        0.9244927167892456,
        0.9281159043312073,
        0.9199999570846558,
        0.9244927167892456,
        0.9256521463394165,
        0.923043429851532,
        0.9242028594017029,
        0.9194202423095703,
        0.9301449060440063,
        0.9247825741767883,
        0.923043429851532,
        0.9268115758895874,
        0.9260869026184082,
        0.9272463321685791,
        0.9310144782066345,
        0.9275361895561218,
        0.9297100901603699,
        0.9189854860305786,
        0.9289854764938354,
        0.9242028594017029,
        0.925072431564331,
        0.9218840003013611,
        0.9202898144721985,
        0.930579662322998,
        0.9249274730682373,
        0.9269564747810364
      ],
      "n_runs": 75,
      "train_acc_mean": 0.9917873684565226,
      "train_acc_std": 0.0011626068798340312,
      "num_params": 2014208,
      "param_to_train_ratio": 97.32824353708625
    }
  },