{
  "dataset": "coauthor-physics",
  "k": 30,
  "split_type": "random",
  "component_type": "lcc",
  "num_seeds": 15,
  "num_splits": 5,
  "total_runs_per_method": 75,
  "metadata": {
    "d_effective": 4968,
    "ortho_error": 4.851697932295451e-10,
    "num_components": 0,
    "num_nodes": 34493,
    "num_features": 8415,
    "num_classes": 5
  },
  "experiments": {
    "sgc_mlp_baseline": {
      "test_acc_mean": 0.9450472998619079,
      "test_acc_std": 0.003087410255114239,
      "val_acc_mean": 0.9456557416915894,
      "val_acc_std": 0.0028371947145542343,
      "per_run_test_acc": [
        0.9410144686698914,
        0.9405796527862549,
        0.9415941834449768,
        0.9428985118865967,
        0.9408695101737976,
        0.9428985118865967,
        0.9420289397239685,
        0.9414492249488831,
        0.9424636960029602,
        0.9381158947944641,
        0.9417390823364258,
        0.9397100806236267,
        0.9418840408325195,
        0.9382608532905579,
        0.9408695101737976,
        0.9510144591331482,
        0.9488405585289001,
        0.950289785861969,
        0.9484057426452637,
        0.9476811289787292,
        0.9395651817321777,
        0.9463767409324646,
        0.9492753148078918,
        0.9484057426452637,
        0.9489854574203491,
        0.9504347443580627,
        0.9471014142036438,
        0.9494202733039856,
        0.947970986366272,
        0.94695645570755,
        0.9395651817321777,
        0.9436231255531311,
        0.9436231255531311,
        0.9421738982200623,
        0.9442028403282166,
        0.9388405084609985,
        0.9427535533905029,
        0.9459419846534729,
        0.9462318420410156,
        0.9415941834449768,
        0.9457970857620239,
        0.9430434107780457,
        0.942608654499054,
        0.9456521272659302,
        0.9455072283744812,
        0.9465216994285583,
        0.9463767409324646,
        0.9431883692741394,
        0.9471014142036438,
        0.9452173709869385,
        0.9463767409324646,
        0.9473912715911865,
        0.9452173709869385,
        0.9459419846534729,
        0.9460868835449219,
        0.9457970857620239,
        0.9460868835449219,
        0.9449275135993958,
        0.9444926977157593,
        0.9457970857620239,
        0.9468115568161011,
        0.9478260278701782,
        0.9453622698783875,
        0.9471014142036438,
        0.9471014142036438,
        0.9452173709869385,
        0.944782555103302,
        0.94695645570755,
        0.948115885257721,
        0.9485507011413574,
        0.9456521272659302,
        0.9455072283744812,
        0.948115885257721,
        0.9492753148078918,
        0.9473912715911865
      ],
      "n_runs": 75,
      "train_acc_mean": 0.9525914303461711,
      "train_acc_std": 0.0030670086695519074,
      "num_params": 2221573,
      "param_to_train_ratio": 107.34829669002174
    },
    "restricted_standard_mlp": {
      "test_acc_mean": 0.9101777378718058,
      "test_acc_std": 0.007973089507618705,
      "val_acc_mean": 0.9137701710065206,
      "val_acc_std": 0.0063535569700839435,
      "per_run_test_acc": [
        0.9127535820007324,
        0.9075362086296082,
        0.9002898335456848,
        0.923043429851532,
        0.9236231446266174,
        0.9199999570846558,
        0.9265217185020447,
        0.9191303849220276,
        0.9265217185020447,
        0.9192753434181213,
        0.9205796718597412,
        0.9047825932502747,
        0.9049274921417236,
        0.9233332872390747,
        0.9098550081253052,
        0.9123188257217407,
        0.9126086831092834,
        0.8982608318328857,
        0.9144927263259888,
        0.9104347229003906,
        0.9115941524505615,
        0.9124637246131897,
        0.9095651507377625,
        0.9191303849220276,
        0.9057970643043518,
        0.9147825837135315,
        0.9202898144721985,
        0.9113042950630188,
        0.914202868938446,
        0.912173867225647,
        0.898115873336792,
        0.9146376252174377,
        0.9160869121551514,
        0.9062318205833435,
        0.9149274826049805,
        0.9155071973800659,
        0.8930434584617615,
        0.917536199092865,
        0.8942028284072876,
        0.9044927358627319,
        0.9107245802879333,
        0.9053622484207153,
        0.9191303849220276,
        0.9118840098381042,
        0.9049274921417236,
        0.9157970547676086,
        0.9169564843177795,
        0.9021738767623901,
        0.9056521058082581,
        0.9039130210876465,
        0.9134781956672668,
        0.9166666269302368,
        0.9178260564804077,
        0.8972463607788086,
        0.9079709649085999,
        0.9001448750495911,
        0.8963767886161804,
        0.895797073841095,
        0.9046376347541809,
        0.9001448750495911,
        0.9136231541633606,
        0.9062318205833435,
        0.9014492630958557,
        0.9153622984886169,
        0.9004347324371338,
        0.9027535915374756,
        0.9089854955673218,
        0.9131883382797241,
        0.9053622484207153,
        0.9039130210876465,
        0.9178260564804077,
        0.9181159138679504,
        0.9005796909332275,
        0.9078260660171509,
        0.9044927358627319
      ],
      "n_runs": 75,
      "train_acc_mean": 0.9990799562136332,
      "train_acc_std": 0.0008527648088746688,
      "num_params": 1339141,
      "param_to_train_ratio": 64.70843198840299
    },
    "restricted_rownorm_mlp": {
      "test_acc_mean": 0.9121854662895202,
      "test_acc_std": 0.004329669552703604,
      "val_acc_mean": 0.9157533542315165,
      "val_acc_std": 0.003252432320793975,
      "per_run_test_acc": [
        0.9153622984886169,
        0.9198550581932068,
        0.9137680530548096,
        0.9149274826049805,
        0.9147825837135315,
        0.9147825837135315,
        0.9027535915374756,
        0.9157970547676086,
        0.9207245707511902,
        0.9171013832092285,
        0.9147825837135315,
        0.9149274826049805,
        0.9194202423095703,
        0.9202898144721985,
        0.9185506701469421,
        0.9047825932502747,
        0.9123188257217407,
        0.9085506796836853,
        0.9101448655128479,
        0.912173867225647,
        0.9168115258216858,
        0.912028968334198,
        0.9198550581932068,
        0.9133332967758179,
        0.9131883382797241,
        0.9128984808921814,
        0.9178260564804077,
        0.917681097984314,
        0.9144927263259888,
        0.9179709553718567,
        0.908840537071228,
        0.912028968334198,
        0.9101448655128479,
        0.9110144376754761,
        0.9075362086296082,
        0.9060869216918945,
        0.9089854955673218,
        0.912028968334198,
        0.9097101092338562,
        0.9107245802879333,
        0.9097101092338562,
        0.9126086831092834,
        0.9124637246131897,
        0.9127535820007324,
        0.9131883382797241,
        0.908840537071228,
        0.9127535820007324,
        0.9076811075210571,
        0.9039130210876465,
        0.9085506796836853,
        0.906811535358429,
        0.9024637341499329,
        0.9094202518463135,
        0.9094202518463135,
        0.9037680625915527,
        0.9085506796836853,
        0.9089854955673218,
        0.9099999666213989,
        0.9134781956672668,
        0.9097101092338562,
        0.9069564938545227,
        0.9178260564804077,
        0.9137680530548096,
        0.9131883382797241,
        0.9123188257217407,
        0.9089854955673218,
        0.9107245802879333,
        0.9149274826049805,
        0.9123188257217407,
        0.9168115258216858,
        0.9076811075210571,
        0.9146376252174377,
        0.9055072069168091,
        0.9162318706512451,
        0.9179709553718567
      ],
      "n_runs": 75,
      "train_acc_mean": 0.9926384663581849,
      "train_acc_std": 0.0010666687758715539,
      "num_params": 1338624,
      "param_to_train_ratio": 64.68345010872191
    }
  },