{
  "metadata": {
    "dataset": "coauthor-cs",
    "split_type": "random",
    "component_type": "lcc",
    "k_diffusion": 10,
    "num_nodes": 18333,
    "num_features": 6805,
    "num_classes": 15,
    "num_random_splits": 5,
    "num_seeds": 5,
    "epochs": 200,
    "whitening_eps": 1e-06,
    "wadia_regime": "n > d (structure retained)",
    "timestamp": "2026-01-01T22:28:13.228739"
  },
  "final_results": {
    "original_Linear": {
      "val_acc_mean": 0.9006765031814575,
      "val_acc_std": 0.0016171106502623279,
      "test_acc_mean": 0.8980043315887452,
      "test_acc_std": 0.0015195277157700688,
      "train_time_mean": 0.2510563850402832
    },
    "original_Linear+RowNorm": {
      "val_acc_mean": 0.878319706916809,
      "val_acc_std": 0.0029960058200484275,
      "test_acc_mean": 0.8788876390457153,
      "test_acc_std": 0.0030468794672574655,
      "train_time_mean": 0.5605440044403076
    },
    "original_MLP": {
      "val_acc_mean": 0.9142607879638672,
      "val_acc_std": 0.002771838689004795,
      "test_acc_mean": 0.9089748764038086,
      "test_acc_std": 0.004990996422911774,
      "train_time_mean": 0.7667956829071045
    },
    "original_MLP+RowNorm": {
      "val_acc_mean": 0.9128750848770142,
      "val_acc_std": 0.0025237362740117134,
      "test_acc_mean": 0.910490689277649,
      "test_acc_std": 0.004062596269627706,
      "train_time_mean": 1.1484052562713623
    },
    "full_zca_whiten_Linear": {
      "val_acc_mean": 0.8573813605308532,
      "val_acc_std": 0.005870564454126412,
      "test_acc_mean": 0.8579825186729431,
      "test_acc_std": 0.002632993834341969,
      "train_time_mean": 0.2458910369873047
    },
    "full_zca_whiten_Linear+RowNorm": {
      "val_acc_mean": 0.8512711548805236,
      "val_acc_std": 0.0041413809086311894,
      "test_acc_mean": 0.8489094471931458,
      "test_acc_std": 0.0050523782970663825,
      "train_time_mean": 0.5594186019897461
    },
    "full_zca_whiten_MLP": {
      "val_acc_mean": 0.8905837631225586,
      "val_acc_std": 0.004451747680136319,
      "test_acc_mean": 0.8855724811553956,
      "test_acc_std": 0.003869026093187653,
      "train_time_mean": 0.7691830730438233
    },
    "full_zca_whiten_MLP+RowNorm": {
      "val_acc_mean": 0.8830005645751953,
      "val_acc_std": 0.005818747856377639,
      "test_acc_mean": 0.8775244975090026,
      "test_acc_std": 0.0066905762695006945,
      "train_time_mean": 1.1605017471313477
    },
    "rayleigh_ritz_Linear": {
      "val_acc_mean": 0.27611566364765167,
      "val_acc_std": 0.027122447238586846,
      "test_acc_mean": 0.2670010817050934,
      "test_acc_std": 0.028343770438555158,
      "train_time_mean": 0.2454291534423828
    },
    "rayleigh_ritz_Linear+RowNorm": {
      "val_acc_mean": 0.6951554989814759,
      "val_acc_std": 0.004545530221106344,
      "test_acc_mean": 0.6809596276283264,
      "test_acc_std": 0.005305699308529267,
      "train_time_mean": 0.5591076183319091
    },
    "rayleigh_ritz_MLP": {
      "val_acc_mean": 0.6483469867706299,
      "val_acc_std": 0.02704710582231884,
      "test_acc_mean": 0.6327589631080628,
      "test_acc_std": 0.02425237919701177,
      "train_time_mean": 0.7717938137054443
    },
    "rayleigh_ritz_MLP+RowNorm": {
      "val_acc_mean": 0.7081724119186401,
      "val_acc_std": 0.013358978860522841,
      "test_acc_mean": 0.6955070638656616,
      "test_acc_std": 0.016923387664566695,
      "train_time_mean": 1.1547722148895263
    },
    "pca_whiten_Linear": {
      "val_acc_mean": 0.8508456254005432,
      "val_acc_std": 0.006343927013693565,
      "test_acc_mean": 0.8488658213615418,
      "test_acc_std": 0.004540964274420675,
      "train_time_mean": 0.24594571113586425
    },
    "pca_whiten_Linear+RowNorm": {
      "val_acc_mean": 0.7342716956138611,
      "val_acc_std": 0.010849165545578894,
      "test_acc_mean": 0.7265103197097779,
      "test_acc_std": 0.006576473239443762,
      "train_time_mean": 0.5594921016693115
    },
    "pca_whiten_MLP": {
      "val_acc_mean": 0.8894708323478698,
      "val_acc_std": 0.0030178524106546337,
      "test_acc_mean": 0.8862595033645629,
      "test_acc_std": 0.004444422771480945,
      "train_time_mean": 0.7677054500579834
    },
    "pca_whiten_MLP+RowNorm": {
      "val_acc_mean": 0.8898854494094849,
      "val_acc_std": 0.0062382894522289905,
      "test_acc_mean": 0.8842856764793396,
      "test_acc_std": 0.0076067026863606635,
      "train_time_mean": 1.164057607650757
    },
    "zca_whiten_Linear": {
      "val_acc_mean": 0.8629350876808166,
      "val_acc_std": 0.004991217045491502,
      "test_acc_mean": 0.8625735712051391,
      "test_acc_std": 0.001278564199404394,
      "train_time_mean": 0.2459687614440918
    },
    "zca_whiten_Linear+RowNorm": {
      "val_acc_mean": 0.8618658161163331,
      "val_acc_std": 0.007183513758477511,
      "test_acc_mean": 0.8589857935905456,
      "test_acc_std": 0.005479370541971082,
      "train_time_mean": 0.5594754219055176
    },
    "zca_whiten_MLP": {
      "val_acc_mean": 0.8885979390144348,
      "val_acc_std": 0.005875286874407165,
      "test_acc_mean": 0.8848309373855591,
      "test_acc_std": 0.004918242495111159,
      "train_time_mean": 0.773308334350586
    },
    "zca_whiten_MLP+RowNorm": {
      "val_acc_mean": 0.8918712592124939,
      "val_acc_std": 0.004980995548815251,
      "test_acc_mean": 0.8873500180244446,
      "test_acc_std": 0.005193397316634301,
      "train_time_mean": 1.1639157390594483
    }
  },
  "whitening_analysis": {
    "full_zca_whiten": {
      "name": "full_zca_whiten",
      "dim_original": 6805,
      "dim_whitened": 6805,
      "dist_from_I_original": 4329.80524530131,
      "dist_from_I_whitened": 106.1067314913166,
      "condition_original": 87604691206144.0,
      "condition_whitened": 36517433344.0,
      "entropy_original": 1.8969415426254272,
      "entropy_whitened": 7.9199090003967285,
      "max_entropy_original": 8.679992081721329,
      "max_entropy_whitened": 8.82217476094608,
      "uniformity_original": 0.21854185173971322,
      "uniformity_whitened": 0.8977275122066848,
      "whitening_indicators": 3
    },
    "rayleigh_ritz": {
      "name": "rayleigh_ritz",
      "dim_original": 6805,
      "dim_whitened": 6802,
      "dist_from_I_original": 4329.80524530131,
      "dist_from_I_whitened": 45.87463291339541,
      "condition_original": 87604691206144.0,
      "condition_whitened": 17.525129318237305,
      "entropy_original": 1.8969415426254272,
      "entropy_whitened": 8.677206039428711,
      "max_entropy_original": 8.679992081721329,
      "max_entropy_whitened": 8.82497196556714,
      "uniformity_original": 0.21854185173971322,
      "uniformity_whitened": 0.9832559325157093,
      "whitening_indicators": 3
    }
  },
  "gram_matrix_analysis": {
    "original": {
      "name": "original",
      "n_samples": 18333,
      "n_features": 6805,
      "wadia_regime": "n > d (structure retained)",
      "F_shape": "6805x6805",
      "F_n_nonzero_eig": 5119,
      "F_eig_mean": 0.0006036380655132234,
      "F_eig_std": 0.017228195443749428,
      "F_dist_from_1_mean": 0.9993963837623596,
      "K_shape": "18333x18333",
      "K_n_nonzero_eig": 5119,
      "K_eig_min": 1.0002796507757594e-10,
      "K_eig_max": 0.9279102683067322,
      "K_eig_mean": 0.0006036380655132234,
      "K_eig_std": 0.017228195443749428,
      "K_dist_from_1_mean": 0.9993963837623596,
      "K_dist_from_1_max": 1.0,
      "K_condition_number": 9276508160.0,
      "K_is_approximately_identity": false,
      "K_eig_first_10": [
        0.9279102683067322,
        0.7123139500617981,
        0.322723925113678,
        0.13265730440616608,
        0.10738380253314972,
        0.09205790609121323,
        0.06274699419736862,
        0.04729139804840088,
        0.03392263501882553,
        0.027425827458500862
      ],