{
  "dataset": "coauthor-cs",
  "baseline": {
    "a_raw_std": {
      "mean": 0.9394159250789218,
      "std": 0.0023724648657251924
    },
    "b_restricted_std": {
      "mean": 0.699200259314643,
      "std": 0.002000651119057454
    },
    "c_restricted_rownorm": {
      "mean": 0.8422088556819493,
      "std": 0.0015248518645945039
    }
  },
  "standard_diffusion": {
    "2": {
      "a_raw_std": {
        "mean": 0.9252089858055115,
        "std": 0.004313182435006258
      },
      "b_restricted_std": {
        "mean": 0.6006906363699173,
        "std": 0.01753569576604424
      },
      "c_restricted_rownorm": {
        "mean": 0.8167938590049744,
        "std": 0.004204588667026181
      }
    },
    "4": {
      "a_raw_std": {
        "mean": 0.9108505580160354,
        "std": 0.0026660422154784103
      },
      "b_restricted_std": {
        "mean": 0.6274687714046903,
        "std": 0.008085533870315603
      },
      "c_restricted_rownorm": {
        "mean": 0.792378498448266,
        "std": 0.003969752949464012
      }
    },
    "8": {
      "a_raw_std": {
        "mean": 0.9041257368193732,
        "std": 0.005970682132193985
      },
      "b_restricted_std": {
        "mean": 0.647431214650472,
        "std": 0.005824736419991765
      },
      "c_restricted_rownorm": {
        "mean": 0.7984066075748868,
        "std": 0.001135848843065864
      }
    },
    "16": {
      "a_raw_std": {
        "mean": 0.8937658535109626,
        "std": 0.0064605166352028265
      },
      "b_restricted_std": {
        "mean": 0.6569731964005365,
        "std": 0.0033777922297931647
      },
      "c_restricted_rownorm": {
        "mean": 0.7982551521725125,
        "std": 0.004809293100125857
      }
    }
  },
  "cmg_diffusion": {
    "2": {
      "a_raw_std": {
        "mean": 0.8371500902705722,
        "std": 0.004760374152611158
      },
      "b_restricted_std": {
        "mean": 0.476220750146442,
        "std": 0.008684037999923545
      },
      "c_restricted_rownorm": {
        "mean": 0.7109535535176595,
        "std": 0.005678278668603475
      }
    },
    "4": {
      "a_raw_std": {
        "mean": 0.8806494209501478,
        "std": 0.004825476823308076
      },
      "b_restricted_std": {
        "mean": 0.6025384465853373,
        "std": 0.01152665416698297
      },
      "c_restricted_rownorm": {
        "mean": 0.7792014678319296,
        "std": 0.002679774894475916
      }
    },
    "8": {
      "a_raw_std": {
        "mean": 0.8892523646354675,
        "std": 0.005628601039623315
      },
      "b_restricted_std": {
        "mean": 0.6388282842106289,
        "std": 0.0019353711100239996
      },
      "c_restricted_rownorm": {
        "mean": 0.8039197524388632,
        "std": 0.007782279891593538
      }
    },
    "16": {
      "a_raw_std": {
        "mean": 0.8807403047879537,
        "std": 0.004997543003213693
      },
      "b_restricted_std": {
        "mean": 0.6621228456497192,
        "std": 0.008191294757841795
      },
      "c_restricted_rownorm": {
        "mean": 0.8040409154362148,
        "std": 0.007138763007648188
      }
    }
  }
}