{
  "metadata": {
    "dataset": "cora",
    "split_type": "fixed",
    "component_type": "lcc",
    "k_diffusion": 10,
    "num_nodes": 2485,
    "num_features": 1433,
    "num_classes": 7,
    "num_random_splits": 1,
    "num_seeds": 5,
    "epochs": 200,
    "whitening_eps": 1e-06,
    "wadia_regime": "n > d (structure retained)",
    "timestamp": "2026-01-01T19:16:56.849727"
  },
  "final_results": {
    "original_Linear": {
      "val_acc_mean": 0.8156862378120422,
      "val_acc_std": 0.0029552657766260654,
      "test_acc_mean": 0.8142076730728149,
      "test_acc_std": 0.0009775291069850003,
      "train_time_mean": 0.14915146827697753
    },
    "original_Linear+RowNorm": {
      "val_acc_mean": 0.813943338394165,
      "val_acc_std": 0.0010673254618431417,
      "test_acc_mean": 0.7943169832229614,
      "test_acc_std": 0.0018802926079748536,
      "train_time_mean": 0.15282487869262695
    },
    "original_MLP": {
      "val_acc_mean": 0.7599128365516663,
      "val_acc_std": 0.010348016944042332,
      "test_acc_mean": 0.7551912784576416,
      "test_acc_std": 0.0071499069651199815,
      "train_time_mean": 0.18378238677978515
    },
    "original_MLP+RowNorm": {
      "val_acc_mean": 0.8108932256698609,
      "val_acc_std": 0.0034858226776123048,
      "test_acc_mean": 0.796721339225769,
      "test_acc_std": 0.010482681429303385,
      "train_time_mean": 0.2144318103790283
    },
    "pca_whiten_Linear": {
      "val_acc_mean": 0.5590413689613343,
      "val_acc_std": 0.007368867909255824,
      "test_acc_mean": 0.556065583229065,
      "test_acc_std": 0.002433998942880886,
      "train_time_mean": 0.12428665161132812
    },
    "pca_whiten_Linear+RowNorm": {
      "val_acc_mean": 0.5320261359214783,
      "val_acc_std": 0.0016303665733499659,
      "test_acc_mean": 0.5200000286102295,
      "test_acc_std": 0.0008178595285879015,
      "train_time_mean": 0.14982385635375978
    },
    "pca_whiten_MLP": {
      "val_acc_mean": 0.5947712302207947,
      "val_acc_std": 0.017043659307668702,
      "test_acc_mean": 0.5805464744567871,
      "test_acc_std": 0.017950139139782387,
      "train_time_mean": 0.18119711875915528
    },
    "pca_whiten_MLP+RowNorm": {
      "val_acc_mean": 0.6657951951026917,
      "val_acc_std": 0.0278526544017186,
      "test_acc_mean": 0.6631694316864014,
      "test_acc_std": 0.026585920607349517,
      "train_time_mean": 0.19763360023498536
    },
    "zca_whiten_Linear": {
      "val_acc_mean": 0.2100217819213867,
      "val_acc_std": 0.011740472238652173,
      "test_acc_mean": 0.20765027701854705,
      "test_acc_std": 0.003012909221173289,
      "train_time_mean": 0.11636676788330078
    },
    "zca_whiten_Linear+RowNorm": {
      "val_acc_mean": 0.24313724935054778,
      "val_acc_std": 0.0010673108617465417,
      "test_acc_mean": 0.23628416061401367,
      "test_acc_std": 0.00174863338470459,
      "train_time_mean": 0.1437511920928955
    },
    "zca_whiten_MLP": {
      "val_acc_mean": 0.6518518328666687,
      "val_acc_std": 0.00968458017328177,
      "test_acc_mean": 0.6504918217658997,
      "test_acc_std": 0.013813798234902457,
      "train_time_mean": 0.178886079788208
    },
    "zca_whiten_MLP+RowNorm": {
      "val_acc_mean": 0.4596949815750122,
      "val_acc_std": 0.025444535267615923,
      "test_acc_mean": 0.45311477184295657,
      "test_acc_std": 0.031315625472065595,
      "train_time_mean": 0.19847168922424316
    },
    "full_zca_whiten_Linear": {
      "val_acc_mean": 0.3411764621734619,
      "val_acc_std": 0.006550455812175249,
      "test_acc_mean": 0.3613114833831787,
      "test_acc_std": 0.0029810233518458005,
      "train_time_mean": 0.11595220565795898
    },
    "full_zca_whiten_Linear+RowNorm": {
      "val_acc_mean": 0.3625272274017334,
      "val_acc_std": 0.0010673108617465417,
      "test_acc_mean": 0.37770493030548097,
      "test_acc_std": 0.0031372096239245958,
      "train_time_mean": 0.14650635719299315
    },
    "full_zca_whiten_MLP": {
      "val_acc_mean": 0.5159041285514832,
      "val_acc_std": 0.006944395618647223,
      "test_acc_mean": 0.516284167766571,
      "test_acc_std": 0.012063513367526358,
      "train_time_mean": 0.18123607635498046
    },
    "full_zca_whiten_MLP+RowNorm": {
      "val_acc_mean": 0.49368191361427305,
      "val_acc_std": 0.021149738994742137,
      "test_acc_mean": 0.5239344477653504,
      "test_acc_std": 0.031193342774985415,
      "train_time_mean": 0.1969001293182373
    },
    "rayleigh_ritz_Linear": {
      "val_acc_mean": 0.19302831888198851,
      "val_acc_std": 0.0010673181617948417,
      "test_acc_mean": 0.19890710711479187,
      "test_acc_std": 0.002932547336943753,
      "train_time_mean": 0.12128233909606934
    },
    "rayleigh_ritz_Linear+RowNorm": {
      "val_acc_mean": 0.257080602645874,
      "val_acc_std": 0.0023865905222784875,
      "test_acc_mean": 0.28590165376663207,
      "test_acc_std": 0.0022504056911927567,
      "train_time_mean": 0.13908171653747559
    },
    "rayleigh_ritz_MLP": {
      "val_acc_mean": 0.30762526094913484,
      "val_acc_std": 0.048704378914334025,
      "test_acc_mean": 0.2878688633441925,
      "test_acc_std": 0.045265434549426865,
      "train_time_mean": 0.17981796264648436
    },
    "rayleigh_ritz_MLP+RowNorm": {
      "val_acc_mean": 0.3154684007167816,
      "val_acc_std": 0.016442668975959602,
      "test_acc_mean": 0.3162841618061066,
      "test_acc_std": 0.0120833016198631,
      "train_time_mean": 0.20301575660705568
    }
  },
  "whitening_analysis": {
    "pca_whiten": {
      "name": "pca_whiten",
      "dim_original": 1433,
      "dim_whitened": 1433,
      "dist_from_I_original": 744.6473280260345,
      "dist_from_I_whitened": 188.42126923307012,
      "condition_original": 7152081567744.0,
      "condition_whitened": 734038700589056.0,
      "entropy_original": 2.8108701705932617,
      "entropy_whitened": 4.630321502685547,
      "max_entropy_original": 7.145196134997171,
      "max_entropy_whitened": 7.157735484249907,
      "uniformity_original": 0.3933930038429064,
      "uniformity_whitened": 0.6468975436259475,
      "whitening_indicators": 2
    },
    "zca_whiten": {
      "name": "zca_whiten",
      "dim_original": 1433,
      "dim_whitened": 1433,
      "dist_from_I_original": 744.6473280260345,
      "dist_from_I_whitened": 188.4212644540981,
      "condition_original": 7152081567744.0,
      "condition_whitened": 4.389346968946606e+17,
      "entropy_original": 2.8108701705932617,
      "entropy_whitened": 4.630321979522705,
      "max_entropy_original": 7.145196134997171,
      "max_entropy_whitened": 7.167809184316444,
      "uniformity_original": 0.3933930038429064,
      "uniformity_whitened": 0.6459884548341635,
      "whitening_indicators": 2
    },
    "full_zca_whiten": {
      "name": "full_zca_whiten",
      "dim_original": 1433,
      "dim_whitened": 1433,
      "dist_from_I_original": 744.6473280260345,
      "dist_from_I_whitened": 37.893664720677734,
      "condition_original": 7152081567744.0,
      "condition_whitened": 2466686464.0,
      "entropy_original": 2.8108701705932617,
      "entropy_whitened": 6.616617679595947,
      "max_entropy_original": 7.145196134997171,
      "max_entropy_whitened": 7.2485040723706105,
      "uniformity_original": 0.3933930038429064,
      "uniformity_whitened": 0.9128252689843622,
      "whitening_indicators": 3
    },
    "rayleigh_ritz": {
      "name": "rayleigh_ritz",
      "dim_original": 1433,
      "dim_whitened": 1426,
      "dist_from_I_original": 744.6473280260345,
      "dist_from_I_whitened": 14.506795459176994,
      "condition_original": 7152081567744.0,
      "condition_whitened": 25.040369033813477,
      "entropy_original": 2.8108701705932617,
      "entropy_whitened": 7.188625335693359,
      "max_entropy_original": 7.145196134997171,
      "max_entropy_whitened": 7.262628600974241,
      "uniformity_original": 0.3933930038429064,