{
  "dataset": "coauthor-cs",
  "split_type": "random_splits",
  "num_seeds": 5,
  "num_splits": 5,
  "total_runs_per_model": 25,
  "d_raw": 6805,
  "d_effective": 6803,
  "rank_deficiency": true,
  "orthonormality_error": 1.684916184352403e-08,
  "epochs": 200,
  "hidden_dim": 256,
  "batch_size": 128,
  "learning_rate": 0.01,
  "weight_decay": 0.0005,
  "models": {
    "standard_X_scaled": {
      "name": "(a) Standard MLP on X (scaled)",
      "test_accuracy": {
        "mean": 0.9066193771362304,
        "std": 0.008757807428842407,
        "min": 0.8835877776145935,
        "max": 0.9220283031463623
      },
      "convergence_metrics": {
        "speed_to_90": {
          "mean": 0.0,
          "std": 0.0
        },
        "speed_to_95": {
          "mean": 0.0,
          "std": 0.0
        },
        "speed_to_99": {
          "mean": 1.8,
          "std": 3.7841775856849
        },
        "auc": {
          "mean": 0.993039659035362,
          "std": 0.010822286206377821
        },
        "convergence_rate": {
          "mean": -0.00014729928970336914,
          "std": 0.00039217319457398805
        },
        "final_acc": {
          "mean": 0.9072340559959412,
          "std": 0.00959923830986009
        }
      },
      "checkpoint_accuracies": {
        "10": {
          "mean": 0.8969885611534119,
          "std": 0.008785921484035408
        },
        "20": {
          "mean": 0.9036115837097168,
          "std": 0.007007291669326396
        },
        "40": {
          "mean": 0.9054664635658264,
          "std": 0.0068484143045428846
        },
        "80": {
          "mean": 0.9081178498268128,
          "std": 0.005805820291743505
        },
        "160": {
          "mean": 0.9080633044242858,
          "std": 0.0069022683666165536
        },
        "200": {
          "mean": 0.9072340559959412,
          "std": 0.00959923830986009
        }
      }
    },
    "standard_V_scaled": {
      "name": "(b) Standard MLP on V (scaled)",
      "test_accuracy": {
        "mean": 0.6051035714149475,
        "std": 0.007853625166908622,
        "min": 0.5883315205574036,
        "max": 0.622409999370575
      },
      "convergence_metrics": {
        "speed_to_90": {
          "mean": 5.08,
          "std": 1.0552724766618335
        },
        "speed_to_95": {
          "mean": 12.4,
          "std": 4.029888335921977
        },
        "speed_to_99": {
          "mean": 40.16,
          "std": 28.881385008340583
        },
        "auc": {
          "mean": 0.9737277584598961,
          "std": 0.012207050683515252
        },
        "convergence_rate": {
          "mean": 0.009630114614963532,
          "std": 0.0008714349284374472
        },
        "final_acc": {
          "mean": 0.6070485615730286,
          "std": 0.009475086154567602
        }
      },
      "checkpoint_accuracies": {
        "10": {
          "mean": 0.5643426156044007,
          "std": 0.01051442931298263
        },
        "20": {
          "mean": 0.58409166097641,
          "std": 0.011132369583180672
        },
        "40": {
          "mean": 0.590300064086914,
          "std": 0.012008495768302199
        },
        "80": {
          "mean": 0.5978068900108338,
          "std": 0.01056237383714634
        },
        "160": {
          "mean": 0.6043317079544067,
          "std": 0.01171560170614145
        },
        "200": {
          "mean": 0.6070485615730286,
          "std": 0.009475086154567602
        }
      }
    },
    "rownorm_V": {
      "name": "(c) RowNorm MLP on V (unscaled)",
      "test_accuracy": {
        "mean": 0.6157687830924988,
        "std": 0.00647128472748211,
        "min": 0.6065976023674011,
        "max": 0.6286804676055908
      },
      "convergence_metrics": {
        "speed_to_90": {
          "mean": 2.36,
          "std": 0.5571355310873648
        },
        "speed_to_95": {
          "mean": 5.12,
          "std": 2.3033888078220746
        },
        "speed_to_99": {
          "mean": 19.8,
          "std": 18.190107201443315
        },
        "auc": {
          "mean": 0.9845852153179027,
          "std": 0.011547164732896926
        },
        "convergence_rate": {
          "mean": 0.010024550318717955,
          "std": 0.00047467869935786326
        },
        "final_acc": {
          "mean": 0.6157010436058045,
          "std": 0.007032226384778631
        }
      },
      "checkpoint_accuracies": {
        "10": {
          "mean": 0.5988543510437012,
          "std": 0.008533695680927305
        },
        "20": {
          "mean": 0.6047899770736694,
          "std": 0.007874011996420741
        },
        "40": {
          "mean": 0.6063066077232361,
          "std": 0.007735523449438954
        },
        "80": {
          "mean": 0.6106055736541748,
          "std": 0.009192577928207263
        },
        "160": {
          "mean": 0.6166503024101258,
          "std": 0.007842274712552172
        },
        "200": {
          "mean": 0.6157010436058045,
          "std": 0.007032226384778631
        }
      }
    }
  }
}