{
  "dataset": "cora",
  "k": 30,
  "split_type": "random",
  "component_type": "lcc",
  "num_seeds": 15,
  "num_splits": 5,
  "total_runs_per_method": 75,
  "metadata": {
    "d_effective": 862,
    "ortho_error": 2.082795713675978e-09,
    "num_components": 0,
    "num_nodes": 2485,
    "num_features": 1433,
    "num_classes": 7
  },
  "experiments": {
    "sgc_mlp_baseline": {
      "test_acc_mean": 0.8388195530573527,
      "test_acc_std": 0.01740047533424327,
      "val_acc_mean": 0.8567940545082092,
      "val_acc_std": 0.008275612402770749,
      "per_run_test_acc": [
        0.8329979777336121,
        0.8209255337715149,
        0.8249496817588806,
        0.8410462737083435,
        0.8249496817588806,
        0.8229376077651978,
        0.8329979777336121,
        0.8269617557525635,
        0.8410462737083435,
        0.8370221257209778,
        0.8289738297462463,
        0.818913459777832,
        0.8370221257209778,
        0.8249496817588806,
        0.8249496817588806,
        0.8571428060531616,
        0.851106584072113,
        0.8470824360847473,
        0.851106584072113,
        0.8611669540405273,
        0.8752514719963074,
        0.8631790280342102,
        0.8591548800468445,
        0.8551307320594788,
        0.8410462737083435,
        0.8611669540405273,
        0.8591548800468445,
        0.8631790280342102,
        0.851106584072113,
        0.8591548800468445,
        0.8591548800468445,
        0.8551307320594788,
        0.8410462737083435,
        0.8531186580657959,
        0.8470824360847473,
        0.8370221257209778,
        0.8692152500152588,
        0.8470824360847473,
        0.8571428060531616,
        0.8289738297462463,
        0.851106584072113,
        0.8531186580657959,
        0.8611669540405273,
        0.8370221257209778,
        0.8470824360847473,
        0.804828941822052,
        0.8108651638031006,
        0.8249496817588806,
        0.8229376077651978,
        0.8169013857841492,
        0.8209255337715149,
        0.8108651638031006,
        0.818913459777832,
        0.818913459777832,
        0.8088530898094177,
        0.8088530898094177,
        0.8108651638031006,
        0.8128772377967834,
        0.8028168678283691,
        0.8209255337715149,
        0.8410462737083435,
        0.8470824360847473,
        0.8551307320594788,
        0.8531186580657959,
        0.8309859037399292,
        0.851106584072113,
        0.8450704216957092,
        0.8410462737083435,
        0.8551307320594788,
        0.8470824360847473,
        0.8470824360847473,
        0.8390341997146606,
        0.8430583477020264,
        0.8148893117904663,
        0.8450704216957092
      ],
      "n_runs": 75,
      "train_acc_mean": 0.9266263906160991,
      "train_acc_std": 0.037871010405852557,
      "num_params": 434695,
      "param_to_train_ratio": 291.5459423205902
    },
    "restricted_standard_mlp": {
      "test_acc_mean": 0.7374915901819865,
      "test_acc_std": 0.01655724469036261,
      "val_acc_mean": 0.7522736279169718,
      "val_acc_std": 0.012614530919843759,
      "per_run_test_acc": [
        0.7183098196983337,
        0.7243460416793823,
        0.7183098196983337,
        0.7203218936920166,
        0.7122735977172852,
        0.7263581156730652,
        0.7223339676856995,
        0.7183098196983337,
        0.7162977457046509,
        0.7183098196983337,
        0.7223339676856995,
        0.7203218936920166,
        0.7303822636604309,
        0.7162977457046509,
        0.7243460416793823,
        0.7525150775909424,
        0.7766599059104919,
        0.772635817527771,
        0.7645875215530396,
        0.7645875215530396,
        0.758551299571991,
        0.7525150775909424,
        0.7806840538978577,
        0.7565392255783081,
        0.7605633735656738,
        0.7625754475593567,
        0.758551299571991,
        0.7625754475593567,
        0.7444667816162109,
        0.7625754475593567,
        0.7183098196983337,
        0.7424547076225281,
        0.7022132277488708,
        0.7384305596351624,
        0.728370189666748,
        0.7424547076225281,
        0.728370189666748,
        0.7042253017425537,
        0.7404426336288452,
        0.7303822636604309,
        0.7424547076225281,
        0.7303822636604309,
        0.7364184856414795,
        0.7303822636604309,
        0.7404426336288452,
        0.7364184856414795,
        0.7404426336288452,
        0.7364184856414795,
        0.7323943376541138,
        0.728370189666748,
        0.7444667816162109,
        0.7404426336288452,
        0.7082494497299194,
        0.7102615237236023,
        0.7444667816162109,
        0.7384305596351624,
        0.7404426336288452,
        0.7303822636604309,
        0.7404426336288452,
        0.7424547076225281,
        0.7384305596351624,
        0.7344064116477966,
        0.7404426336288452,
        0.7464788556098938,
        0.7444667816162109,
        0.7444667816162109,
        0.7444667816162109,
        0.7303822636604309,
        0.7444667816162109,
        0.7424547076225281,
        0.7404426336288452,
        0.7505030035972595,
        0.7404426336288452,
        0.728370189666748,
        0.7323943376541138
      ],
      "n_runs": 75,
      "train_acc_mean": 0.999034161567688,
      "train_acc_std": 0.0009625535952635836,
      "num_params": 288519,
      "param_to_train_ratio": 193.50704225352112
    },
    "restricted_rownorm_mlp": {
      "test_acc_mean": 0.7988463751475017,
      "test_acc_std": 0.017192653911584047,
      "val_acc_mean": 0.8039972845713298,
      "val_acc_std": 0.008656398686545498,
      "per_run_test_acc": [
        0.7826961278915405,
        0.790744423866272,
        0.7987927198410034,
        0.7826961278915405,
        0.7947685718536377,
        0.790744423866272,
        0.7847082018852234,
        0.7887323498725891,
        0.7826961278915405,
        0.790744423866272,
        0.7847082018852234,
        0.7867202758789062,
        0.790744423866272,
        0.7746478319168091,
        0.7826961278915405,
        0.8269617557525635,
        0.8309859037399292,
        0.8269617557525635,
        0.818913459777832,
        0.8350100517272949,
        0.8229376077651978,
        0.8289738297462463,
        0.8209255337715149,
        0.8309859037399292,
        0.8350100517272949,
        0.8329979777336121,
        0.8309859037399292,
        0.8269617557525635,
        0.8329979777336121,
        0.8350100517272949,
        0.7826961278915405,
        0.7867202758789062,
        0.8068410158157349,
        0.8128772377967834,
        0.790744423866272,
        0.7967806458473206,
        0.8008047938346863,
        0.8088530898094177,
        0.7947685718536377,
        0.8088530898094177,
        0.7987927198410034,
        0.8008047938346863,
        0.7967806458473206,
        0.7826961278915405,
        0.8088530898094177,
        0.7826961278915405,
        0.7826961278915405,
        0.7867202758789062,
        0.7927564978599548,
        0.790744423866272,
        0.7887323498725891,
        0.7867202758789062,
        0.7786719799041748,
        0.7826961278915405,
        0.7746478319168091,
        0.7847082018852234,
        0.7847082018852234,
        0.7806840538978577,
        0.7806840538978577,
        0.7826961278915405,
        0.8008047938346863,
        0.7927564978599548,
        0.7947685718536377,
        0.7927564978599548,
        0.790744423866272,
        0.7927564978599548,
        0.7947685718536377,
        0.8008047938346863,
        0.7927564978599548,
        0.7927564978599548,
        0.7927564978599548,
        0.804828941822052,
        0.8028168678283691,
        0.7847082018852234,
        0.8008047938346863
      ],
      "n_runs": 75,
      "train_acc_mean": 0.9934093085924784,
      "train_acc_std": 0.001975584610820815,
      "num_params": 288000,
      "param_to_train_ratio": 193.158953722334
    }
  },
  "framework_analysis": {
    "sgc_mlp_acc_pct": 83.88195530573526,