{
  "dataset": "cora",
  "k": 30,
  "split_type": "random",
  "component_type": "lcc",
  "num_seeds": 15,
  "num_splits": 5,
  "total_runs_per_method": 75,
  "metadata": {
    "d_effective": 1377,
    "ortho_error": 1.664928195310722e-10,
    "num_components": 0,
    "num_nodes": 2485,
    "num_features": 1433,
    "num_classes": 7
  },
  "experiments": {
    "sgc_mlp_baseline": {
      "test_acc_mean": 0.8529845364888509,
      "test_acc_std": 0.018173608732528695,
      "val_acc_mean": 0.8689469734827677,
      "val_acc_std": 0.009113508202650347,
      "per_run_test_acc": [
        0.851106584072113,
        0.851106584072113,
        0.8490945100784302,
        0.8531186580657959,
        0.8450704216957092,
        0.8490945100784302,
        0.8450704216957092,
        0.8430583477020264,
        0.8350100517272949,
        0.8470824360847473,
        0.8551307320594788,
        0.8490945100784302,
        0.8651911020278931,
        0.8672031760215759,
        0.8551307320594788,
        0.8832997679710388,
        0.8651911020278931,
        0.881287693977356,
        0.8651911020278931,
        0.8752514719963074,
        0.8651911020278931,
        0.8712273240089417,
        0.8692152500152588,
        0.881287693977356,
        0.8672031760215759,
        0.8611669540405273,
        0.8792756199836731,
        0.8692152500152588,
        0.8712273240089417,
        0.8591548800468445,
        0.8651911020278931,
        0.8712273240089417,
        0.8490945100784302,
        0.8611669540405273,
        0.8591548800468445,
        0.8591548800468445,
        0.8571428060531616,
        0.8712273240089417,
        0.8591548800468445,
        0.8631790280342102,
        0.8651911020278931,
        0.8370221257209778,
        0.8672031760215759,
        0.8591548800468445,
        0.8631790280342102,
        0.8390341997146606,
        0.8169013857841492,
        0.8309859037399292,
        0.8269617557525635,
        0.8148893117904663,
        0.8148893117904663,
        0.8350100517272949,
        0.8229376077651978,
        0.8249496817588806,
        0.8148893117904663,
        0.8209255337715149,
        0.8309859037399292,
        0.8229376077651978,
        0.8309859037399292,
        0.7987927198410034,
        0.8611669540405273,
        0.8692152500152588,
        0.8631790280342102,
        0.8672031760215759,
        0.8571428060531616,
        0.8631790280342102,
        0.8591548800468445,
        0.8692152500152588,
        0.8551307320594788,
        0.8450704216957092,
        0.8611669540405273,
        0.851106584072113,
        0.8611669540405273,
        0.8490945100784302,
        0.8631790280342102
      ],
      "n_runs": 75,
      "train_acc_mean": 0.9374021601676941,
      "train_acc_std": 0.0365091340562962,
      "num_params": 434695,
      "param_to_train_ratio": 291.5459423205902
    },
    "restricted_standard_mlp": {
      "test_acc_mean": 0.6799463272094727,
      "test_acc_std": 0.01473567214679704,
      "val_acc_mean": 0.6952917273839315,
      "val_acc_std": 0.017340396647115165,
      "per_run_test_acc": [
        0.6438631415367126,
        0.6841046214103699,
        0.6881287693977356,
        0.6861166954040527,
        0.682092547416687,
        0.6841046214103699,
        0.6619718074798584,
        0.6841046214103699,
        0.6740442514419556,
        0.6438631415367126,
        0.6720321774482727,
        0.6700201034545898,
        0.6841046214103699,
        0.6800804734230042,
        0.6760563254356384,
        0.7022132277488708,
        0.700201153755188,
        0.7102615237236023,
        0.7062373757362366,
        0.7042253017425537,
        0.6941649913787842,
        0.7022132277488708,
        0.6921529173851013,
        0.7042253017425537,
        0.6981891393661499,
        0.7042253017425537,
        0.7102615237236023,
        0.700201153755188,
        0.6861166954040527,
        0.6941649913787842,
        0.6800804734230042,
        0.6720321774482727,
        0.6800804734230042,
        0.6740442514419556,
        0.6700201034545898,
        0.6800804734230042,
        0.6700201034545898,
        0.6780683994293213,
        0.6941649913787842,
        0.6760563254356384,
        0.682092547416687,
        0.6780683994293213,
        0.6921529173851013,
        0.6700201034545898,
        0.6901408433914185,
        0.682092547416687,
        0.6861166954040527,
        0.6800804734230042,
        0.6760563254356384,
        0.6760563254356384,
        0.6941649913787842,
        0.6800804734230042,
        0.6861166954040527,
        0.682092547416687,
        0.6760563254356384,
        0.6841046214103699,
        0.6720321774482727,
        0.6760563254356384,
        0.6941649913787842,
        0.6800804734230042,
        0.668008029460907,
        0.6559355854988098,
        0.6659959554672241,
        0.6740442514419556,
        0.6559355854988098,
        0.6579476594924927,
        0.6599597334861755,
        0.668008029460907,
        0.668008029460907,
        0.6579476594924927,
        0.6599597334861755,
        0.6700201034545898,
        0.6760563254356384,
        0.6579476594924927,
        0.6639838814735413
      ],
      "n_runs": 75,
      "train_acc_mean": 0.9999999403953552,
      "train_acc_std": 0.0,
      "num_params": 420359,
      "param_to_train_ratio": 281.9309188464118
    },
    "restricted_rownorm_mlp": {
      "test_acc_mean": 0.6512944054603577,
      "test_acc_std": 0.019474461913117316,
      "val_acc_mean": 0.6714687927563985,
      "val_acc_std": 0.0210786363618926,
      "per_run_test_acc": [
        0.6277665495872498,
        0.6599597334861755,
        0.6116700172424316,
        0.653923511505127,
        0.6579476594924927,
        0.6619718074798584,
        0.6760563254356384,
        0.6277665495872498,
        0.6438631415367126,
        0.6197183132171631,
        0.653923511505127,
        0.668008029460907,
        0.653923511505127,
        0.6519114375114441,
        0.6398389935493469,
        0.6639838814735413,
        0.6800804734230042,
        0.6559355854988098,
        0.7082494497299194,
        0.6579476594924927,
        0.6861166954040527,
        0.6700201034545898,
        0.6317906975746155,
        0.6619718074798584,
        0.6599597334861755,
        0.6700201034545898,
        0.6498993635177612,
        0.6921529173851013,
        0.668008029460907,
        0.6780683994293213,
        0.6579476594924927,
        0.6378269195556641,
        0.6116700172424316,
        0.6700201034545898,
        0.591549277305603,
        0.6579476594924927,
        0.6398389935493469,
        0.6418510675430298,
        0.6639838814735413,
        0.6498993635177612,
        0.6498993635177612,
        0.6498993635177612,
        0.6398389935493469,
        0.6519114375114441,
        0.6358148455619812,
        0.6458752155303955,
        0.6398389935493469,
        0.6076458692550659,
        0.6478872895240784,
        0.6458752155303955,
        0.6519114375114441,
        0.6559355854988098,
        0.6438631415367126,
        0.653923511505127,
        0.6277665495872498,
        0.6619718074798584,
        0.621730387210846,
        0.6579476594924927,
        0.6619718074798584,
        0.6478872895240784,
        0.6659959554672241,
        0.6297786235809326,
        0.6317906975746155,
        0.6659959554672241,
        0.6498993635177612,
        0.6579476594924927,
        0.668008029460907,
        0.6297786235809326,
        0.6579476594924927,
        0.6297786235809326,
        0.653923511505127,
        0.6478872895240784,
        0.6760563254356384,
        0.6700201034545898,
        0.6478872895240784
      ],
      "n_runs": 75,
      "train_acc_mean": 0.9907801938056946,
      "train_acc_std": 0.015758078946584844,
      "num_params": 419840,
      "param_to_train_ratio": 281.58283031522467
    }
  },
  "framework_analysis": {
    "sgc_mlp_acc_pct": 85.29845364888509,