{
  "dataset": "pubmed",
  "k": 8,
  "split_type": "fixed",
  "component_type": "lcc",
  "num_seeds": 15,
  "num_splits": 1,
  "total_runs_per_method": 15,
  "metadata": {
    "d_effective": 500,
    "ortho_error": 3.793184655265236e-10,
    "num_components": 0,
    "num_nodes": 19717,
    "num_features": 500,
    "num_classes": 3
  },
  "experiments": {
    "sgc_mlp_baseline": {
      "test_acc_mean": 0.750866695245107,
      "test_acc_std": 0.010757115921975686,
      "val_acc_mean": 0.7842667102813721,
      "val_acc_std": 0.012476465182420762,
      "per_run_test_acc": [
        0.7500000596046448,
        0.7610000371932983,
        0.7430000305175781,
        0.7310000061988831,
        0.7680000066757202,
        0.7470000386238098,
        0.7520000338554382,
        0.7420000433921814,
        0.7660000324249268,
        0.7630000114440918,
        0.7610000371932983,
        0.7400000095367432,
        0.7540000081062317,
        0.7380000352859497,
        0.7470000386238098
      ],
      "n_runs": 15,
      "train_acc_mean": 0.9844444910685222,
      "train_acc_std": 0.011331140551276207,
      "num_params": 194819,
      "param_to_train_ratio": 3246.983333333333
    },
    "restricted_standard_mlp": {
      "test_acc_mean": 0.4451333542664846,
      "test_acc_std": 0.01971418166313371,
      "val_acc_mean": 0.4565333565076192,
      "val_acc_std": 0.01367170533966125,
      "per_run_test_acc": [
        0.43300002813339233,
        0.47300001978874207,
        0.4610000252723694,
        0.4220000207424164,
        0.4540000259876251,
        0.46800002455711365,
        0.42900002002716064,
        0.48100003600120544,
        0.42500001192092896,
        0.4410000145435333,
        0.4190000295639038,
        0.44300001859664917,
        0.4480000138282776,
        0.42000001668930054,
        0.46000000834465027
      ],
      "n_runs": 15,
      "train_acc_mean": 0.99888889392217,
      "train_acc_std": 0.004157378263602028,
      "num_params": 194819,
      "param_to_train_ratio": 3246.983333333333
    },
    "restricted_rownorm_mlp": {
      "test_acc_mean": 0.4991333564122518,
      "test_acc_std": 0.014037413493717222,
      "val_acc_mean": 0.5225333611170451,
      "val_acc_std": 0.011206349693722821,
      "per_run_test_acc": [
        0.49000000953674316,
        0.47700002789497375,
        0.5040000081062317,
        0.503000020980835,
        0.48600003123283386,
        0.5330000519752502,
        0.4910000264644623,
        0.4880000352859497,
        0.49500003457069397,
        0.5040000081062317,
        0.5139999985694885,
        0.4970000088214874,
        0.5190000534057617,
        0.5,
        0.48600003123283386
      ],
      "n_runs": 15,
      "train_acc_mean": 1.0,
      "train_acc_std": 0.0,
      "num_params": 194304,
      "param_to_train_ratio": 3238.4
    }
  },
  "framework_analysis": {
    "sgc_mlp_acc_pct": 75.0866695245107,
    "restricted_std_acc_pct": 44.51333542664846,
    "restricted_rownorm_acc_pct": 49.91333564122518,
    "part_a_pp": 30.573334097862237,
    "part_b_pp": 5.400000214576721,
    "remaining_gap_pp": 25.173333883285515
  }
}