{
  "dataset": "cora",
  "split_type": "random-splits",
  "num_seeds": 5,
  "num_splits": 3,
  "total_runs_per_model": 15,
  "d_raw": 1433,
  "d_effective": 1431,
  "rank_deficiency": true,
  "epochs": 200,
  "hidden_dim": 256,
  "batch_size": 128,
  "learning_rate": 0.01,
  "weight_decay": 0.0005,
  "models": {
    "standard_scaled": {
      "name": "Standard MLP on X (train-scaled)",
      "test_accuracy": {
        "mean": 0.683517849445343,
        "std": 0.013821089186778752,
        "all": [
          0.6789668202400208,
          0.6642066240310669,
          0.6586716175079346,
          0.6586716175079346,
          0.6789668202400208,
          0.6974169611930847,
          0.6918819546699524,
          0.7011070251464844,
          0.6900368928909302,
          0.7066420912742615,
          0.6863468885421753,
          0.6808118224143982,
          0.6900368928909302,
          0.6863468885421753,
          0.6826568245887756
        ]
      },
      "convergence_metrics": {
        "speed_to_90": {
          "mean": 0.0,
          "std": 0.0
        },
        "speed_to_95": {
          "mean": 0.26666666666666666,
          "std": 0.44221663871405337
        },
        "speed_to_99": {
          "mean": 16.666666666666668,
          "std": 41.35160886296391
        },
        "auc": {
          "mean": 0.6773351890246074,
          "std": 0.016157114886984923
        },
        "convergence_rate": {
          "mean": -0.0014391140143076577,
          "std": 0.0009550235022759971
        },
        "final_acc": {
          "mean": 0.7012300372123719,
          "std": 0.018869368986581196
        }
      },
      "checkpoint_accuracies": {
        "10": {
          "mean": 0.6619926293691,
          "std": 0.02654263377536566
        },
        "20": {
          "mean": 0.6596556067466736,
          "std": 0.021002610215678574
        },
        "40": {
          "mean": 0.6552275657653809,
          "std": 0.028157886328777637
        },
        "80": {
          "mean": 0.6720787286758423,
          "std": 0.021731221388895723
        },
        "160": {
          "mean": 0.6977859775225321,
          "std": 0.018142578461036722
        },
        "200": {
          "mean": 0.7012300372123719,
          "std": 0.018869368986581196
        }
      }
    },
    "rownorm_restricted": {
      "name": "RowNorm MLP on U (restricted)",
      "test_accuracy": {
        "mean": 0.4501845121383667,
        "std": 0.030068702946896814,
        "all": [
          0.37638378143310547,
          0.4354243576526642,
          0.48154982924461365,
          0.42804428935050964,
          0.46494466066360474,
          0.5055350661277771,
          0.49077489972114563,
          0.43357935547828674,
          0.45940959453582764,
          0.43357935547828674,
          0.4409594237804413,
          0.4723247289657593,
          0.4483394920825958,
          0.4483394920825958,
          0.43357935547828674
        ]
      },
      "convergence_metrics": {
        "speed_to_90": {
          "mean": 6.866666666666666,
          "std": 11.621053690990712
        },
        "speed_to_95": {
          "mean": 12.533333333333333,
          "std": 13.320994290550871
        },
        "speed_to_99": {
          "mean": 38.2,
          "std": 41.88110154552607
        },
        "auc": {
          "mean": 0.4429077544113,
          "std": 0.02573137484124516
        },
        "convergence_rate": {
          "mean": 0.005885608990987143,
          "std": 0.0011528043687263284
        },
        "final_acc": {
          "mean": 0.46322264273961383,
          "std": 0.036025719037910034
        }
      },
      "checkpoint_accuracies": {
        "10": {
          "mean": 0.4223862290382385,
          "std": 0.02804158525917229
        },
        "20": {
          "mean": 0.42398524284362793,
          "std": 0.03111615349141764
        },
        "40": {
          "mean": 0.4371463775634766,
          "std": 0.01907272836937745
        },
        "80": {
          "mean": 0.4355473617712657,
          "std": 0.04534626814688829
        },
        "160": {
          "mean": 0.4591635962327321,
          "std": 0.036066010029912596
        },
        "200": {
          "mean": 0.46322264273961383,
          "std": 0.036025719037910034
        }
      }
    }
  }
}