{
  "fisher_score": 0.005328639527469998,
  "mean_fisher_score": 0.005328639527469998,
  "std_fisher_score": 0.0,
  "per_split": [
    {
      "split": 0,
      "fisher_score": 0.005328639527469998,
      "fisher_score_U": 0.005328639527469998,
      "between_class_variance": 0.00012188418456507153,
      "within_class_variance": 0.022873415237930596,
      "per_feature_U_stats": {
        "mean": 0.0002704202175797094,
        "std": 0.00021471468775104133,
        "max": 0.0018409008603131388,
        "top5": [
          0.0018409008603131388,
          0.0008212908950678787,
          0.0008125370211573156,
          0.0007712753316396136,
          0.0007699411974757245
        ]
      },
      "note": "Computed on training set only to prevent data leakage",
      "fisher_score_X_diffused": 0.026715600102891396,
      "between_class_variance_X": 0.018568792928314946,
      "within_class_variance_X": 0.6950543074757759,
      "per_feature_X_stats": {
        "mean": 0.011552204966452435,
        "std": 0.007537194593911098,
        "max": 0.05137644158983192,
        "top5": [
          0.05137644158983192,
          0.0420350971765926,
          0.033892935995410094,
          0.03263821848733474,
          0.025604599398333015
        ],
        "n_cols_sampled": 128
      }
    }
  ],
  "note": "Fisher score computed on training set only (no leakage)"
}