{
  "dataset": "cora",
  "k": 6,
  "split_type": "random",
  "component_type": "lcc",
  "num_seeds": 15,
  "num_splits": 5,
  "total_runs_per_method": 75,
  "metadata": {
    "d_effective": 1427,
    "ortho_error": 3.122341496464287e-09,
    "num_components": 0,
    "num_nodes": 2485,
    "num_features": 1433,
    "num_classes": 7
  },
  "experiments": {
    "sgc_mlp_baseline": {
      "test_acc_mean": 0.8592353749275208,
      "test_acc_std": 0.0158820011795528,
      "val_acc_mean": 0.8724613960584005,
      "val_acc_std": 0.006057586677374311,
      "per_run_test_acc": [
        0.851106584072113,
        0.8591548800468445,
        0.8591548800468445,
        0.8490945100784302,
        0.8611669540405273,
        0.851106584072113,
        0.8490945100784302,
        0.8390341997146606,
        0.8571428060531616,
        0.8450704216957092,
        0.8571428060531616,
        0.8470824360847473,
        0.8571428060531616,
        0.8611669540405273,
        0.8490945100784302,
        0.8772635459899902,
        0.8651911020278931,
        0.8832997679710388,
        0.8772635459899902,
        0.8672031760215759,
        0.8832997679710388,
        0.8752514719963074,
        0.8752514719963074,
        0.8672031760215759,
        0.8893359899520874,
        0.8792756199836731,
        0.8873239159584045,
        0.8832997679710388,
        0.895372211933136,
        0.8772635459899902,
        0.8732393980026245,
        0.8772635459899902,
        0.8551307320594788,
        0.8772635459899902,
        0.8772635459899902,
        0.8531186580657959,
        0.881287693977356,
        0.8490945100784302,
        0.8832997679710388,
        0.8732393980026245,
        0.8853118419647217,
        0.8712273240089417,
        0.8672031760215759,
        0.8732393980026245,
        0.8772635459899902,
        0.8470824360847473,
        0.8390341997146606,
        0.8390341997146606,
        0.8490945100784302,
        0.8350100517272949,
        0.8269617557525635,
        0.8490945100784302,
        0.8450704216957092,
        0.8370221257209778,
        0.8370221257209778,
        0.8470824360847473,
        0.8370221257209778,
        0.8430583477020264,
        0.8430583477020264,
        0.8390341997146606,
        0.8450704216957092,
        0.8571428060531616,
        0.8551307320594788,
        0.851106584072113,
        0.8490945100784302,
        0.8470824360847473,
        0.851106584072113,
        0.8531186580657959,
        0.851106584072113,
        0.8591548800468445,
        0.8531186580657959,
        0.8470824360847473,
        0.851106584072113,
        0.8672031760215759,
        0.8410462737083435
      ],
      "n_runs": 75,
      "train_acc_mean": 0.938832966486613,
      "train_acc_std": 0.029191619368804957,
      "num_params": 434695,
      "param_to_train_ratio": 291.5459423205902
    },
    "restricted_standard_mlp": {
      "test_acc_mean": 0.6744466654459635,
      "test_acc_std": 0.011860430518461178,
      "val_acc_mean": 0.6843997089068095,
      "val_acc_std": 0.01832258031657934,
      "per_run_test_acc": [
        0.6800804734230042,
        0.6800804734230042,
        0.6861166954040527,
        0.6740442514419556,
        0.7022132277488708,
        0.6921529173851013,
        0.6760563254356384,
        0.6780683994293213,
        0.6619718074798584,
        0.6901408433914185,
        0.6780683994293213,
        0.6841046214103699,
        0.6861166954040527,
        0.6780683994293213,
        0.6800804734230042,
        0.6720321774482727,
        0.6861166954040527,
        0.6740442514419556,
        0.668008029460907,
        0.6639838814735413,
        0.6841046214103699,
        0.6901408433914185,
        0.6881287693977356,
        0.6881287693977356,
        0.6881287693977356,
        0.6780683994293213,
        0.6841046214103699,
        0.6700201034545898,
        0.6800804734230042,
        0.6861166954040527,
        0.6559355854988098,
        0.653923511505127,
        0.668008029460907,
        0.6579476594924927,
        0.6659959554672241,
        0.6579476594924927,
        0.6599597334861755,
        0.653923511505127,
        0.6519114375114441,
        0.6639838814735413,
        0.6458752155303955,
        0.6659959554672241,
        0.6599597334861755,
        0.6478872895240784,
        0.6579476594924927,
        0.682092547416687,
        0.6760563254356384,
        0.6881287693977356,
        0.6700201034545898,
        0.682092547416687,
        0.6861166954040527,
        0.6780683994293213,
        0.6901408433914185,
        0.668008029460907,
        0.6921529173851013,
        0.6800804734230042,
        0.6780683994293213,
        0.6700201034545898,
        0.6740442514419556,
        0.6800804734230042,
        0.6901408433914185,
        0.6800804734230042,
        0.6740442514419556,
        0.6740442514419556,
        0.6780683994293213,
        0.6760563254356384,
        0.653923511505127,
        0.6760563254356384,
        0.668008029460907,
        0.6740442514419556,
        0.682092547416687,
        0.6740442514419556,
        0.6659959554672241,
        0.6619718074798584,
        0.6639838814735413
      ],
      "n_runs": 75,
      "train_acc_mean": 0.9999999403953552,
      "train_acc_std": 0.0,
      "num_params": 433159,
      "param_to_train_ratio": 290.5157612340711
    },
    "restricted_rownorm_mlp": {
      "test_acc_mean": 0.7757209650675456,
      "test_acc_std": 0.01603721367732477,
      "val_acc_mean": 0.7850569732983907,
      "val_acc_std": 0.01221631746311884,
      "per_run_test_acc": [
        0.7464788556098938,
        0.7625754475593567,
        0.7545271515846252,
        0.758551299571991,
        0.7525150775909424,
        0.7565392255783081,
        0.7665995955467224,
        0.7565392255783081,
        0.7605633735656738,
        0.7605633735656738,
        0.7605633735656738,
        0.7625754475593567,
        0.7665995955467224,
        0.7686116695404053,
        0.7525150775909424,
        0.8088530898094177,
        0.7786719799041748,
        0.7987927198410034,
        0.7645875215530396,
        0.7806840538978577,
        0.8128772377967834,
        0.8028168678283691,
        0.8148893117904663,
        0.8068410158157349,
        0.804828941822052,
        0.7987927198410034,
        0.7927564978599548,
        0.7927564978599548,
        0.7665995955467224,
        0.7987927198410034,
        0.7806840538978577,
        0.7786719799041748,
        0.7746478319168091,
        0.7706237435340881,
        0.7746478319168091,
        0.7847082018852234,
        0.7746478319168091,
        0.7746478319168091,
        0.7786719799041748,
        0.7826961278915405,
        0.7786719799041748,
        0.7786719799041748,
        0.7625754475593567,
        0.7887323498725891,
        0.7766599059104919,
        0.7645875215530396,
        0.7706237435340881,
        0.7605633735656738,
        0.7706237435340881,
        0.7505030035972595,
        0.758551299571991,
        0.7665995955467224,
        0.7605633735656738,
        0.7525150775909424,
        0.7686116695404053,
        0.758551299571991,
        0.7525150775909424,
        0.7686116695404053,
        0.7826961278915405,
        0.7625754475593567,
        0.7867202758789062,
        0.7766599059104919,
        0.7887323498725891,
        0.7746478319168091,
        0.7645875215530396,
        0.7826961278915405,
        0.7867202758789062,
        0.7867202758789062,
        0.790744423866272,
        0.790744423866272,
        0.7826961278915405,
        0.7867202758789062,
        0.7887323498725891,
        0.7867202758789062,
        0.7867202758789062
      ],
      "n_runs": 75,
      "train_acc_mean": 0.997540754477183,
      "train_acc_std": 0.006038035637379892,
      "num_params": 432640,
      "param_to_train_ratio": 290.167672702884
    }
  },
  "framework_analysis": {
    "sgc_mlp_acc_pct": 85.92353749275208,