{
  "dataset": "ogbn-arxiv",
  "k": 8,
  "num_splits": 5,
  "num_seeds": 5,
  "total_runs": 25,
  "precompute_time": 3.381938934326172,
  "sgc_baseline": {
    "test_acc_mean": 0.5254868698120118,
    "test_acc_std": 0.0032377425308585317,
    "val_acc_mean": 0.527665045261383,
    "val_acc_std": 0.0025781174693927144,
    "train_time_mean": 0.07306374549865723,
    "train_time_std": 0.0008541395481520309
  },
  "rownorm_variant": {
    "test_acc_mean": 0.682909963130951,
    "test_acc_std": 0.0018976010955114736,
    "val_acc_mean": 0.6839199137687683,
    "val_acc_std": 0.0009978028646580642,
    "train_time_mean": 0.09292579650878906,
    "train_time_std": 0.0009102090665367178
  },
  "improvement": {
    "absolute_pp": 15.742309331893923,
    "relative_percent": 29.9575693252347
  }
}