{
  "dataset": "amazon-photo",
  "k": 2,
  "split_type": "fixed",
  "component_type": "lcc",
  "num_seeds": 15,
  "num_splits": 1,
  "total_runs_per_method": 15,
  "metadata": {
    "d_effective": 745,
    "ortho_error": 7.572118487786383e-10,
    "num_components": 0,
    "num_nodes": 7487,
    "num_features": 745,
    "num_classes": 8
  },
  "experiments": {
    "sgc_mlp_baseline": {
      "test_acc_mean": 0.947361433506012,
      "test_acc_std": 0.0021844104357420313,
      "val_acc_mean": 0.9539661447207133,
      "val_acc_std": 0.0013993213768086963,
      "per_run_test_acc": [
        0.9498998522758484,
        0.948563814163208,
        0.9432198405265808,
        0.9498998522758484,
        0.9472278356552124,
        0.9492318630218506,
        0.9478958249092102,
        0.9472278356552124,
        0.951235830783844,
        0.9472278356552124,
        0.9465598464012146,
        0.9445558190345764,
        0.9478958249092102,
        0.9452238082885742,
        0.9445558190345764
      ],
      "n_runs": 15,
      "train_acc_mean": 0.9692923665046692,
      "train_acc_std": 0.004078035366006539,
      "num_params": 258824,
      "param_to_train_ratio": 57.59323542501112
    },
    "restricted_standard_mlp": {
      "test_acc_mean": 0.8788688818613688,
      "test_acc_std": 0.0041370663223347,
      "val_acc_mean": 0.8949198047320048,
      "val_acc_std": 0.002266176636099266,
      "per_run_test_acc": [
        0.8810955882072449,
        0.8770875334739685,
        0.8764195442199707,
        0.8797595500946045,
        0.8730795383453369,
        0.8797595500946045,
        0.8797595500946045,
        0.8770875334739685,
        0.8777555227279663,
        0.8737475275993347,
        0.8770875334739685,
        0.8844355940818787,
        0.8884435892105103,
        0.8837675452232361,
        0.8737475275993347
      ],
      "n_runs": 15,
      "train_acc_mean": 1.0,
      "train_acc_std": 0.0,
      "num_params": 258824,
      "param_to_train_ratio": 57.59323542501112
    },
    "restricted_rownorm_mlp": {
      "test_acc_mean": 0.9019372463226318,
      "test_acc_std": 0.0034941095058620307,
      "val_acc_mean": 0.9156862974166871,
      "val_acc_std": 0.0020547547346835724,
      "per_run_test_acc": [
        0.9038076400756836,
        0.902471661567688,
        0.8937876224517822,
        0.9011356234550476,
        0.9018036723136902,
        0.8991316556930542,
        0.9018036723136902,
        0.902471661567688,
        0.9011356234550476,
        0.8984636068344116,
        0.9011356234550476,
        0.9091516733169556,
        0.90781569480896,
        0.9011356234550476,
        0.9038076400756836
      ],
      "n_runs": 15,
      "train_acc_mean": 0.9974780917167664,
      "train_acc_std": 0.0016724380668766323,
      "num_params": 258304,
      "param_to_train_ratio": 57.477525589675125
    }
  },
  "framework_analysis": {
    "sgc_mlp_acc_pct": 94.7361433506012,
    "restricted_std_acc_pct": 87.88688818613689,
    "restricted_rownorm_acc_pct": 90.19372463226318,
    "part_a_pp": 6.84925516446431,
    "part_b_pp": 2.3068364461262973,
    "remaining_gap_pp": 4.542418718338013
  }
}