{
  "dataset": "pubmed",
  "split_type": "random",
  "component_type": "lcc",
  "num_components": 1,
  "k_diffusion": 8,
  "num_splits": 5,
  "num_seeds": 5,
  "total_runs": 25,
  "precompute_time": 1.1931159496307373,
  "metadata": {
    "d_full": 499,
    "ortho_error": 3.793184655265236e-10
  },
  "results": {
    "sgc_baseline": {
      "val_acc_mean": 0.7868932604789733,
      "val_acc_std": 0.007810493652773951,
      "test_acc_mean": 0.7805679368972779,
      "test_acc_std": 0.006915573280171141,
      "train_time_mean": 0.1840215492248535,
      "train_time_std": 0.05266962844566257
    },
    "sgc_mlp_baseline": {
      "val_acc_mean": 0.8597210502624512,
      "val_acc_std": 0.004803596247172195,
      "test_acc_mean": 0.8558519124984741,
      "test_acc_std": 0.004566780799867748,
      "train_time_mean": 0.3388186359405518,
      "train_time_std": 0.08999614033114857
    },
    "full_rownorm_mlp": {
      "val_acc_mean": 0.8474055624008179,
      "val_acc_std": 0.004305598287484034,
      "test_acc_mean": 0.8452028203010559,
      "test_acc_std": 0.00571881648071731,
      "train_time_mean": 0.46839754104614256,
      "train_time_std": 0.14074429557398888
    },
    "jl_binary_nc": {
      "val_acc_mean": 0.4404057991504669,
      "val_acc_std": 0.003973326799457994,
      "test_acc_mean": 0.43854968547821044,
      "test_acc_std": 0.006691360495093424,
      "train_time_mean": 0.5343751811981201,
      "train_time_std": 0.1883072207210754
    },
    "jl_binary_2nc": {
      "val_acc_mean": 0.4747147059440613,
      "val_acc_std": 0.00540287283458863,
      "test_acc_mean": 0.4653853857517242,
      "test_acc_std": 0.008212545933449628,
      "train_time_mean": 0.5188056182861328,
      "train_time_std": 0.1169271178321059
    },
    "jl_binary_4nc": {
      "val_acc_mean": 0.5555262684822082,
      "val_acc_std": 0.0062781926624635226,
      "test_acc_mean": 0.5467444109916687,
      "test_acc_std": 0.0051484410188796514,
      "train_time_mean": 0.4177297210693359,
      "train_time_std": 0.1792678727190106
    },
    "jl_ortho_nc": {
      "val_acc_mean": 0.4280395781993866,
      "val_acc_std": 0.0038087928963811413,
      "test_acc_mean": 0.42511155128479006,
      "test_acc_std": 0.00860184049120067,
      "train_time_mean": 0.5448742961883545,
      "train_time_std": 0.15354168100246166
    },
    "jl_ortho_2nc": {
      "val_acc_mean": 0.4597514724731445,
      "val_acc_std": 0.006687719635675574,
      "test_acc_mean": 0.45083163142204286,
      "test_acc_std": 0.0068407357628904285,
      "train_time_mean": 0.47764876365661624,
      "train_time_std": 0.2555917191281686
    },
    "jl_ortho_4nc": {
      "val_acc_mean": 0.5506061553955078,
      "val_acc_std": 0.007360744608662864,
      "test_acc_mean": 0.5437018203735352,
      "test_acc_std": 0.00527524092233576,
      "train_time_mean": 0.4177353286743164,
      "train_time_std": 0.12479244722375427
    }
  },
  "improvements": {
    "full_rownorm_mlp": {
      "vs_sgc": 6.463488340377799,
      "vs_sgc_mlp": -1.0649092197418275
    },
    "jl_binary_nc": {
      "vs_sgc": -34.201825141906745,
      "vs_sgc_mlp": -41.73022270202637
    },
    "jl_binary_2nc": {
      "vs_sgc": -31.518255114555366,
      "vs_sgc_mlp": -39.046652674674995
    },
    "jl_binary_4nc": {
      "vs_sgc": -23.382352590560917,
      "vs_sgc_mlp": -30.910750150680542
    },
    "jl_ortho_nc": {
      "vs_sgc": -35.54563856124878,
      "vs_sgc_mlp": -43.07403612136841
    },
    "jl_ortho_2nc": {
      "vs_sgc": -32.973630547523506,
      "vs_sgc_mlp": -40.50202810764313
    },
    "jl_ortho_4nc": {
      "vs_sgc": -23.686611652374268,
      "vs_sgc_mlp": -31.215009212493893
    }
  },
  "parameter_counts": {
    "sgc_baseline": 1500,
    "sgc_mlp_baseline": 194304,
    "full_rownorm_mlp": 194048,
    "jl_binary_nc": 67072,
    "jl_ortho_nc": 67072,
    "jl_binary_2nc": 67840,
    "jl_ortho_2nc": 67840,
    "jl_binary_4nc": 69376,
    "jl_ortho_4nc": 69376
  }
}