{
  "fisher_score": 0.06784663184472098,
  "mean_fisher_score": 0.06784663184472098,
  "std_fisher_score": 0.0,
  "per_split": [
    {
      "split": 0,
      "fisher_score": 0.06784663184472098,
      "fisher_score_U": 0.06784663184472098,
      "between_class_variance": 0.02267318624942255,
      "within_class_variance": 0.3341829304262907,
      "per_feature_U_stats": {
        "mean": 0.0022868144265416374,
        "std": 0.0036034854936378693,
        "max": 0.055063845298055615,
        "top5": [
          0.055063845298055615,
          0.03901186395440173,
          0.03736470743828962,
          0.036776652350841765,
          0.02896996529720122
        ]
      },
      "note": "Computed on training set only to prevent data leakage",
      "fisher_score_X_diffused": 0.07777582860792576,
      "between_class_variance_X": 0.03095015080779817,
      "within_class_variance_X": 0.397940483075023,
      "per_feature_X_stats": {
        "mean": 0.0039729350780185815,
        "std": 0.00972914222582325,
        "max": 0.1586060456604688,
        "top5": [
          0.1586060456604688,
          0.07702528019443625,
          0.06788199254160478,
          0.054725981578826036,
          0.04002754025692845
        ],
        "n_cols_sampled": 500
      }
    }
  ],
  "note": "Fisher score computed on training set only (no leakage)"
}