{
  "fisher_score": 0.05437862545191396,
  "std_fisher_score": 0.0,
  "per_split": [
    {
      "split": 0,
      "fisher_score": 0.05437862545191396,
      "fisher_score_U": 0.05437862545191396,
      "between_class_variance": 0.0008929473641234613,
      "within_class_variance": 0.01642092562477657,
      "per_feature_U_stats": {
        "mean": 0.09875043095900277,
        "std": 0.06992139493491063,
        "max": 0.6805090518074908,
        "top5": [
          0.6805090518074908,
          0.6076529288677721,
          0.6019766030539392,
          0.4977800193500289,
          0.44530240333976884
        ]
      },
      "note": "Computed on training set only to prevent data leakage",
      "fisher_score_X_diffused": 0.1468825042618604,
      "between_class_variance_X": 0.03635513032797185,
      "within_class_variance_X": 0.2475116455201387,
      "per_feature_X_stats": {
        "mean": 0.2144744079406104,
        "std": 0.1894549096099392,
        "max": 1.1398684724120236,
        "top5": [
          1.1398684724120236,
          1.0931628156109547,
          1.0581374273600903,
          0.995632589547339,
          0.9945463037278289
        ],
        "n_cols_sampled": 500
      }
    }
  ],
  "note": "Fisher score computed on training set only (no leakage)"
}