{
  "fisher_score": 0.0006212575774109742,
  "mean_fisher_score": 0.0006212575774109742,
  "std_fisher_score": 0.0,
  "per_split": [
    {
      "split": 0,
      "fisher_score": 0.0006212575774109742,
      "fisher_score_U": 0.0006212575774109742,
      "between_class_variance": 3.077564535154702e-05,
      "within_class_variance": 0.04953765792250179,
      "per_feature_U_stats": {
        "mean": 0.00020002195408234296,
        "std": 0.0002741170061105997,
        "max": 0.0038579406179784807,
        "top5": [
          0.0038579406179784807,
          0.0024648781022001153,
          0.0018238838050118216,
          0.0013621217142255249,
          0.0012948378133680505
        ]
      },
      "note": "Computed on training set only to prevent data leakage",
      "fisher_score_X_diffused": 0.0011978940749490829,
      "between_class_variance_X": 8.492624500794974e-05,
      "within_class_variance_X": 0.07089628939984495,
      "per_feature_X_stats": {
        "mean": 0.0009647528854250642,
        "std": 0.002632139532362966,
        "max": 0.05088680408585211,
        "top5": [
          0.05088680408585211,
          0.01575681815597174,
          0.010478118939443087,
          0.008482863126355593,
          0.007760256591482175
        ],
        "n_cols_sampled": 500
      }
    }
  ],
  "note": "Fisher score computed on training set only (no leakage)"
}