{
  "dataset": "amazon-photo",
  "k": 1,
  "split_type": "random",
  "component_type": "lcc",
  "num_seeds": 15,
  "num_splits": 5,
  "total_runs_per_method": 75,
  "metadata": {
    "d_effective": 745,
    "ortho_error": 2.2065083093991689e-10,
    "num_components": 0,
    "num_nodes": 7487,
    "num_features": 745,
    "num_classes": 8
  },
  "experiments": {
    "sgc_mlp_baseline": {
      "test_acc_mean": 0.9456965247790019,
      "test_acc_std": 0.005911295746908007,
      "val_acc_mean": 0.9498374899228413,
      "val_acc_std": 0.005701860343753939,
      "per_run_test_acc": [
        0.9499332904815674,
        0.9532710909843445,
        0.9512683749198914,
        0.9519359469413757,
        0.9546061754226685,
        0.9532710909843445,
        0.947930634021759,
        0.9499332904815674,
        0.9566088318824768,
        0.9526035189628601,
        0.9512683749198914,
        0.9519359469413757,
        0.9506008625030518,
        0.9532710909843445,
        0.9552737474441528,
        0.9499332904815674,
        0.947930634021759,
        0.9546061754226685,
        0.9465954899787903,
        0.9512683749198914,
        0.9405874609947205,
        0.947930634021759,
        0.9519359469413757,
        0.9506008625030518,
        0.9485981464385986,
        0.947930634021759,
        0.9506008625030518,
        0.9519359469413757,
        0.9459279179573059,
        0.947930634021759,
        0.9405874609947205,
        0.9345794916152954,
        0.9419226050376892,
        0.9405874609947205,
        0.9352470636367798,
        0.9365821480751038,
        0.9425901770591736,
        0.9372497200965881,
        0.9399199485778809,
        0.933911919593811,
        0.9385848045349121,
        0.9352470636367798,
        0.9325768351554871,
        0.9365821480751038,
        0.9379172921180725,
        0.9532710909843445,
        0.949265718460083,
        0.9506008625030518,
        0.9472630620002747,
        0.9465954899787903,
        0.9506008625030518,
        0.9445928335189819,
        0.9499332904815674,
        0.9412550330162048,
        0.947930634021759,
        0.9485981464385986,
        0.9472630620002747,
        0.9499332904815674,
        0.9452604055404663,
        0.9459279179573059,
        0.9425901770591736,
        0.9412550330162048,
        0.9459279179573059,
        0.9392523765563965,
        0.9405874609947205,
        0.9432576894760132,
        0.9412550330162048,
        0.9445928335189819,
        0.9372497200965881,
        0.9425901770591736,
        0.9405874609947205,
        0.9432576894760132,
        0.9412550330162048,
        0.9419226050376892,
        0.9412550330162048
      ],
      "n_runs": 75,
      "train_acc_mean": 0.9787385201454163,
      "train_acc_std": 0.007089967503025712,
      "num_params": 258824,
      "param_to_train_ratio": 57.61887800534283
    },
    "restricted_standard_mlp": {
      "test_acc_mean": 0.905438400109609,
      "test_acc_std": 0.009023953958834327,
      "val_acc_mean": 0.9056513404846191,
      "val_acc_std": 0.010127731567429193,
      "per_run_test_acc": [
        0.8978638648986816,
        0.9025367498397827,
        0.9032043218612671,
        0.8945260643959045,
        0.9098798632621765,
        0.9052069783210754,
        0.9005340933799744,
        0.9005340933799744,
        0.9045394062995911,
        0.8965287208557129,
        0.9018691778182983,
        0.9038718938827515,
        0.8978638648986816,
        0.9012016654014587,
        0.898531436920166,
        0.913885235786438,
        0.9145527482032776,
        0.9172229766845703,
        0.9178905487060547,
        0.9218959212303162,
        0.9085447788238525,
        0.913885235786438,
        0.9178905487060547,
        0.913885235786438,
        0.9218959212303162,
        0.9045394062995911,
        0.9105474352836609,
        0.913885235786438,
        0.9238985776901245,
        0.9172229766845703,
        0.8898531794548035,
        0.8878505229949951,
        0.8945260643959045,
        0.8938584923744202,
        0.8885180354118347,
        0.885847806930542,
        0.898531436920166,
        0.8885180354118347,
        0.8905207514762878,
        0.8971962928771973,
        0.8951936364173889,
        0.8978638648986816,
        0.8931909799575806,
        0.8931909799575806,
        0.8885180354118347,
        0.9098798632621765,
        0.9125500917434692,
        0.9092123508453369,
        0.9125500917434692,
        0.9065421223640442,
        0.9145527482032776,
        0.9072096347808838,
        0.9145527482032776,
        0.9105474352836609,
        0.9112150073051453,
        0.913885235786438,
        0.9125500917434692,
        0.915220320224762,
        0.915220320224762,
        0.913885235786438,
        0.9078772068023682,
        0.9072096347808838,
        0.9118825197219849,
        0.9032043218612671,
        0.9105474352836609,
        0.9098798632621765,
        0.9038718938827515,
        0.9085447788238525,
        0.9072096347808838,
        0.9052069783210754,
        0.9025367498397827,
        0.9058745503425598,
        0.9005340933799744,
        0.9032043218612671,
        0.9072096347808838
      ],
      "n_runs": 75,
      "train_acc_mean": 0.9999584539731343,
      "train_acc_std": 9.40320200883522e-05,
      "num_params": 258824,
      "param_to_train_ratio": 57.61887800534283
    },
    "restricted_rownorm_mlp": {
      "test_acc_mean": 0.9102003065745036,
      "test_acc_std": 0.006092328958322322,
      "val_acc_mean": 0.9124026203155517,
      "val_acc_std": 0.008025180441319073,
      "per_run_test_acc": [
        0.9058745503425598,
        0.9072096347808838,
        0.9085447788238525,
        0.9092123508453369,
        0.9145527482032776,
        0.9072096347808838,
        0.9018691778182983,
        0.9065421223640442,
        0.9025367498397827,
        0.9032043218612671,
        0.9005340933799744,
        0.9078772068023682,
        0.9085447788238525,
        0.9005340933799744,
        0.9092123508453369,
        0.9085447788238525,
        0.9178905487060547,
        0.9218959212303162,
        0.9132176637649536,
        0.9145527482032776,
        0.9145527482032776,
        0.9185581207275391,
        0.9212283492088318,
        0.9225634336471558,
        0.9065421223640442,
        0.9078772068023682,
        0.9125500917434692,
        0.9125500917434692,
        0.9132176637649536,
        0.9045394062995911,
        0.9025367498397827,
        0.9032043218612671,
        0.9005340933799744,
        0.9018691778182983,
        0.9132176637649536,
        0.898531436920166,
        0.9032043218612671,
        0.9052069783210754,
        0.9065421223640442,
        0.9058745503425598,
        0.9025367498397827,
        0.9098798632621765,
        0.9072096347808838,
        0.9038718938827515,
        0.9065421223640442,
        0.89986652135849,
        0.9112150073051453,
        0.9098798632621765,
        0.9172229766845703,
        0.9125500917434692,
        0.9205607771873474,
        0.9218959212303162,
        0.9032043218612671,
        0.913885235786438,
        0.9132176637649536,
        0.9118825197219849,
        0.9085447788238525,
        0.9158878922462463,
        0.9098798632621765,
        0.9065421223640442,
        0.915220320224762,
        0.9132176637649536,
        0.915220320224762,
        0.9105474352836609,
        0.913885235786438,
        0.9178905487060547,
        0.9158878922462463,
        0.9165554642677307,
        0.9078772068023682,
        0.9145527482032776,
        0.9058745503425598,
        0.9098798632621765,
        0.9172229766845703,
        0.9185581207275391,
        0.9218959212303162
      ],
      "n_runs": 75,
      "train_acc_mean": 0.9995132398605346,
      "train_acc_std": 0.0009933772937400114,
      "num_params": 258304,
      "param_to_train_ratio": 57.503116651825465
    }
  },