{
  "overall_mean": 2.4481216544517466,
  "overall_std": 0.854819890546954,
  "overall_min": 0.7613361595481897,
  "overall_max": 10.112637499001284,
  "per_class": {
    "0": {
      "count": 708,
      "mean": 2.327125046288102,
      "std": 0.6306859936059063
    },
    "1": {
      "count": 462,
      "mean": 2.0877170278858164,
      "std": 0.5944851498058714
    },
    "2": {
      "count": 2050,
      "mean": 2.6881849905899267,
      "std": 0.7798131941243244
    },
    "3": {
      "count": 429,
      "mean": 1.5600554163285416,
      "std": 0.4050882891511542
    },
    "4": {
      "count": 1394,
      "mean": 2.1210526771873384,
      "std": 0.6589966306148297
    },
    "5": {
      "count": 2193,
      "mean": 2.6987619592973213,
      "std": 0.7285021031188107
    },
    "6": {
      "count": 371,
      "mean": 1.9814892265563198,
      "std": 0.4563181673693519
    },
    "7": {
      "count": 924,
      "mean": 1.9284522511036215,
      "std": 0.6003279098730199
    },
    "8": {
      "count": 775,
      "mean": 2.1088176755624874,
      "std": 0.6771936322591088
    },
    "9": {
      "count": 118,
      "mean": 1.98697567810688,
      "std": 0.380630525645792
    },
    "10": {
      "count": 1444,
      "mean": 1.486316929347025,
      "std": 0.426622354794424
    },
    "11": {
      "count": 2033,
      "mean": 3.074200940240666,
      "std": 0.9013858769042076
    },
    "12": {
      "count": 420,
      "mean": 1.7255500333957554,
      "std": 0.4293569004076171
    },
    "13": {
      "count": 4136,
      "mean": 2.826268225159454,
      "std": 0.7714515126265479
    },
    "14": {
      "count": 876,
      "mean": 2.3036773012949774,
      "std": 0.6830772684651418
    }
  },
  "between_class_variance": 0.20052167147251262,
  "within_class_variance": 0.6082623672510739,
  "fisher_score": 0.32966312280460847
}