{
  "dataset": "amazon-computers",
  "baseline": {
    "a_raw_std": {
      "mean": 0.8338786164919535,
      "std": 0.006809165201157711
    },
    "b_restricted_std": {
      "mean": 0.8146936827235752,
      "std": 0.0028849498063663334
    },
    "c_restricted_rownorm": {
      "mean": 0.8104124135441251,
      "std": 0.0030110985367502235
    }
  },
  "standard_diffusion": {
    "2": {
      "a_raw_std": {
        "mean": 0.9140514930089315,
        "std": 0.0017287395859498663
      },
      "b_restricted_std": {
        "mean": 0.8606567647722031,
        "std": 0.007382973257841512
      },
      "c_restricted_rownorm": {
        "mean": 0.8492669529385037,
        "std": 0.007421977037153966
      }
    },
    "4": {
      "a_raw_std": {
        "mean": 0.9055697321891785,
        "std": 0.0037987506563745468
      },
      "b_restricted_std": {
        "mean": 0.8690981467564901,
        "std": 0.006887303551272003
      },
      "c_restricted_rownorm": {
        "mean": 0.8505594266785516,
        "std": 0.005861604240245408
      }
    },
    "8": {
      "a_raw_std": {
        "mean": 0.8760450945960151,
        "std": 0.0024010443520318956
      },
      "b_restricted_std": {
        "mean": 0.8751565416653951,
        "std": 0.005198793825193508
      },
      "c_restricted_rownorm": {
        "mean": 0.8577487336264716,
        "std": 0.005639205773184454
      }
    },
    "16": {
      "a_raw_std": {
        "mean": 0.7542712158626981,
        "std": 0.010527447704817653
      },
      "b_restricted_std": {
        "mean": 0.8785088525878058,
        "std": 0.005429931433969764
      },
      "c_restricted_rownorm": {
        "mean": 0.8596874078114828,
        "std": 0.004731250547658304
      }
    }
  },
  "cmg_diffusion": {
    "2": {
      "a_raw_std": {
        "mean": 0.8527000480228,
        "std": 0.0038651590807010526
      },
      "b_restricted_std": {
        "mean": 0.7984571523136563,
        "std": 0.010863007030216854
      },
      "c_restricted_rownorm": {
        "mean": 0.7854517896970113,
        "std": 0.00356205428892141
      }
    },
    "4": {
      "a_raw_std": {
        "mean": 0.8960378434922961,
        "std": 0.004508801475037072
      },
      "b_restricted_std": {
        "mean": 0.845228029621972,
        "std": 0.008888777091440632
      },
      "c_restricted_rownorm": {
        "mean": 0.8401389718055725,
        "std": 0.007770729504701695
      }
    },
    "8": {
      "a_raw_std": {
        "mean": 0.8033038708898755,
        "std": 0.017888705320291805
      },
      "b_restricted_std": {
        "mean": 0.8749142156706915,
        "std": 0.006424067791599694
      },
      "c_restricted_rownorm": {
        "mean": 0.8566582202911377,
        "std": 0.0038710700449131807
      }
    },
    "16": {
      "a_raw_std": {
        "mean": 0.44476757778061754,
        "std": 0.017964594115925013
      },
      "b_restricted_std": {
        "mean": 0.877256797419654,
        "std": 0.00794429709506198
      },
      "c_restricted_rownorm": {
        "mean": 0.8599297669198779,
        "std": 0.0059170073490787236
      }
    }
  }
}