{
  "dataset": "pubmed",
  "split_type": "fixed",
  "component_type": "lcc",
  "num_components": 1,
  "k_diffusion": 4,
  "num_splits": 1,
  "num_seeds": 5,
  "total_runs": 5,
  "precompute_time": 0.18085789680480957,
  "metadata": {
    "d_full": 499,
    "ortho_error": 2.5555901839169337e-10
  },
  "results": {
    "sgc_baseline": {
      "val_acc_mean": 0.7820000410079956,
      "val_acc_std": 0.00219088378780361,
      "test_acc_mean": 0.7610000371932983,
      "test_acc_std": 0.0016732985097363217,
      "train_time_mean": 0.14468188285827638,
      "train_time_std": 0.0017266305985587423
    },
    "sgc_mlp_baseline": {
      "val_acc_mean": 0.7704000234603882,
      "val_acc_std": 0.012547517660186776,
      "test_acc_mean": 0.73580002784729,
      "test_acc_std": 0.009785711142039417,
      "train_time_mean": 0.2253812789916992,
      "train_time_std": 0.026727088968930533
    },
    "full_rownorm_mlp": {
      "val_acc_mean": 0.5228000283241272,
      "val_acc_std": 0.007547167346451376,
      "test_acc_mean": 0.4866000235080719,
      "test_acc_std": 0.013230269639461062,
      "train_time_mean": 0.2603888034820557,
      "train_time_std": 0.06739493071004156
    },
    "jl_binary_nc": {
      "val_acc_mean": 0.3720000147819519,
      "val_acc_std": 0.002828424427360446,
      "test_acc_mean": 0.3630000174045563,
      "test_acc_std": 0.0012649089153272406,
      "train_time_mean": 0.28390111923217776,
      "train_time_std": 0.0023147539443730703
    },
    "jl_binary_2nc": {
      "val_acc_mean": 0.3704000174999237,
      "val_acc_std": 0.0055713550472719685,
      "test_acc_mean": 0.34180002212524413,
      "test_acc_std": 0.013644042954422128,
      "train_time_mean": 0.30410404205322267,
      "train_time_std": 0.02769431627767616
    },
    "jl_binary_4nc": {
      "val_acc_mean": 0.3956000149250031,
      "val_acc_std": 0.013763718525979567,
      "test_acc_mean": 0.36800002455711367,
      "test_acc_std": 0.013145339907392552,
      "train_time_mean": 0.22564802169799805,
      "train_time_std": 0.018700568135517175
    },
    "jl_ortho_nc": {
      "val_acc_mean": 0.3436000168323517,
      "val_acc_std": 0.0034409273796092966,
      "test_acc_mean": 0.33040000796318053,
      "test_acc_std": 0.0053141365905312685,
      "train_time_mean": 0.2331070899963379,
      "train_time_std": 0.01956047883222652
    },
    "jl_ortho_2nc": {
      "val_acc_mean": 0.40920001864433286,
      "val_acc_std": 0.009173873233471802,
      "test_acc_mean": 0.36860001683235166,
      "test_acc_std": 0.006770523987110246,
      "train_time_mean": 0.19466824531555177,
      "train_time_std": 0.005109793146670091
    },
    "jl_ortho_4nc": {
      "val_acc_mean": 0.41920002102851867,
      "val_acc_std": 0.005153641607654301,
      "test_acc_mean": 0.41080001592636106,
      "test_acc_std": 0.01014692459587947,
      "train_time_mean": 0.2795416831970215,
      "train_time_std": 0.001974432334298687
    }
  },
  "improvements": {
    "full_rownorm_mlp": {
      "vs_sgc": -27.440001368522644,
      "vs_sgc_mlp": -24.920000433921814
    },
    "jl_binary_nc": {
      "vs_sgc": -39.80000197887421,
      "vs_sgc_mlp": -37.28000104427338
    },
    "jl_binary_2nc": {
      "vs_sgc": -41.92000150680542,
      "vs_sgc_mlp": -39.40000057220459
    },
    "jl_binary_4nc": {
      "vs_sgc": -39.30000126361847,
      "vs_sgc_mlp": -36.78000032901764
    },
    "jl_ortho_nc": {
      "vs_sgc": -43.06000292301178,
      "vs_sgc_mlp": -40.54000198841095
    },
    "jl_ortho_2nc": {
      "vs_sgc": -39.240002036094666,
      "vs_sgc_mlp": -36.720001101493835
    },
    "jl_ortho_4nc": {
      "vs_sgc": -35.020002126693726,
      "vs_sgc_mlp": -32.500001192092896
    }
  },
  "parameter_counts": {
    "sgc_baseline": 1500,
    "sgc_mlp_baseline": 194304,
    "full_rownorm_mlp": 194048,
    "jl_binary_nc": 67072,
    "jl_ortho_nc": 67072,
    "jl_binary_2nc": 67840,
    "jl_ortho_2nc": 67840,
    "jl_binary_4nc": 69376,
    "jl_ortho_4nc": 69376
  }
}