{
  "dataset": "coauthor-physics",
  "k": 30,
  "split_type": "fixed",
  "component_type": "lcc",
  "num_seeds": 15,
  "num_splits": 1,
  "total_runs_per_method": 15,
  "metadata": {
    "d_effective": 7607,
    "ortho_error": 5.859184581957777e-09,
    "num_components": 0,
    "num_nodes": 34493,
    "num_features": 8415,
    "num_classes": 5
  },
  "experiments": {
    "sgc_mlp_baseline": {
      "test_acc_mean": 0.9453622857729594,
      "test_acc_std": 0.0011436141212007604,
      "val_acc_mean": 0.952904216448466,
      "val_acc_std": 0.0008181374108671283,
      "per_run_test_acc": [
        0.9456521272659302,
        0.9452173709869385,
        0.9457970857620239,
        0.9455072283744812,
        0.9440579414367676,
        0.9463767409324646,
        0.9457970857620239,
        0.9440579414367676,
        0.9440579414367676,
        0.9455072283744812,
        0.9482608437538147,
        0.9452173709869385,
        0.9433332681655884,
        0.9459419846534729,
        0.9456521272659302
      ],
      "n_runs": 15,
      "train_acc_mean": 0.9654860099156698,
      "train_acc_std": 0.002133900936906432,
      "num_params": 2221573,
      "param_to_train_ratio": 107.34829669002174
    },
    "restricted_standard_mlp": {
      "test_acc_mean": 0.872357451915741,
      "test_acc_std": 0.012208199116566218,
      "val_acc_mean": 0.8705035249392191,
      "val_acc_std": 0.010603281465121144,
      "per_run_test_acc": [
        0.8820289373397827,
        0.8684057593345642,
        0.8759419918060303,
        0.8788405656814575,
        0.8586956262588501,
        0.8779709935188293,
        0.892463743686676,
        0.8589854836463928,
        0.8510144352912903,
        0.8521738648414612,
        0.8792753219604492,
        0.874057948589325,
        0.8856521248817444,
        0.8840579390525818,
        0.8657970428466797
      ],
      "n_runs": 15,
      "train_acc_mean": 0.9975098490715026,
      "train_acc_std": 0.0012753906884139022,
      "num_params": 2014725,
      "param_to_train_ratio": 97.35322541676733
    },
    "restricted_rownorm_mlp": {
      "test_acc_mean": 0.9231883645057678,
      "test_acc_std": 0.0026838301472999287,
      "val_acc_mean": 0.9251570502916971,
      "val_acc_std": 0.0017009231211721116,
      "per_run_test_acc": [
        0.9237681031227112,
        0.9231883883476257,
        0.9240579009056091,
        0.9249274730682373,
        0.9181159138679504,
        0.9259420037269592,
        0.9186956286430359,
        0.9233332872390747,
        0.9213042855262756,
        0.919710099697113,
        0.9240579009056091,
        0.9231883883476257,
        0.9279709458351135,
        0.923043429851532,
        0.9265217185020447
      ],
      "n_runs": 15,
      "train_acc_mean": 0.9927550832430522,
      "train_acc_std": 0.0020938322285647924,
      "num_params": 2014208,
      "param_to_train_ratio": 97.32824353708625
    }
  },
  "framework_analysis": {
    "sgc_mlp_acc_pct": 94.53622857729594,
    "restricted_std_acc_pct": 87.2357451915741,
    "restricted_rownorm_acc_pct": 92.31883645057678,
    "part_a_pp": 7.300483385721847,
    "part_b_pp": 5.0830912590026855,
    "remaining_gap_pp": 2.2173921267191616
  }
}