{
  "metadata": {
    "dataset": "citeseer",
    "split_type": "random",
    "component_type": "lcc",
    "k_diffusion": 10,
    "num_nodes": 2120,
    "num_features": 3703,
    "num_classes": 6,
    "num_random_splits": 5,
    "num_seeds": 5,
    "epochs": 200,
    "whitening_eps": 1e-06,
    "wadia_regime": "n <= d (collapse expected)",
    "timestamp": "2026-01-01T21:41:54.172720"
  },
  "final_results": {
    "original_Linear": {
      "val_acc_mean": 0.7798113417625427,
      "val_acc_std": 0.018279522101559732,
      "test_acc_mean": 0.7609434175491333,
      "test_acc_std": 0.02508333670423006,
      "train_time_mean": 0.06701419830322265
    },
    "original_Linear+RowNorm": {
      "val_acc_mean": 0.7817924571037292,
      "val_acc_std": 0.015759512866651258,
      "test_acc_mean": 0.7620754766464234,
      "test_acc_std": 0.016028303716170304,
      "train_time_mean": 0.06145014762878418
    },
    "original_MLP": {
      "val_acc_mean": 0.7508490681648254,
      "val_acc_std": 0.021135857574124922,
      "test_acc_mean": 0.7386792588233948,
      "test_acc_std": 0.024645947753281657,
      "train_time_mean": 0.1022200870513916
    },
    "original_MLP+RowNorm": {
      "val_acc_mean": 0.7757547283172608,
      "val_acc_std": 0.01814561120053346,
      "test_acc_mean": 0.7562264323234558,
      "test_acc_std": 0.019719918697428583,
      "train_time_mean": 0.13810478210449217
    },
    "full_zca_whiten_Linear": {
      "val_acc_mean": 0.5472641658782958,
      "val_acc_std": 0.029081098064396453,
      "test_acc_mean": 0.5604717111587525,
      "test_acc_std": 0.015413496848645541,
      "train_time_mean": 0.057381601333618165
    },
    "full_zca_whiten_Linear+RowNorm": {
      "val_acc_mean": 0.5548113322257996,
      "val_acc_std": 0.03414703199597163,
      "test_acc_mean": 0.5686792540550232,
      "test_acc_std": 0.00927507245366075,
      "train_time_mean": 0.061979818344116214
    },
    "full_zca_whiten_MLP": {
      "val_acc_mean": 0.6498113226890564,
      "val_acc_std": 0.0338843431323113,
      "test_acc_mean": 0.6464151048660278,
      "test_acc_std": 0.021962291672945278,
      "train_time_mean": 0.10185636520385742
    },
    "full_zca_whiten_MLP+RowNorm": {
      "val_acc_mean": 0.6499056720733642,
      "val_acc_std": 0.027105863741565546,
      "test_acc_mean": 0.6428301954269409,
      "test_acc_std": 0.017738355949864136,
      "train_time_mean": 0.1304648494720459
    },
    "rayleigh_ritz_Linear": {
      "val_acc_mean": 0.25924529016017916,
      "val_acc_std": 0.023772087607014658,
      "test_acc_mean": 0.2416037768125534,
      "test_acc_std": 0.00841369931952865,
      "train_time_mean": 0.05666305541992187
    },
    "rayleigh_ritz_Linear+RowNorm": {
      "val_acc_mean": 0.07179245427250862,
      "val_acc_std": 0.010778689114315078,
      "test_acc_mean": 0.06396226584911346,
      "test_acc_std": 0.00955861112680455,
      "train_time_mean": 0.0612359619140625
    },
    "rayleigh_ritz_MLP": {
      "val_acc_mean": 0.41122642159461975,
      "val_acc_std": 0.046032902259830914,
      "test_acc_mean": 0.40150943756103513,
      "test_acc_std": 0.04498368218660714,
      "train_time_mean": 0.09467214584350586
    },
    "rayleigh_ritz_MLP+RowNorm": {
      "val_acc_mean": 0.5054717075824737,
      "val_acc_std": 0.037360876688975565,
      "test_acc_mean": 0.4936792504787445,
      "test_acc_std": 0.039502961626752334,
      "train_time_mean": 0.12658995628356934
    },
    "pca_whiten_Linear": {
      "val_acc_mean": 0.548490583896637,
      "val_acc_std": 0.024583389258753256,
      "test_acc_mean": 0.5780188727378845,
      "test_acc_std": 0.03510853996853507,
      "train_time_mean": 0.05302736282348633
    },
    "pca_whiten_Linear+RowNorm": {
      "val_acc_mean": 0.5220754826068879,
      "val_acc_std": 0.0250033913992852,
      "test_acc_mean": 0.529056613445282,
      "test_acc_std": 0.01629538284022697,
      "train_time_mean": 0.05819468498229981
    },
    "pca_whiten_MLP": {
      "val_acc_mean": 0.6627358508110046,
      "val_acc_std": 0.03045286228581362,
      "test_acc_mean": 0.6615094423294068,
      "test_acc_std": 0.013946962005589805,
      "train_time_mean": 0.09385505676269532
    },
    "pca_whiten_MLP+RowNorm": {
      "val_acc_mean": 0.6749056720733643,
      "val_acc_std": 0.025987792631768054,
      "test_acc_mean": 0.6767924642562866,
      "test_acc_std": 0.011601857016709748,
      "train_time_mean": 0.13164612770080567
    },
    "zca_whiten_Linear": {
      "val_acc_mean": 0.5822641634941101,
      "val_acc_std": 0.033582257732053276,
      "test_acc_mean": 0.5876415228843689,
      "test_acc_std": 0.02485880296181553,
      "train_time_mean": 0.05814450263977051
    },
    "zca_whiten_Linear+RowNorm": {
      "val_acc_mean": 0.6121698236465454,
      "val_acc_std": 0.02604251178810661,
      "test_acc_mean": 0.6333962345123291,
      "test_acc_std": 0.01394631094034601,
      "train_time_mean": 0.06340198516845703
    },
    "zca_whiten_MLP": {
      "val_acc_mean": 0.6510377407073975,
      "val_acc_std": 0.028657203185385966,
      "test_acc_mean": 0.6538679361343384,
      "test_acc_std": 0.013740592696991611,
      "train_time_mean": 0.09832374572753906
    },
    "zca_whiten_MLP+RowNorm": {
      "val_acc_mean": 0.6704717063903809,
      "val_acc_std": 0.03184238718575019,
      "test_acc_mean": 0.6687735939025878,
      "test_acc_std": 0.014120722026097503,
      "train_time_mean": 0.1366218852996826
    }
  },
  "whitening_analysis": {
    "full_zca_whiten": {
      "name": "full_zca_whiten",
      "dim_original": 3703,
      "dim_whitened": 3703,
      "dist_from_I_original": 1215.931865101373,
      "dist_from_I_whitened": 111.72161391180829,
      "condition_original": 30904435081216.0,
      "condition_whitened": 94445674496.0,
      "entropy_original": 3.9383604526519775,
      "entropy_whitened": 6.770085334777832,
      "max_entropy_original": 7.767263996757308,
      "max_entropy_whitened": 7.8009820712577405,
      "uniformity_original": 0.5070460401881759,
      "uniformity_whitened": 0.867850390237636,
      "whitening_indicators": 3
    },
    "rayleigh_ritz": {
      "name": "rayleigh_ritz",
      "dim_original": 3703,
      "dim_whitened": 2030,
      "dist_from_I_original": 1215.931865101373,
      "dist_from_I_whitened": 19.906183109774343,
      "condition_original": 30904435081216.0,
      "condition_whitened": 45.10990524291992,
      "entropy_original": 3.9383604526519775,
      "entropy_whitened": 7.51267671585083,
      "max_entropy_original": 7.767263996757308,
      "max_entropy_whitened": 7.615791072035833,
      "uniformity_original": 0.5070460401881759,
      "uniformity_whitened": 0.9864604536535114,
      "whitening_indicators": 3
    }
  },
  "gram_matrix_analysis": {
    "original": {
      "name": "original",
      "n_samples": 2120,
      "n_features": 3703,
      "wadia_regime": "n <= d (collapse expected)",
      "F_shape": "3703x3703",
      "F_n_nonzero_eig": 1912,
      "F_eig_mean": 0.001709087984636426,
      "F_eig_std": 0.010081500746309757,
      "F_dist_from_1_mean": 0.9982908964157104,
      "K_shape": "2120x2120",
      "K_n_nonzero_eig": 1912,
      "K_eig_min": 1.000170640752529e-10,
      "K_eig_max": 0.27621346712112427,
      "K_eig_mean": 0.001709087984636426,
      "K_eig_std": 0.010081500746309757,
      "K_dist_from_1_mean": 0.9982908964157104,
      "K_dist_from_1_max": 1.0,
      "K_condition_number": 2761663488.0,
      "K_is_approximately_identity": false,
      "K_eig_first_10": [
        0.27621346712112427,
        0.15566124022006989,
        0.13523423671722412,
        0.1237468495965004,
        0.09073234349489212,
        0.07835153490304947,
        0.06390919536352158,
        0.05946696177124977,
        0.05208756402134895,
        0.049773965030908585
      ],