{
  "fisher_score": 0.02934848985214178,
  "mean_fisher_score": 0.033499949049781486,
  "std_fisher_score": 0.0023177311621003943,
  "per_split": [
    {
      "split": 0,
      "fisher_score": 0.02934848985214178,
      "fisher_score_U": 0.02934848985214178,
      "between_class_variance": 0.01131520467415508,
      "within_class_variance": 0.3855464022565142,
      "per_feature_U_stats": {
        "mean": 0.001078819686062279,
        "std": 0.0020673313839774444,
        "max": 0.03685150398683456,
        "top5": [
          0.03685150398683456,
          0.020074258236294308,
          0.01974642113346208,
          0.019253835885077213,
          0.015878933356032746
        ]
      },
      "note": "Computed on training set only to prevent data leakage",
      "fisher_score_X_diffused": 0.02865787216679997,
      "between_class_variance_X": 0.012534428340433544,
      "within_class_variance_X": 0.43738168233420444,
      "per_feature_X_stats": {
        "mean": 0.0022147457001489646,
        "std": 0.005898701377604421,
        "max": 0.09608060098024743,
        "top5": [
          0.09608060098024743,
          0.04846671769861711,
          0.034241996975028485,
          0.027450358108975965,
          0.027367040029109755
        ],
        "n_cols_sampled": 500
      }
    },
    {
      "split": 1,
      "fisher_score": 0.03645117504096565,
      "fisher_score_U": 0.03645117504096565,
      "between_class_variance": 0.013856213973598744,
      "within_class_variance": 0.3801307902427409,
      "per_feature_U_stats": {
        "mean": 0.001107628066701289,
        "std": 0.002217912165370792,
        "max": 0.04429207452093565,
        "top5": [
          0.04429207452093565,
          0.022901516143211738,
          0.01795767084869345,
          0.016499950751455713,
          0.01631711063809213
        ]
      },
      "note": "Computed on training set only to prevent data leakage",
      "fisher_score_X_diffused": 0.029700250333556662,
      "between_class_variance_X": 0.012662690347244106,
      "within_class_variance_X": 0.426349616755157,
      "per_feature_X_stats": {
        "mean": 0.0022006688696979103,
        "std": 0.006089409194302723,
        "max": 0.09966862904464877,
        "top5": [
          0.09966862904464877,
          0.05160881307844492,
          0.0345648163792585,
          0.027301007987455318,
          0.027039653399353224
        ],
        "n_cols_sampled": 500
      }
    },
    {
      "split": 2,
      "fisher_score": 0.03393456857336516,
      "fisher_score_U": 0.03393456857336516,
      "between_class_variance": 0.01312267596962291,
      "within_class_variance": 0.3867052542970221,
      "per_feature_U_stats": {
        "mean": 0.000970721630729402,
        "std": 0.0016693601384316736,
        "max": 0.03041379071512362,
        "top5": [
          0.03041379071512362,
          0.015337676377957077,
          0.014214202948608272,
          0.014074949122409692,
          0.01171286604833882
        ]
      },
      "note": "Computed on training set only to prevent data leakage",
      "fisher_score_X_diffused": 0.027084867715550368,
      "between_class_variance_X": 0.012018754476146249,
      "within_class_variance_X": 0.4437442561052592,
      "per_feature_X_stats": {
        "mean": 0.002078642296961492,
        "std": 0.005527135472593654,
        "max": 0.08861426064823946,
        "top5": [
          0.08861426064823946,
          0.04556682880891054,
          0.030422943297852296,
          0.029176625336587332,
          0.027355631379874762
        ],
        "n_cols_sampled": 500
      }
    },
    {
      "split": 3,
      "fisher_score": 0.03341742585126321,
      "fisher_score_U": 0.03341742585126321,
      "between_class_variance": 0.013433429818303836,
      "within_class_variance": 0.4019887671209133,
      "per_feature_U_stats": {
        "mean": 0.0011520179911835785,
        "std": 0.0022140806391385327,
        "max": 0.038654774660447595,
        "top5": [
          0.038654774660447595,
          0.02418795090254191,
          0.022200434342307108,
          0.01714599125891195,
          0.016055021580902502
        ]
      },
      "note": "Computed on training set only to prevent data leakage",
      "fisher_score_X_diffused": 0.02822351541997116,
      "between_class_variance_X": 0.012727703525275658,
      "within_class_variance_X": 0.45096095705602446,
      "per_feature_X_stats": {
        "mean": 0.002337607059791262,
        "std": 0.006545275547330854,
        "max": 0.10995845438440705,
        "top5": [
          0.10995845438440705,
          0.053981939462362814,
          0.03445094280708568,
          0.031130242471713025,
          0.02750629289968632
        ],
        "n_cols_sampled": 500
      }
    },
    {
      "split": 4,
      "fisher_score": 0.03434808593117161,
      "fisher_score_U": 0.03434808593117161,
      "between_class_variance": 0.013526040263331872,
      "within_class_variance": 0.3937931298540483,
      "per_feature_U_stats": {
        "mean": 0.001096282366947029,
        "std": 0.002184119250116561,
        "max": 0.04202018954195735,
        "top5": [
          0.04202018954195735,
          0.022227874337307017,
          0.021549343918181765,
          0.018913734588069317,
          0.016706490091624875
        ]
      },
      "note": "Computed on training set only to prevent data leakage",
      "fisher_score_X_diffused": 0.02590123244221287,
      "between_class_variance_X": 0.011373295996897204,
      "within_class_variance_X": 0.43910250302844384,
      "per_feature_X_stats": {
        "mean": 0.0021537253469469343,
        "std": 0.0057620433715385635,
        "max": 0.09256592123384398,
        "top5": [
          0.09256592123384398,
          0.048503889560390805,
          0.031748742334838306,
          0.028584995339092867,
          0.02629643171413989
        ],
        "n_cols_sampled": 500
      }
    }
  ],
  "note": "Fisher score computed on training set only (no leakage)"
}