{
  "fisher_score": 0.0024206289039522084,
  "mean_fisher_score": 0.00249269465736513,
  "std_fisher_score": 0.00019443583792599456,
  "per_split": [
    {
      "split": 0,
      "fisher_score": 0.0024206289039522084,
      "fisher_score_U": 0.0024206289039522084,
      "between_class_variance": 0.0002918016894558868,
      "within_class_variance": 0.12054788281650956,
      "per_feature_U_stats": {
        "mean": 0.0003860367550265453,
        "std": 0.00039413239369485417,
        "max": 0.0037575854482846554,
        "top5": [
          0.0037575854482846554,
          0.002651486187255491,
          0.002487226508193472,
          0.002441747337140558,
          0.0024012798859154552
        ]
      },
      "note": "Computed on training set only to prevent data leakage",
      "fisher_score_X_diffused": 0.02865787216679997,
      "between_class_variance_X": 0.012534428340433544,
      "within_class_variance_X": 0.43738168233420444,
      "per_feature_X_stats": {
        "mean": 0.0022147457001489646,
        "std": 0.005898701377604421,
        "max": 0.09608060098024743,
        "top5": [
          0.09608060098024743,
          0.04846671769861711,
          0.034241996975028485,
          0.027450358108975965,
          0.027367040029109755
        ],
        "n_cols_sampled": 500
      }
    },
    {
      "split": 1,
      "fisher_score": 0.0024062487574878716,
      "fisher_score_U": 0.0024062487574878716,
      "between_class_variance": 0.00029052701503757406,
      "within_class_variance": 0.12073856210148647,
      "per_feature_U_stats": {
        "mean": 0.0003978783849899642,
        "std": 0.0004355569619782106,
        "max": 0.004516267634118094,
        "top5": [
          0.004516267634118094,
          0.0036484874687392915,
          0.0029584368725853578,
          0.0028771811707686418,
          0.0027497842717685607
        ]
      },
      "note": "Computed on training set only to prevent data leakage",
      "fisher_score_X_diffused": 0.029700250333556662,
      "between_class_variance_X": 0.012662690347244106,
      "within_class_variance_X": 0.426349616755157,
      "per_feature_X_stats": {
        "mean": 0.0022006688696979103,
        "std": 0.006089409194302723,
        "max": 0.09966862904464877,
        "top5": [
          0.09966862904464877,
          0.05160881307844492,
          0.0345648163792585,
          0.027301007987455318,
          0.027039653399353224
        ],
        "n_cols_sampled": 500
      }
    },
    {
      "split": 2,
      "fisher_score": 0.002291183752649612,
      "fisher_score_U": 0.002291183752649612,
      "between_class_variance": 0.00027949244351508224,
      "within_class_variance": 0.12198604463385643,
      "per_feature_U_stats": {
        "mean": 0.0003550979941300361,
        "std": 0.0003380434471386619,
        "max": 0.003101160198103527,
        "top5": [
          0.003101160198103527,
          0.002645208600896558,
          0.0019424578031444597,
          0.001906911376977738,
          0.0018535930691851484
        ]
      },
      "note": "Computed on training set only to prevent data leakage",
      "fisher_score_X_diffused": 0.027084867715550368,
      "between_class_variance_X": 0.012018754476146249,
      "within_class_variance_X": 0.4437442561052592,
      "per_feature_X_stats": {
        "mean": 0.002078642296961492,
        "std": 0.005527135472593654,
        "max": 0.08861426064823946,
        "top5": [
          0.08861426064823946,
          0.04556682880891054,
          0.030422943297852296,
          0.029176625336587332,
          0.027355631379874762
        ],
        "n_cols_sampled": 500
      }
    },
    {
      "split": 3,
      "fisher_score": 0.0024843640357276706,
      "fisher_score_U": 0.0024843640357276706,
      "between_class_variance": 0.00030078735212593855,
      "within_class_variance": 0.12107217291842574,
      "per_feature_U_stats": {
        "mean": 0.00041077491089907414,
        "std": 0.00042603607193384926,
        "max": 0.003941457013071567,
        "top5": [
          0.003941457013071567,
          0.0031246195837343325,
          0.0027796226629733874,
          0.0027704786455806157,
          0.0026779898687164403
        ]
      },
      "note": "Computed on training set only to prevent data leakage",
      "fisher_score_X_diffused": 0.02822351541997116,
      "between_class_variance_X": 0.012727703525275658,
      "within_class_variance_X": 0.45096095705602446,
      "per_feature_X_stats": {
        "mean": 0.002337607059791262,
        "std": 0.006545275547330854,
        "max": 0.10995845438440705,
        "top5": [
          0.10995845438440705,
          0.053981939462362814,
          0.03445094280708568,
          0.031130242471713025,
          0.02750629289968632
        ],
        "n_cols_sampled": 500
      }
    },
    {
      "split": 4,
      "fisher_score": 0.002861047837008287,
      "fisher_score_U": 0.002861047837008287,
      "between_class_variance": 0.0003434569495704844,
      "within_class_variance": 0.12004586051578471,
      "per_feature_U_stats": {
        "mean": 0.00039072161449676745,
        "std": 0.00040816626287341553,
        "max": 0.0042846135390603455,
        "top5": [
          0.0042846135390603455,
          0.0027842877565026286,
          0.002783762141526932,
          0.0026596494385055184,
          0.002479739852564507
        ]
      },
      "note": "Computed on training set only to prevent data leakage",
      "fisher_score_X_diffused": 0.02590123244221287,
      "between_class_variance_X": 0.011373295996897204,
      "within_class_variance_X": 0.43910250302844384,
      "per_feature_X_stats": {
        "mean": 0.0021537253469469343,
        "std": 0.0057620433715385635,
        "max": 0.09256592123384398,
        "top5": [
          0.09256592123384398,
          0.048503889560390805,
          0.031748742334838306,
          0.028584995339092867,
          0.02629643171413989
        ],
        "n_cols_sampled": 500
      }
    }
  ],
  "note": "Fisher score computed on training set only (no leakage)"
}