{
  "dataset": "citeseer",
  "k": 30,
  "split_type": "fixed",
  "component_type": "lcc",
  "num_seeds": 15,
  "num_splits": 1,
  "total_runs_per_method": 15,
  "metadata": {
    "d_effective": 900,
    "ortho_error": 1.8277324098647796e-10,
    "num_components": 0,
    "num_nodes": 2120,
    "num_features": 3703,
    "num_classes": 6
  },
  "experiments": {
    "sgc_mlp_baseline": {
      "test_acc_mean": 0.6952237486839294,
      "test_acc_std": 0.017498539629439258,
      "val_acc_mean": 0.7142276167869568,
      "val_acc_std": 0.015683352298346533,
      "per_run_test_acc": [
        0.7254902124404907,
        0.6772247552871704,
        0.6907994151115417,
        0.6772247552871704,
        0.7104072570800781,
        0.7254902124404907,
        0.7028657793998718,
        0.6968325972557068,
        0.6696832776069641,
        0.7013574838638306,
        0.6802413463592529,
        0.7043740749359131,
        0.6726998686790466,
        0.7088989615440369,
        0.6847662329673767
      ],
      "n_runs": 15,
      "train_acc_mean": 0.7558333476384481,
      "train_acc_std": 0.07730709664800264,
      "num_params": 1015558,
      "param_to_train_ratio": 12694.475
    },
    "restricted_standard_mlp": {
      "test_acc_mean": 0.36380091309547424,
      "test_acc_std": 0.00710021212336438,
      "val_acc_mean": 0.4178861657778422,
      "val_acc_std": 0.009411251523854539,
      "per_run_test_acc": [
        0.3559577763080597,
        0.3589743673801422,
        0.35444948077201843,
        0.3514328896999359,
        0.36953243613243103,
        0.363499253988266,
        0.3740573227405548,
        0.36048266291618347,
        0.363499253988266,
        0.36953243613243103,
        0.36199095845222473,
        0.37556561827659607,
        0.3589743673801422,
        0.37254902720451355,
        0.3665158450603485
      ],
      "n_runs": 15,
      "train_acc_mean": 1.0,
      "train_acc_std": 0.0,
      "num_params": 297990,
      "param_to_train_ratio": 3724.875
    },
    "restricted_rownorm_mlp": {
      "test_acc_mean": 0.3114127814769745,
      "test_acc_std": 0.011217861790243594,
      "val_acc_mean": 0.34674795269966124,
      "val_acc_std": 0.015201841780535857,
      "per_run_test_acc": [
        0.30467572808265686,
        0.3257918655872345,
        0.31975868344306946,
        0.3031674325466156,
        0.3001508414745331,
        0.3031674325466156,
        0.3137255012989044,
        0.3152337968349457,
        0.3303167521953583,
        0.3182503879070282,
        0.3031674325466156,
        0.29713425040245056,
        0.3303167521953583,
        0.2956259548664093,
        0.3107089102268219
      ],
      "n_runs": 15,
      "train_acc_mean": 0.9983333349227905,
      "train_acc_std": 0.004249178875657364,
      "num_params": 297472,
      "param_to_train_ratio": 3718.4
    }
  },
  "framework_analysis": {
    "sgc_mlp_acc_pct": 69.52237486839294,
    "restricted_std_acc_pct": 36.380091309547424,
    "restricted_rownorm_acc_pct": 31.14127814769745,
    "part_a_pp": 33.14228355884552,
    "part_b_pp": -5.238813161849976,
    "remaining_gap_pp": 38.381096720695496
  }
}