{
  "dataset": "amazon-computers",
  "split_type": "random",
  "component_type": "lcc",
  "num_components": 1,
  "k_diffusion": 10,
  "num_splits": 5,
  "num_seeds": 5,
  "total_runs": 25,
  "precompute_time": 2.752556800842285,
  "metadata": {
    "k_full": 766,
    "k_nclasses": 10,
    "k_2nclasses": 20
  },
  "results": {
    "sgc_baseline": {
      "test_acc_mean": 0.7632574033737183,
      "test_acc_std": 0.02023683147968874,
      "test_acc_min": 0.6925663352012634,
      "test_acc_max": 0.7825924754142761
    },
    "full_logistic": {
      "test_acc_mean": 0.8572133207321166,
      "test_acc_std": 0.00817954096957807,
      "test_acc_min": 0.8502054810523987,
      "test_acc_max": 0.8741128444671631
    },
    "full_mlp": {
      "test_acc_mean": 0.892670922279358,
      "test_acc_std": 0.005587547287475658,
      "test_acc_min": 0.8815838694572449,
      "test_acc_max": 0.9032499194145203
    },
    "nclasses_logistic": {
      "test_acc_mean": 0.33449384808540344,
      "test_acc_std": 0.012610408008794736,
      "test_acc_min": 0.30369818210601807,
      "test_acc_max": 0.3574897348880768
    },
    "nclasses_mlp": {
      "test_acc_mean": 0.6058722662925721,
      "test_acc_std": 0.007357310437833287,
      "test_acc_min": 0.5902129411697388,
      "test_acc_max": 0.6186029314994812
    },
    "2nclasses_logistic": {
      "test_acc_mean": 0.34059022307395936,
      "test_acc_std": 0.00900891015860799,
      "test_acc_min": 0.3238700032234192,
      "test_acc_max": 0.3571161925792694
    },
    "2nclasses_mlp": {
      "test_acc_mean": 0.749361252784729,
      "test_acc_std": 0.006902923213519771,
      "test_acc_min": 0.7358984351158142,
      "test_acc_max": 0.7657825946807861
    }
  },
  "improvements": {
    "full_logistic": 9.395591735839837,
    "full_mlp": 12.941351890563968,
    "nclasses_logistic": -42.87635552883148,
    "nclasses_mlp": -15.73851370811462,
    "2nclasses_logistic": -42.26671802997589,
    "2nclasses_mlp": -1.3896150588989298
  }
}