{
  "dataset": "pubmed",
  "k": 2,
  "split_type": "random",
  "component_type": "lcc",
  "num_seeds": 15,
  "num_splits": 5,
  "total_runs_per_method": 75,
  "metadata": {
    "d_effective": 500,
    "ortho_error": 1.2347300959447693e-10,
    "num_components": 0,
    "num_nodes": 19717,
    "num_features": 500,
    "num_classes": 3
  },
  "experiments": {
    "sgc_mlp_baseline": {
      "test_acc_mean": 0.8741142463684082,
      "test_acc_std": 0.0045430750684674,
      "val_acc_mean": 0.8796787929534912,
      "val_acc_std": 0.005579380165978919,
      "per_run_test_acc": [
        0.8679006099700928,
        0.8613082766532898,
        0.8704360723495483,
        0.8711967468261719,
        0.8737322092056274,
        0.8668863773345947,
        0.8666328191757202,
        0.8704360723495483,
        0.8737322092056274,
        0.8633366823196411,
        0.8668863773345947,
        0.8719573616981506,
        0.8681541085243225,
        0.877281904220581,
        0.8734787106513977,
        0.8798174262046814,
        0.8742393255233765,
        0.8760141730308533,
        0.8785496950149536,
        0.8815922737121582,
        0.8805781006813049,
        0.8798174262046814,
        0.8803245425224304,
        0.8782961368560791,
        0.8777890205383301,
        0.8841277956962585,
        0.8770284056663513,
        0.8752535581588745,
        0.8780425786972046,
        0.883367121219635,
        0.8696754574775696,
        0.8724644780158997,
        0.8722109198570251,
        0.8732251524925232,
        0.8782961368560791,
        0.8719573616981506,
        0.8729715943336487,
        0.8755070567131042,
        0.8724644780158997,
        0.8729715943336487,
        0.8734787106513977,
        0.8732251524925232,
        0.874492883682251,
        0.8747464418411255,
        0.8729715943336487,
        0.8717038035392761,
        0.8742393255233765,
        0.8704360723495483,
        0.8679006099700928,
        0.8717038035392761,
        0.8795638680458069,
        0.8709431886672974,
        0.8699289560317993,
        0.8724644780158997,
        0.8755070567131042,
        0.8752535581588745,
        0.875,
        0.8635902404785156,
        0.8699289560317993,
        0.8724644780158997,
        0.8760141730308533,
        0.8798174262046814,
        0.8770284056663513,
        0.8775354623794556,
        0.8788032531738281,
        0.8785496950149536,
        0.8694218993186951,
        0.8790567517280579,
        0.8790567517280579,
        0.875,
        0.874492883682251,
        0.877281904220581,
        0.8742393255233765,
        0.8782961368560791,
        0.874492883682251
      ],
      "n_runs": 75,
      "train_acc_mean": 0.933403205871582,
      "train_acc_std": 0.02353610238812531,
      "num_params": 194819,
      "param_to_train_ratio": 16.46821639898563
    },
    "restricted_standard_mlp": {
      "test_acc_mean": 0.8642460894584656,
      "test_acc_std": 0.0054293747658215675,
      "val_acc_mean": 0.8688815975189209,
      "val_acc_std": 0.005881364238084534,
      "per_run_test_acc": [
        0.8610547184944153,
        0.8557301759719849,
        0.8564908504486084,
        0.8572515249252319,
        0.8590263724327087,
        0.8544624447822571,
        0.8585192561149597,
        0.8509127497673035,
        0.860547661781311,
        0.8567444086074829,
        0.8646044135093689,
        0.8572515249252319,
        0.8577585816383362,
        0.8552231192588806,
        0.8628295660018921,
        0.8714503049850464,
        0.8734787106513977,
        0.8714503049850464,
        0.868407666683197,
        0.8732251524925232,
        0.8671399354934692,
        0.8706896305084229,
        0.8714503049850464,
        0.8722109198570251,
        0.8734787106513977,
        0.8676470518112183,
        0.8722109198570251,
        0.8810851573944092,
        0.874492883682251,
        0.8681541085243225,
        0.8653650879859924,
        0.8592798709869385,
        0.8640973567962646,
        0.868407666683197,
        0.8602941036224365,
        0.8668863773345947,
        0.8679006099700928,
        0.868407666683197,
        0.8618153929710388,
        0.8628295660018921,
        0.8620689511299133,
        0.8625760674476624,
        0.8656186461448669,
        0.8615618348121643,
        0.8671399354934692,
        0.8620689511299133,
        0.860547661781311,
        0.8608012199401855,
        0.8602941036224365,
        0.859533429145813,
        0.8646044135093689,
        0.860547661781311,
        0.8648579716682434,
        0.8608012199401855,
        0.8625760674476624,
        0.8610547184944153,
        0.8651115298271179,
        0.8618153929710388,
        0.859533429145813,
        0.8592798709869385,
        0.8653650879859924,
        0.8635902404785156,
        0.8676470518112183,
        0.8694218993186951,
        0.8602941036224365,
        0.8666328191757202,
        0.868407666683197,
        0.868914783000946,
        0.8686612248420715,
        0.8633366823196411,
        0.8628295660018921,
        0.8648579716682434,
        0.8633366823196411,
        0.8651115298271179,
        0.8673934936523438
      ],
      "n_runs": 75,
      "train_acc_mean": 0.9984491435686748,
      "train_acc_std": 0.005154167037711245,
      "num_params": 194819,
      "param_to_train_ratio": 16.46821639898563
    },
    "restricted_rownorm_mlp": {
      "test_acc_mean": 0.8671805008252462,
      "test_acc_std": 0.005915778474374926,
      "val_acc_mean": 0.8710390059153239,
      "val_acc_std": 0.005335041198280567,
      "per_run_test_acc": [
        0.8666328191757202,
        0.8582656979560852,
        0.8618153929710388,
        0.8577585816383362,
        0.8615618348121643,
        0.8638437986373901,
        0.8610547184944153,
        0.8537018299102783,
        0.8569979667663574,
        0.8585192561149597,
        0.8648579716682434,
        0.8580121397972107,
        0.8615618348121643,
        0.8625760674476624,
        0.8638437986373901,
        0.8767748475074768,
        0.8755070567131042,
        0.8722109198570251,
        0.8709431886672974,
        0.8732251524925232,
        0.8729715943336487,
        0.8777890205383301,
        0.8724644780158997,
        0.8793103098869324,
        0.8706896305084229,
        0.8742393255233765,
        0.8785496950149536,
        0.8717038035392761,
        0.8755070567131042,
        0.8785496950149536,
        0.860040545463562,
        0.8706896305084229,
        0.8722109198570251,
        0.8709431886672974,
        0.8615618348121643,
        0.8755070567131042,
        0.8663792610168457,
        0.8719573616981506,
        0.8686612248420715,
        0.8658722043037415,
        0.8653650879859924,
        0.8613082766532898,
        0.8691683411598206,
        0.8686612248420715,
        0.8615618348121643,
        0.8620689511299133,
        0.8663792610168457,
        0.8648579716682434,
        0.8663792610168457,
        0.8673934936523438,
        0.8729715943336487,
        0.8590263724327087,
        0.860040545463562,
        0.8706896305084229,
        0.8615618348121643,
        0.8613082766532898,
        0.860040545463562,
        0.8724644780158997,
        0.8663792610168457,
        0.8671399354934692,
        0.8717038035392761,
        0.8727180361747742,
        0.8717038035392761,
        0.8653650879859924,
        0.8714503049850464,
        0.8646044135093689,
        0.8676470518112183,
        0.8668863773345947,
        0.8699289560317993,
        0.868407666683197,
        0.8613082766532898,
        0.8648579716682434,
        0.873985767364502,
        0.8643509149551392,
        0.8635902404785156
      ],
      "n_runs": 75,
      "train_acc_mean": 0.98334854443868,
      "train_acc_std": 0.011955286859480992,
      "num_params": 194304,
      "param_to_train_ratio": 16.424683009298395
    }
  },
  "framework_analysis": {
    "sgc_mlp_acc_pct": 87.41142463684082,