{
  "dataset": "pubmed",
  "k": 2,
  "split_type": "random",
  "component_type": "lcc",
  "num_seeds": 15,
  "num_splits": 5,
  "total_runs_per_method": 75,
  "metadata": {
    "d_effective": 500,
    "ortho_error": 1.6129142466070334e-10,
    "num_components": 0,
    "num_nodes": 19717,
    "num_features": 500,
    "num_classes": 3
  },
  "experiments": {
    "sgc_mlp_baseline": {
      "test_acc_mean": 0.8799729339281718,
      "test_acc_std": 0.0037538788733606993,
      "val_acc_mean": 0.8885485164324443,
      "val_acc_std": 0.005648146973958999,
      "per_run_test_acc": [
        0.8755070567131042,
        0.8831135630607605,
        0.8843812942504883,
        0.8765212893486023,
        0.8795638680458069,
        0.8762677311897278,
        0.8737322092056274,
        0.8836206793785095,
        0.8775354623794556,
        0.8800709843635559,
        0.8818458318710327,
        0.8803245425224304,
        0.8810851573944092,
        0.8823529481887817,
        0.8823529481887817,
        0.8813387155532837,
        0.8815922737121582,
        0.882860004901886,
        0.8884381055831909,
        0.8869168162345886,
        0.8856490850448608,
        0.8808315992355347,
        0.8853955268859863,
        0.8861561417579651,
        0.8793103098869324,
        0.882860004901886,
        0.8777890205383301,
        0.8831135630607605,
        0.8907200694084167,
        0.8864096999168396,
        0.8755070567131042,
        0.875,
        0.8752535581588745,
        0.8800709843635559,
        0.8752535581588745,
        0.8709431886672974,
        0.8767748475074768,
        0.8788032531738281,
        0.8780425786972046,
        0.874492883682251,
        0.875,
        0.8762677311897278,
        0.8755070567131042,
        0.8780425786972046,
        0.8782961368560791,
        0.8770284056663513,
        0.883367121219635,
        0.8826064467430115,
        0.8785496950149536,
        0.8798174262046814,
        0.8795638680458069,
        0.882860004901886,
        0.877281904220581,
        0.8826064467430115,
        0.8762677311897278,
        0.8788032531738281,
        0.8777890205383301,
        0.8780425786972046,
        0.8793103098869324,
        0.8810851573944092,
        0.8805781006813049,
        0.8793103098869324,
        0.8853955268859863,
        0.882860004901886,
        0.8861561417579651,
        0.8782961368560791,
        0.8831135630607605,
        0.8808315992355347,
        0.8760141730308533,
        0.8775354623794556,
        0.877281904220581,
        0.8782961368560791,
        0.8800709843635559,
        0.8762677311897278,
        0.8800709843635559
      ],
      "n_runs": 75,
      "train_acc_mean": 0.9641003052393595,
      "train_acc_std": 0.01931987047819057,
      "num_params": 194819,
      "param_to_train_ratio": 16.46821639898563
    },
    "restricted_standard_mlp": {
      "test_acc_mean": 0.8745571128527323,
      "test_acc_std": 0.005766251348919222,
      "val_acc_mean": 0.8793271080652872,
      "val_acc_std": 0.005024148763319624,
      "per_run_test_acc": [
        0.8676470518112183,
        0.8711967468261719,
        0.868914783000946,
        0.8719573616981506,
        0.8696754574775696,
        0.8686612248420715,
        0.8704360723495483,
        0.8681541085243225,
        0.8640973567962646,
        0.8701825141906738,
        0.8673934936523438,
        0.8666328191757202,
        0.8640973567962646,
        0.860547661781311,
        0.8704360723495483,
        0.8856490850448608,
        0.8808315992355347,
        0.8826064467430115,
        0.8810851573944092,
        0.8808315992355347,
        0.8810851573944092,
        0.8836206793785095,
        0.8815922737121582,
        0.883874237537384,
        0.8851419687271118,
        0.8823529481887817,
        0.8843812942504883,
        0.8853955268859863,
        0.8851419687271118,
        0.8841277956962585,
        0.8775354623794556,
        0.8755070567131042,
        0.875,
        0.8755070567131042,
        0.8780425786972046,
        0.8788032531738281,
        0.877281904220581,
        0.8785496950149536,
        0.8755070567131042,
        0.8706896305084229,
        0.8788032531738281,
        0.8800709843635559,
        0.8777890205383301,
        0.8737322092056274,
        0.8752535581588745,
        0.8727180361747742,
        0.8711967468261719,
        0.8734787106513977,
        0.8742393255233765,
        0.8686612248420715,
        0.8757606148719788,
        0.8706896305084229,
        0.8717038035392761,
        0.8706896305084229,
        0.8635902404785156,
        0.8742393255233765,
        0.868407666683197,
        0.8737322092056274,
        0.8709431886672974,
        0.8722109198570251,
        0.868914783000946,
        0.875,
        0.8719573616981506,
        0.8780425786972046,
        0.8681541085243225,
        0.875,
        0.8732251524925232,
        0.8767748475074768,
        0.8727180361747742,
        0.8770284056663513,
        0.8696754574775696,
        0.8722109198570251,
        0.8770284056663513,
        0.8747464418411255,
        0.8732251524925232
      ],
      "n_runs": 75,
      "train_acc_mean": 0.9986531416575114,
      "train_acc_std": 0.005080302658946335,
      "num_params": 194819,
      "param_to_train_ratio": 16.46821639898563
    },
    "restricted_rownorm_mlp": {
      "test_acc_mean": 0.876480712890625,
      "test_acc_std": 0.005096128119767746,
      "val_acc_mean": 0.8812579576174419,
      "val_acc_std": 0.005392064603594618,
      "per_run_test_acc": [
        0.8694218993186951,
        0.8732251524925232,
        0.873985767364502,
        0.8709431886672974,
        0.8681541085243225,
        0.8681541085243225,
        0.8757606148719788,
        0.868914783000946,
        0.8727180361747742,
        0.8704360723495483,
        0.8719573616981506,
        0.8709431886672974,
        0.8701825141906738,
        0.8717038035392761,
        0.8711967468261719,
        0.8820993900299072,
        0.8805781006813049,
        0.8823529481887817,
        0.8800709843635559,
        0.8782961368560791,
        0.8871703743934631,
        0.8810851573944092,
        0.8861561417579651,
        0.8805781006813049,
        0.8851419687271118,
        0.8876774907112122,
        0.8785496950149536,
        0.8851419687271118,
        0.8859026432037354,
        0.8793103098869324,
        0.8782961368560791,
        0.8782961368560791,
        0.8706896305084229,
        0.8767748475074768,
        0.8755070567131042,
        0.8727180361747742,
        0.8785496950149536,
        0.8785496950149536,
        0.8714503049850464,
        0.8671399354934692,
        0.8686612248420715,
        0.8724644780158997,
        0.8686612248420715,
        0.8724644780158997,
        0.8673934936523438,
        0.8846348524093628,
        0.8800709843635559,
        0.8795638680458069,
        0.8770284056663513,
        0.8800709843635559,
        0.8765212893486023,
        0.8805781006813049,
        0.8790567517280579,
        0.874492883682251,
        0.8755070567131042,
        0.8810851573944092,
        0.8747464418411255,
        0.8795638680458069,
        0.882860004901886,
        0.8820993900299072,
        0.8782961368560791,
        0.8752535581588745,
        0.8765212893486023,
        0.8752535581588745,
        0.8760141730308533,
        0.8696754574775696,
        0.877281904220581,
        0.8767748475074768,
        0.8782961368560791,
        0.8765212893486023,
        0.8765212893486023,
        0.8747464418411255,
        0.8732251524925232,
        0.8808315992355347,
        0.8775354623794556
      ],
      "n_runs": 75,
      "train_acc_mean": 0.9817683768272399,
      "train_acc_std": 0.011847147798075148,
      "num_params": 194304,
      "param_to_train_ratio": 16.424683009298395
    }
  },
  "framework_analysis": {
    "sgc_mlp_acc_pct": 87.99729339281718,
    "restricted_std_acc_pct": 87.45571128527322,