{
  "fisher_score": 0.02441171451396556,
  "std_fisher_score": 0.0018377171170802329,
  "per_split": [
    {
      "split": 0,
      "fisher_score": 0.022607179645022374,
      "fisher_score_U": 0.022607179645022374,
      "between_class_variance": 0.0003602923575889994,
      "within_class_variance": 0.01593707677146398,
      "per_feature_U_stats": {
        "mean": 0.039544663606783284,
        "std": 0.03603508026254389,
        "max": 0.2966305089853597,
        "top5": [
          0.2966305089853597,
          0.29659316016196724,
          0.28754674731626834,
          0.2662685145819966,
          0.25153878799892543
        ]
      },
      "note": "Computed on training set only to prevent data leakage",
      "fisher_score_X_diffused": 0.06333121966988439,
      "between_class_variance_X": 0.023821803153015565,
      "within_class_variance_X": 0.3761462873632834,
      "per_feature_X_stats": {
        "mean": 0.04706421591700439,
        "std": 0.05315108915178123,
        "max": 0.5899658582860718,
        "top5": [
          0.5899658582860718,
          0.38604025182255625,
          0.2882499595745992,
          0.2781699044575065,
          0.2721565022146286
        ],
        "n_cols_sampled": 500
      }
    },
    {
      "split": 1,
      "fisher_score": 0.02566998239996825,
      "fisher_score_U": 0.02566998239996825,
      "between_class_variance": 0.0004066130404585131,
      "within_class_variance": 0.015840020227634283,
      "per_feature_U_stats": {
        "mean": 0.03972143962366266,
        "std": 0.03659065284521702,
        "max": 0.30677450596010536,
        "top5": [
          0.30677450596010536,
          0.29011931590413986,
          0.286379432689903,
          0.2627417668035687,
          0.25514143665196576
        ]
      },
      "note": "Computed on training set only to prevent data leakage",
      "fisher_score_X_diffused": 0.06896396801566491,
      "between_class_variance_X": 0.02547154307711254,
      "within_class_variance_X": 0.36934567151540315,
      "per_feature_X_stats": {
        "mean": 0.046673415679092854,
        "std": 0.05406125984093237,
        "max": 0.6143291296227424,
        "top5": [
          0.6143291296227424,
          0.388449222605345,
          0.30073219106835475,
          0.2757994736256772,
          0.2576417410652854
        ],
        "n_cols_sampled": 500
      }
    },
    {
      "split": 2,
      "fisher_score": 0.02271375083310435,
      "fisher_score_U": 0.02271375083310435,
      "between_class_variance": 0.00036761147571972376,
      "within_class_variance": 0.016184534136209034,
      "per_feature_U_stats": {
        "mean": 0.03634559134510883,
        "std": 0.033185896693191066,
        "max": 0.27843084165909454,
        "top5": [
          0.27843084165909454,
          0.2705409100262739,
          0.2687927972846392,
          0.24902207086854744,
          0.24522671365638668
        ]
      },
      "note": "Computed on training set only to prevent data leakage",
      "fisher_score_X_diffused": 0.06165972086823716,
      "between_class_variance_X": 0.024268239991146804,
      "within_class_variance_X": 0.3935833579754029,
      "per_feature_X_stats": {
        "mean": 0.04487834589261378,
        "std": 0.052104526015254775,
        "max": 0.5832145878308167,
        "top5": [
          0.5832145878308167,
          0.35488444539278335,
          0.2984017713164428,
          0.28906912495131154,
          0.25566060382005723
        ],
        "n_cols_sampled": 500
      }
    },
    {
      "split": 3,
      "fisher_score": 0.023711047556593607,
      "fisher_score_U": 0.023711047556593607,
      "between_class_variance": 0.00037895030288185157,
      "within_class_variance": 0.015982014374412254,
      "per_feature_U_stats": {
        "mean": 0.042220781317775125,
        "std": 0.0390618506200817,
        "max": 0.34911024140242836,
        "top5": [
          0.34911024140242836,
          0.32654682840101684,
          0.3250030257001196,
          0.32419838033135356,
          0.29187402722571487
        ]
      },
      "note": "Computed on training set only to prevent data leakage",
      "fisher_score_X_diffused": 0.06331748514729472,
      "between_class_variance_X": 0.024294606973572077,
      "within_class_variance_X": 0.3836950712280473,
      "per_feature_X_stats": {
        "mean": 0.04921707084347211,
        "std": 0.05726344622249152,
        "max": 0.667364979488526,
        "top5": [
          0.667364979488526,
          0.4336433616610796,
          0.27482348213717955,
          0.2738519432216703,
          0.27077320762265517
        ],
        "n_cols_sampled": 500
      }
    },
    {
      "split": 4,
      "fisher_score": 0.027356612135139225,
      "fisher_score_U": 0.027356612135139225,
      "between_class_variance": 0.0004328637342750689,
      "within_class_variance": 0.0158230022100968,
      "per_feature_U_stats": {
        "mean": 0.03884030214507805,
        "std": 0.03533229907828827,
        "max": 0.27318910159246,
        "top5": [
          0.27318910159246,
          0.25607629978777996,
          0.25256289619775174,
          0.24688167027727217,
          0.24176782710362213
        ]
      },
      "note": "Computed on training set only to prevent data leakage",
      "fisher_score_X_diffused": 0.06196009118723513,
      "between_class_variance_X": 0.023917815334432425,
      "within_class_variance_X": 0.3860196922912198,
      "per_feature_X_stats": {
        "mean": 0.0468179756789968,
        "std": 0.05351186542922795,
        "max": 0.5853446647466282,
        "top5": [
          0.5853446647466282,
          0.4220535509926783,
          0.2779226378860472,
          0.27256590708672546,
          0.2698611323804441
        ],
        "n_cols_sampled": 500
      }
    }
  ],
  "note": "Fisher score computed on training set only (no leakage)"
}