{
  "fisher_score": 0.003872499608563742,
  "mean_fisher_score": 0.003837019614265383,
  "std_fisher_score": 0.00022749635594058098,
  "per_split": [
    {
      "split": 0,
      "fisher_score": 0.003872499608563742,
      "fisher_score_U": 0.003872499608563742,
      "between_class_variance": 0.00018352731355989382,
      "within_class_variance": 0.047392467943453614,
      "per_feature_U_stats": {
        "mean": 0.00016240629854925992,
        "std": 0.0006554616639514655,
        "max": 0.01401562492971581,
        "top5": [
          0.01401562492971581,
          0.007795946825547798,
          0.0040685599051388755,
          0.0034591204339403745,
          0.0027099011828390653
        ]
      },
      "note": "Computed on training set only to prevent data leakage",
      "fisher_score_X_diffused": 0.9959230380871193,
      "between_class_variance_X": 3.938275734751267,
      "within_class_variance_X": 3.9543976634133875,
      "per_feature_X_stats": {
        "mean": 0.05878548369109734,
        "std": 0.04623904233986098,
        "max": 0.2760305951710162,
        "top5": [
          0.2760305951710162,
          0.26136520837386307,
          0.2452763533517777,
          0.23852175304572623,
          0.2367282231002361
        ],
        "n_cols_sampled": 500
      }
    },
    {
      "split": 1,
      "fisher_score": 0.0036613772317616146,
      "fisher_score_U": 0.0036613772317616146,
      "between_class_variance": 0.00017063259604951111,
      "within_class_variance": 0.04660339136030894,
      "per_feature_U_stats": {
        "mean": 0.00016109346908187446,
        "std": 0.0006911593822901747,
        "max": 0.014885311436401174,
        "top5": [
          0.014885311436401174,
          0.007893789392113262,
          0.004267577414900979,
          0.003511866162598925,
          0.00332657110997078
        ]
      },
      "note": "Computed on training set only to prevent data leakage",
      "fisher_score_X_diffused": 0.9466148276341884,
      "between_class_variance_X": 4.040435976139424,
      "within_class_variance_X": 4.268299902123251,
      "per_feature_X_stats": {
        "mean": 0.05605843327809787,
        "std": 0.04234141146393827,
        "max": 0.2546153071705952,
        "top5": [
          0.2546153071705952,
          0.24676909207409278,
          0.2366405325398083,
          0.22813242759007063,
          0.22772595930037048
        ],
        "n_cols_sampled": 500
      }
    },
    {
      "split": 2,
      "fisher_score": 0.004264507618432727,
      "fisher_score_U": 0.004264507618432727,
      "between_class_variance": 0.0001988757560564542,
      "within_class_variance": 0.04663510394420263,
      "per_feature_U_stats": {
        "mean": 0.0001679688325749787,
        "std": 0.0006916950245817474,
        "max": 0.015250827406423181,
        "top5": [
          0.015250827406423181,
          0.007629259432588335,
          0.004166646433269176,
          0.003572411552018826,
          0.003105110023144548
        ]
      },
      "note": "Computed on training set only to prevent data leakage",
      "fisher_score_X_diffused": 0.9718572145481112,
      "between_class_variance_X": 3.959631962737949,
      "within_class_variance_X": 4.074293943044994,
      "per_feature_X_stats": {
        "mean": 0.056423329346891406,
        "std": 0.042848937490082145,
        "max": 0.2648543479679869,
        "top5": [
          0.2648543479679869,
          0.2408555285109951,
          0.23713506531295675,
          0.23405308395271004,
          0.22009507414959728
        ],
        "n_cols_sampled": 500
      }
    },
    {
      "split": 3,
      "fisher_score": 0.0036570257947152727,
      "fisher_score_U": 0.0036570257947152727,
      "between_class_variance": 0.00017088607213146685,
      "within_class_variance": 0.046728156082030486,
      "per_feature_U_stats": {
        "mean": 0.00015918543736890634,
        "std": 0.0006601699080020511,
        "max": 0.014121806924882851,
        "top5": [
          0.014121806924882851,
          0.007558907289772534,
          0.004131191924756716,
          0.0036466151899146797,
          0.0034137763280172374
        ]
      },
      "note": "Computed on training set only to prevent data leakage",
      "fisher_score_X_diffused": 0.9381087339067528,
      "between_class_variance_X": 3.872839798161527,
      "within_class_variance_X": 4.128348514604581,
      "per_feature_X_stats": {
        "mean": 0.05492477083673579,
        "std": 0.04135050436506396,
        "max": 0.25027921712529244,
        "top5": [
          0.25027921712529244,
          0.2359615270220316,
          0.23139197331473982,
          0.22353770071654758,
          0.22163498875031123
        ],
        "n_cols_sampled": 500
      }
    },
    {
      "split": 4,
      "fisher_score": 0.0037296878178535585,
      "fisher_score_U": 0.0037296878178535585,
      "between_class_variance": 0.00017290363079800646,
      "within_class_variance": 0.04635874079603606,
      "per_feature_U_stats": {
        "mean": 0.00015739118618782172,
        "std": 0.0006487127451930621,
        "max": 0.013425390201473196,
        "top5": [
          0.013425390201473196,
          0.007985931110963747,
          0.004116465515467419,
          0.003966608617474964,
          0.0029610073590798747
        ]
      },
      "note": "Computed on training set only to prevent data leakage",
      "fisher_score_X_diffused": 0.9504925895618691,
      "between_class_variance_X": 3.8071185230981173,
      "within_class_variance_X": 4.005416312454381,
      "per_feature_X_stats": {
        "mean": 0.05501199923994032,
        "std": 0.04176553705994498,
        "max": 0.25823779750557824,
        "top5": [
          0.25823779750557824,
          0.23165932553836335,
          0.22893273579113244,
          0.2264114670298344,
          0.22422024838348933
        ],
        "n_cols_sampled": 500
      }
    }
  ],
  "note": "Fisher score computed on training set only (no leakage)"
}