{
  "dataset": "amazon-photo",
  "k": 6,
  "split_type": "fixed",
  "component_type": "lcc",
  "num_seeds": 15,
  "num_splits": 1,
  "total_runs_per_method": 15,
  "metadata": {
    "d_effective": 745,
    "ortho_error": 2.615073158018788e-09,
    "num_components": 0,
    "num_nodes": 7487,
    "num_features": 745,
    "num_classes": 8
  },
  "experiments": {
    "sgc_mlp_baseline": {
      "test_acc_mean": 0.9304832220077515,
      "test_acc_std": 0.004249167620198499,
      "val_acc_mean": 0.9434937795003255,
      "val_acc_std": 0.0023898501716646124,
      "per_run_test_acc": [
        0.9298597574234009,
        0.9265197515487671,
        0.9251837134361267,
        0.9358717799186707,
        0.9311957359313965,
        0.9325317740440369,
        0.9251837134361267,
        0.9385437965393066,
        0.934535801410675,
        0.9311957359313965,
        0.9291917681694031,
        0.9318637847900391,
        0.9218437075614929,
        0.9325317740440369,
        0.9311957359313965
      ],
      "n_runs": 15,
      "train_acc_mean": 0.9446521043777466,
      "train_acc_std": 0.0035709236318991542,
      "num_params": 258824,
      "param_to_train_ratio": 57.59323542501112
    },
    "restricted_standard_mlp": {
      "test_acc_mean": 0.8739256699879964,
      "test_acc_std": 0.0034878659683493817,
      "val_acc_mean": 0.8852495749791464,
      "val_acc_std": 0.002473161872967417,
      "per_run_test_acc": [
        0.8704075217247009,
        0.8677355051040649,
        0.8784235715866089,
        0.8724115490913391,
        0.8690714836120605,
        0.8744155168533325,
        0.8730795383453369,
        0.8724115490913391,
        0.8817635774612427,
        0.8737475275993347,
        0.8757515549659729,
        0.8717435002326965,
        0.8764195442199707,
        0.8757515549659729,
        0.8757515549659729
      ],
      "n_runs": 15,
      "train_acc_mean": 0.9983978430430095,
      "train_acc_std": 0.001391295314920877,
      "num_params": 258824,
      "param_to_train_ratio": 57.59323542501112
    },
    "restricted_rownorm_mlp": {
      "test_acc_mean": 0.8948118925094605,
      "test_acc_std": 0.0027903770391114833,
      "val_acc_mean": 0.9067290743192037,
      "val_acc_std": 0.001688704206455731,
      "per_run_test_acc": [
        0.8957916498184204,
        0.897127628326416,
        0.8924515843391418,
        0.8977956175804138,
        0.8891115784645081,
        0.8931196331977844,
        0.8904476165771484,
        0.8957916498184204,
        0.8977956175804138,
        0.8957916498184204,
        0.8991316556930542,
        0.8964596390724182,
        0.8931196331977844,
        0.8957916498184204,
        0.8924515843391418
      ],
      "n_runs": 15,
      "train_acc_mean": 0.9933392405509949,
      "train_acc_std": 0.002553280579235262,
      "num_params": 258304,
      "param_to_train_ratio": 57.477525589675125
    }
  },
  "framework_analysis": {
    "sgc_mlp_acc_pct": 93.04832220077515,
    "restricted_std_acc_pct": 87.39256699879964,
    "restricted_rownorm_acc_pct": 89.48118925094604,
    "part_a_pp": 5.655755201975509,
    "part_b_pp": 2.0886222521464077,
    "remaining_gap_pp": 3.5671329498291016
  }
}