{
  "dataset": "wikics",
  "k": 8,
  "split_type": "fixed",
  "component_type": "lcc",
  "num_seeds": 15,
  "num_splits": 1,
  "total_runs_per_method": 15,
  "metadata": {
    "d_effective": 300,
    "ortho_error": 4.063908098927982e-10,
    "num_components": 0,
    "num_nodes": 11311,
    "num_features": 300,
    "num_classes": 10
  },
  "experiments": {
    "sgc_mlp_baseline": {
      "test_acc_mean": 0.772976815700531,
      "test_acc_std": 0.0035868719458326762,
      "val_acc_mean": 0.7964111844698588,
      "val_acc_std": 0.0036726750926730223,
      "per_run_test_acc": [
        0.7777581214904785,
        0.7754560112953186,
        0.766778826713562,
        0.772976815700531,
        0.7784664630889893,
        0.7756330966949463,
        0.772976815700531,
        0.7710288763046265,
        0.7742164134979248,
        0.7761643528938293,
        0.7749247550964355,
        0.7689038515090942,
        0.7687267661094666,
        0.7671329975128174,
        0.7735080718994141
      ],
      "n_runs": 15,
      "train_acc_mean": 0.8746286233266195,
      "train_acc_std": 0.026928744661824905,
      "num_params": 145418,
      "param_to_train_ratio": 259.2121212121212
    },
    "restricted_standard_mlp": {
      "test_acc_mean": 0.6766660888989766,
      "test_acc_std": 0.003417253724429759,
      "val_acc_mean": 0.6769650896390279,
      "val_acc_std": 0.004302351030361566,
      "per_run_test_acc": [
        0.6771737337112427,
        0.6784133315086365,
        0.6800071001052856,
        0.6801841855049133,
        0.6805383563041687,
        0.6743403673171997,
        0.6697361469268799,
        0.6759341359138489,
        0.674163281917572,
        0.6764653921127319,
        0.6759341359138489,
        0.6752257943153381,
        0.6840800642967224,
        0.673632025718689,
        0.674163281917572
      ],
      "n_runs": 15,
      "train_acc_mean": 0.9296494086583456,
      "train_acc_std": 0.01623136459555118,
      "num_params": 145418,
      "param_to_train_ratio": 259.2121212121212
    },
    "restricted_rownorm_mlp": {
      "test_acc_mean": 0.6369517962137858,
      "test_acc_std": 0.0037206855695659066,
      "val_acc_mean": 0.6349522391955058,
      "val_acc_std": 0.004030611431968037,
      "per_run_test_acc": [
        0.635204553604126,
        0.6353816390037537,
        0.6343191266059875,
        0.6263502836227417,
        0.6408712863922119,
        0.638037919998169,
        0.6339649558067322,
        0.6408712863922119,
        0.6403400301933289,
        0.6405171155929565,
        0.638037919998169,
        0.6389233469963074,
        0.638037919998169,
        0.6343191266059875,
        0.6391004323959351
      ],
      "n_runs": 15,
      "train_acc_mean": 0.9837195158004761,
      "train_acc_std": 0.01349501623875135,
      "num_params": 144896,
      "param_to_train_ratio": 258.2816399286988
    }
  },
  "framework_analysis": {
    "sgc_mlp_acc_pct": 77.2976815700531,
    "restricted_std_acc_pct": 67.66660888989766,
    "restricted_rownorm_acc_pct": 63.695179621378585,
    "part_a_pp": 9.631072680155441,
    "part_b_pp": -3.971429268519074,
    "remaining_gap_pp": 13.602501948674515
  }
}