{
  "dataset": "amazon-computers",
  "k": 20,
  "split_type": "random",
  "component_type": "lcc",
  "num_seeds": 15,
  "num_splits": 5,
  "total_runs_per_method": 75,
  "metadata": {
    "d_effective": 767,
    "ortho_error": 2.2227317764134114e-09,
    "num_components": 0,
    "num_nodes": 13381,
    "num_features": 767,
    "num_classes": 10
  },
  "experiments": {
    "sgc_mlp_baseline": {
      "test_acc_mean": 0.7994322236378988,
      "test_acc_std": 0.008080659572785878,
      "val_acc_mean": 0.807553563117981,
      "val_acc_std": 0.010339771618116526,
      "per_run_test_acc": [
        0.7994023561477661,
        0.7863280177116394,
        0.7829660177230835,
        0.7904371023178101,
        0.8005229830741882,
        0.8023907542228699,
        0.7781098484992981,
        0.7904371023178101,
        0.7956668138504028,
        0.7930519580841064,
        0.7893164157867432,
        0.7994023561477661,
        0.7919312715530396,
        0.7896899580955505,
        0.8008965253829956,
        0.8035114407539368,
        0.7941725850105286,
        0.8031378388404846,
        0.8023907542228699,
        0.8046320676803589,
        0.8005229830741882,
        0.7956668138504028,
        0.7900635004043579,
        0.7967875003814697,
        0.8083676099777222,
        0.7818453907966614,
        0.8068733811378479,
        0.7964138984680176,
        0.8008965253829956,
        0.8001494407653809,
        0.8035114407539368,
        0.7885693311691284,
        0.8046320676803589,
        0.8106089234352112,
        0.8139708638191223,
        0.8113560080528259,
        0.8038849830627441,
        0.8087411522865295,
        0.8094882369041443,
        0.8162121772766113,
        0.7994023561477661,
        0.8173328638076782,
        0.8061262965202332,
        0.8061262965202332,
        0.7986552119255066,
        0.8046320676803589,
        0.788195788860321,
        0.7926784157752991,
        0.7878221869468689,
        0.7990288138389587,
        0.7923048138618469,
        0.8027642965316772,
        0.8050056099891663,
        0.7934255003929138,
        0.8109824657440186,
        0.7990288138389587,
        0.8079940676689148,
        0.7956668138504028,
        0.7937990427017212,
        0.8016436696052551,
        0.7945461869239807,
        0.8038849830627441,
        0.8083676099777222,
        0.7945461869239807,
        0.7896899580955505,
        0.8050056099891663,
        0.7896899580955505,
        0.8038849830627441,
        0.8031378388404846,
        0.7982816696166992,
        0.7941725850105286,
        0.8061262965202332,
        0.8079940676689148,
        0.8035114407539368,
        0.8050056099891663
      ],
      "n_runs": 75,
      "train_acc_mean": 0.8025976053873698,
      "train_acc_std": 0.00833488965060549,
      "num_params": 264970,
      "param_to_train_ratio": 33.00572994519183
    },
    "restricted_standard_mlp": {
      "test_acc_mean": 0.8909027791023254,
      "test_acc_std": 0.00535693756129788,
      "val_acc_mean": 0.8971449947357177,
      "val_acc_std": 0.005846130780282498,
      "per_run_test_acc": [
        0.8939111232757568,
        0.8871871829032898,
        0.8875607252120972,
        0.8875607252120972,
        0.8875607252120972,
        0.8875607252120972,
        0.8868136405944824,
        0.8853194117546082,
        0.8868136405944824,
        0.8871871829032898,
        0.8883078098297119,
        0.8898020386695862,
        0.8912962675094604,
        0.8868136405944824,
        0.8834516406059265,
        0.8898020386695862,
        0.8920433521270752,
        0.8924168944358826,
        0.8898020386695862,
        0.8804632425308228,
        0.8890549540519714,
        0.8898020386695862,
        0.8834516406059265,
        0.8868136405944824,
        0.8815838694572449,
        0.8924168944358826,
        0.8875607252120972,
        0.8912962675094604,
        0.8916698098182678,
        0.8871871829032898,
        0.9002615213394165,
        0.8965259790420532,
        0.9017557501792908,
        0.8987672924995422,
        0.8987672924995422,
        0.8987672924995422,
        0.8965259790420532,
        0.9013821482658386,
        0.8995144367218018,
        0.8961524367332458,
        0.8980202078819275,
        0.9002615213394165,
        0.9025028347969055,
        0.8931640386581421,
        0.8980202078819275,
        0.8875607252120972,
        0.8931640386581421,
        0.8879342675209045,
        0.8920433521270752,
        0.886440098285675,
        0.8856929540634155,
        0.8827045559883118,
        0.8853194117546082,
        0.8856929540634155,
        0.8823310136795044,
        0.8886814117431641,
        0.8827045559883118,
        0.8838251829147339,
        0.8879342675209045,
        0.8871871829032898,
        0.8909227252006531,
        0.8916698098182678,
        0.8939111232757568,
        0.8976466655731201,
        0.8965259790420532,
        0.8924168944358826,
        0.8927904367446899,
        0.8920433521270752,
        0.8912962675094604,
        0.8931640386581421,
        0.8980202078819275,
        0.8965259790420532,
        0.8901755809783936,
        0.8860664963722229,
        0.8924168944358826
      ],
      "n_runs": 75,
      "train_acc_mean": 0.9640956966082255,
      "train_acc_std": 0.00931978554386418,
      "num_params": 264970,
      "param_to_train_ratio": 33.00572994519183
    },
    "restricted_rownorm_mlp": {
      "test_acc_mean": 0.8938264513015747,
      "test_acc_std": 0.005735242072887027,
      "val_acc_mean": 0.900234177907308,
      "val_acc_std": 0.005924947266123992,
      "per_run_test_acc": [
        0.8976466655731201,
        0.8894284963607788,
        0.8909227252006531,
        0.8894284963607788,
        0.8890549540519714,
        0.8883078098297119,
        0.8916698098182678,
        0.8868136405944824,
        0.8954053521156311,
        0.8942846655845642,
        0.8942846655845642,
        0.8920433521270752,
        0.8890549540519714,
        0.8875607252120972,
        0.8901755809783936,
        0.8931640386581421,
        0.8931640386581421,
        0.8879342675209045,
        0.8905491232872009,
        0.8912962675094604,
        0.8987672924995422,
        0.8927904367446899,
        0.8939111232757568,
        0.8916698098182678,
        0.8905491232872009,
        0.8931640386581421,
        0.8916698098182678,
        0.8968995213508606,
        0.8886814117431641,
        0.8983937501907349,
        0.9032499194145203,
        0.9006350636482239,
        0.9036234617233276,
        0.8976466655731201,
        0.8998879790306091,
        0.9039970636367798,
        0.8980202078819275,
        0.9010086059570312,
        0.9028763771057129,
        0.8961524367332458,
        0.9017557501792908,
        0.9013821482658386,
        0.8983937501907349,
        0.9021292924880981,
        0.897273063659668,
        0.8890549540519714,
        0.8883078098297119,
        0.8898020386695862,
        0.8886814117431641,
        0.8830780982971191,
        0.8883078098297119,
        0.8827045559883118,
        0.8886814117431641,
        0.8838251829147339,
        0.8845723271369934,
        0.8849458694458008,
        0.8879342675209045,
        0.8834516406059265,
        0.886440098285675,
        0.8883078098297119,
        0.9021292924880981,
        0.8998879790306091,
        0.8976466655731201,
        0.8980202078819275,
        0.897273063659668,
        0.8980202078819275,
        0.8976466655731201,
        0.8957788944244385,
        0.9017557501792908,
        0.8983937501907349,
        0.8954053521156311,
        0.8965259790420532,
        0.9002615213394165,
        0.8905491232872009,
        0.9028763771057129
      ],
      "n_runs": 75,
      "train_acc_mean": 0.974333200454712,
      "train_acc_std": 0.006102467583037375,
      "num_params": 264448,
      "param_to_train_ratio": 32.940707523667164
    }
  },