{
  "dataset": "amazon-computers",
  "k": 20,
  "split_type": "random",
  "component_type": "lcc",
  "num_seeds": 15,
  "num_splits": 5,
  "total_runs_per_method": 75,
  "metadata": {
    "d_effective": 767,
    "ortho_error": 6.299794019781757e-10,
    "num_components": 0,
    "num_nodes": 13381,
    "num_features": 767,
    "num_classes": 10
  },
  "experiments": {
    "sgc_mlp_baseline": {
      "test_acc_mean": 0.7871747215588888,
      "test_acc_std": 0.007745268739768037,
      "val_acc_mean": 0.7952416523297627,
      "val_acc_std": 0.01237250903187608,
      "per_run_test_acc": [
        0.7900635004043579,
        0.7807247042655945,
        0.7919312715530396,
        0.7893164157867432,
        0.7747478485107422,
        0.7769891619682312,
        0.7870751023292542,
        0.7754949927330017,
        0.7878221869468689,
        0.7863280177116394,
        0.7788569331169128,
        0.7762420773506165,
        0.7706388235092163,
        0.7889428734779358,
        0.781471848487854,
        0.7818453907966614,
        0.7781098484992981,
        0.7878221869468689,
        0.7908106446266174,
        0.7956668138504028,
        0.7844602465629578,
        0.7777363061904907,
        0.7941725850105286,
        0.7889428734779358,
        0.7870751023292542,
        0.783713161945343,
        0.7893164157867432,
        0.7885693311691284,
        0.7781098484992981,
        0.7807247042655945,
        0.7870751023292542,
        0.7937990427017212,
        0.7762420773506165,
        0.7986552119255066,
        0.7986552119255066,
        0.7702652215957642,
        0.7867015600204468,
        0.783713161945343,
        0.7994023561477661,
        0.7930519580841064,
        0.8042585253715515,
        0.8068733811378479,
        0.7788569331169128,
        0.7926784157752991,
        0.785954475402832,
        0.7975345849990845,
        0.7799776196479797,
        0.7766156196594238,
        0.788195788860321,
        0.7878221869468689,
        0.7844602465629578,
        0.783713161945343,
        0.7941725850105286,
        0.7852073311805725,
        0.7979081273078918,
        0.7911841869354248,
        0.7788569331169128,
        0.7926784157752991,
        0.8016436696052551,
        0.7825924754142761,
        0.7874486446380615,
        0.7799776196479797,
        0.7904371023178101,
        0.7777363061904907,
        0.785954475402832,
        0.7904371023178101,
        0.785954475402832,
        0.7822189331054688,
        0.7911841869354248,
        0.7945461869239807,
        0.7919312715530396,
        0.7941725850105286,
        0.7997758984565735,
        0.7941725850105286,
        0.7896899580955505
      ],
      "n_runs": 75,
      "train_acc_mean": 0.7898937344551087,
      "train_acc_std": 0.009156513128332612,
      "num_params": 264970,
      "param_to_train_ratio": 33.00572994519183
    },
    "restricted_standard_mlp": {
      "test_acc_mean": 0.8970290350914002,
      "test_acc_std": 0.005538830730791603,
      "val_acc_mean": 0.9037120056152343,
      "val_acc_std": 0.005309522497694052,
      "per_run_test_acc": [
        0.8890549540519714,
        0.8909227252006531,
        0.8931640386581421,
        0.8912962675094604,
        0.8912962675094604,
        0.895031750202179,
        0.8957788944244385,
        0.8856929540634155,
        0.8879342675209045,
        0.8924168944358826,
        0.8879342675209045,
        0.8898020386695862,
        0.8957788944244385,
        0.8927904367446899,
        0.8898020386695862,
        0.8946582078933716,
        0.8961524367332458,
        0.895031750202179,
        0.8942846655845642,
        0.8961524367332458,
        0.8935375809669495,
        0.8912962675094604,
        0.8995144367218018,
        0.895031750202179,
        0.8957788944244385,
        0.8961524367332458,
        0.8942846655845642,
        0.897273063659668,
        0.8924168944358826,
        0.8935375809669495,
        0.9006350636482239,
        0.9043706059455872,
        0.9073590040206909,
        0.9036234617233276,
        0.9002615213394165,
        0.9028763771057129,
        0.9062383770942688,
        0.9036234617233276,
        0.9021292924880981,
        0.9062383770942688,
        0.9103474020957947,
        0.9028763771057129,
        0.9066119194030762,
        0.9054912328720093,
        0.9058647751808167,
        0.897273063659668,
        0.8927904367446899,
        0.8927904367446899,
        0.8980202078819275,
        0.8946582078933716,
        0.8901755809783936,
        0.8968995213508606,
        0.9032499194145203,
        0.8912962675094604,
        0.8912962675094604,
        0.8976466655731201,
        0.8905491232872009,
        0.8976466655731201,
        0.895031750202179,
        0.8939111232757568,
        0.9039970636367798,
        0.8991408348083496,
        0.9043706059455872,
        0.9013821482658386,
        0.9002615213394165,
        0.8931640386581421,
        0.9051176905632019,
        0.9010086059570312,
        0.8968995213508606,
        0.8905491232872009,
        0.9010086059570312,
        0.9043706059455872,
        0.8987672924995422,
        0.8946582078933716,
        0.8968995213508606
      ],
      "n_runs": 75,
      "train_acc_mean": 0.9659176580111186,
      "train_acc_std": 0.012978621722665427,
      "num_params": 264970,
      "param_to_train_ratio": 33.00572994519183
    },
    "restricted_rownorm_mlp": {
      "test_acc_mean": 0.8961972602208456,
      "test_acc_std": 0.005212972753527657,
      "val_acc_mean": 0.9041305406888326,
      "val_acc_std": 0.005304948285909048,
      "per_run_test_acc": [
        0.8961524367332458,
        0.895031750202179,
        0.8924168944358826,
        0.8976466655731201,
        0.884198784828186,
        0.8875607252120972,
        0.8924168944358826,
        0.8957788944244385,
        0.8901755809783936,
        0.8916698098182678,
        0.8954053521156311,
        0.8886814117431641,
        0.8935375809669495,
        0.8920433521270752,
        0.8898020386695862,
        0.8916698098182678,
        0.8976466655731201,
        0.8920433521270752,
        0.8939111232757568,
        0.8927904367446899,
        0.8987672924995422,
        0.8942846655845642,
        0.8965259790420532,
        0.9010086059570312,
        0.8927904367446899,
        0.8968995213508606,
        0.897273063659668,
        0.895031750202179,
        0.8924168944358826,
        0.8980202078819275,
        0.9043706059455872,
        0.9054912328720093,
        0.9107210040092468,
        0.9039970636367798,
        0.9036234617233276,
        0.897273063659668,
        0.9025028347969055,
        0.9054912328720093,
        0.9054912328720093,
        0.8980202078819275,
        0.9025028347969055,
        0.9051176905632019,
        0.9051176905632019,
        0.9039970636367798,
        0.9058647751808167,
        0.8968995213508606,
        0.8939111232757568,
        0.895031750202179,
        0.8995144367218018,
        0.8987672924995422,
        0.897273063659668,
        0.8912962675094604,
        0.8912962675094604,
        0.8901755809783936,
        0.8931640386581421,
        0.8879342675209045,
        0.8924168944358826,
        0.8935375809669495,
        0.8927904367446899,
        0.8886814117431641,
        0.8965259790420532,
        0.8916698098182678,
        0.8939111232757568,
        0.8942846655845642,
        0.8998879790306091,
        0.8946582078933716,
        0.8946582078933716,
        0.8965259790420532,
        0.8976466655731201,
        0.8954053521156311,
        0.8954053521156311,
        0.8939111232757568,
        0.9047441482543945,
        0.8912962675094604,
        0.8983937501907349
      ],
      "n_runs": 75,
      "train_acc_mean": 0.986862682501475,
      "train_acc_std": 0.003818592185273812,
      "num_params": 264448,
      "param_to_train_ratio": 32.940707523667164
    }
  },