{
  "dataset": "cora",
  "baseline": {
    "a_raw_std": {
      "mean": 0.7008389565679763,
      "std": 0.01765234306615817
    },
    "b_restricted_std": {
      "mean": 0.5334561334715948,
      "std": 0.016218346152346557
    },
    "c_restricted_rownorm": {
      "mean": 0.7560875879393684,
      "std": 0.009096008618989687
    }
  },
  "standard_diffusion": {
    "2": {
      "a_raw_std": {
        "mean": 0.8547166056103177,
        "std": 0.009632583764557926
      },
      "b_restricted_std": {
        "mean": 0.6181706587473551,
        "std": 0.016433778380159615
      },
      "c_restricted_rownorm": {
        "mean": 0.8152240779664782,
        "std": 0.01479252066788885
      }
    },
    "4": {
      "a_raw_std": {
        "mean": 0.8420298960473801,
        "std": 0.01593183777687814
      },
      "b_restricted_std": {
        "mean": 0.6558215816815695,
        "std": 0.008599100128767712
      },
      "c_restricted_rownorm": {
        "mean": 0.807448340786828,
        "std": 0.010589196938458846
      }
    },
    "8": {
      "a_raw_std": {
        "mean": 0.8381420175234476,
        "std": 0.010800604941790791
      },
      "b_restricted_std": {
        "mean": 0.653979950480991,
        "std": 0.029450292835618324
      },
      "c_restricted_rownorm": {
        "mean": 0.8094945881101819,
        "std": 0.010777318892952916
      }
    },
    "16": {
      "a_raw_std": {
        "mean": 0.8358911540773181,
        "std": 0.015916059575649195
      },
      "b_restricted_std": {
        "mean": 0.6570493380228678,
        "std": 0.028253008213460953
      },
      "c_restricted_rownorm": {
        "mean": 0.8064252204365201,
        "std": 0.013729684931840926
      }
    }
  },
  "cmg_diffusion": {
    "2": {
      "a_raw_std": {
        "mean": 0.8015142348077561,
        "std": 0.01361021862339174
      },
      "b_restricted_std": {
        "mean": 0.5960712101724411,
        "std": 0.01521119143106829
      },
      "c_restricted_rownorm": {
        "mean": 0.7961939904424878,
        "std": 0.02100367910725426
      }
    },
    "4": {
      "a_raw_std": {
        "mean": 0.8356865180863274,
        "std": 0.020300159673265213
      },
      "b_restricted_std": {
        "mean": 0.6488643487294515,
        "std": 0.02840229462853015
      },
      "c_restricted_rownorm": {
        "mean": 0.8201350702179803,
        "std": 0.020985737069129973
      }
    },
    "8": {
      "a_raw_std": {
        "mean": 0.8356865247090658,
        "std": 0.02146706301144417
      },
      "b_restricted_std": {
        "mean": 0.6719869176546732,
        "std": 0.024164762082426496
      },
      "c_restricted_rownorm": {
        "mean": 0.8268876738018459,
        "std": 0.014291522763080324
      }
    },
    "16": {
      "a_raw_std": {
        "mean": 0.8330264157719082,
        "std": 0.014834926695942574
      },
      "b_restricted_std": {
        "mean": 0.6564354565408494,
        "std": 0.024008308836629015
      },
      "c_restricted_rownorm": {
        "mean": 0.8193165726131864,
        "std": 0.01996321525386648
      }
    }
  }
}