{
  "dataset": "ogbn-arxiv",
  "k": 2,
  "split_type": "random",
  "component_type": "lcc",
  "num_seeds": 15,
  "num_splits": 5,
  "total_runs_per_method": 75,
  "metadata": {
    "d_effective": 128,
    "ortho_error": 2.1754209544866399e-10,
    "num_components": 0,
    "num_nodes": 169343,
    "num_features": 128,
    "num_classes": 40
  },
  "experiments": {
    "sgc_mlp_baseline": {
      "test_acc_mean": 0.7293813745180766,
      "test_acc_std": 0.0026389305498352414,
      "val_acc_mean": 0.7322975341478983,
      "val_acc_std": 0.0018312284757687916,
      "per_run_test_acc": [
        0.7303218245506287,
        0.7314437627792358,
        0.7302627563476562,
        0.7298494577407837,
        0.7330676317214966,
        0.7311189770698547,
        0.7309123277664185,
        0.7287570238113403,
        0.7328904867172241,
        0.7330085635185242,
        0.7313846945762634,
        0.730735182762146,
        0.7294656038284302,
        0.7312371134757996,
        0.7319751977920532,
        0.7266607880592346,
        0.7267493605613708,
        0.728343665599823,
        0.7256274223327637,
        0.7263360023498535,
        0.7260112166404724,
        0.7281960844993591,
        0.7291408181190491,
        0.7259817123413086,
        0.7300266027450562,
        0.7263655066490173,
        0.7298789620399475,
        0.7280484437942505,
        0.7276350855827332,
        0.7292294502258301,
        0.7338057160377502,
        0.7282550930976868,
        0.7298494577407837,
        0.7301151752471924,
        0.729022741317749,
        0.7293180227279663,
        0.7299675345420837,
        0.7327428460121155,
        0.7290818095207214,
        0.729583740234375,
        0.731207549571991,
        0.7312666177749634,
        0.7308237552642822,
        0.7309418320655823,
        0.7326542735099792,
        0.7272807955741882,
        0.726158857345581,
        0.7256569266319275,
        0.7245940566062927,
        0.7250959873199463,
        0.7259817123413086,
        0.7266607880592346,
        0.7268084287643433,
        0.7251549959182739,
        0.7251254916191101,
        0.7268379330635071,
        0.7268379330635071,
        0.7238264083862305,
        0.7255388498306274,
        0.7257454991340637,
        0.7313846945762634,
        0.7313256859779358,
        0.7339238524436951,
        0.7310304045677185,
        0.7315914034843445,
        0.7323294878005981,
        0.7309123277664185,
        0.7310599684715271,
        0.7304103970527649,
        0.7337467074394226,
        0.730617105960846,
        0.7306466102600098,
        0.7297903895378113,
        0.7346324324607849,
        0.733599066734314
      ],
      "n_runs": 75,
      "train_acc_mean": 0.7943813570340474,
      "train_acc_std": 0.009513718118512118,
      "num_params": 109096,
      "param_to_train_ratio": 1.073726686678805
    },
    "restricted_standard_mlp": {
      "test_acc_mean": 0.7246712080637614,
      "test_acc_std": 0.0026385243995670684,
      "val_acc_mean": 0.7274898552894592,
      "val_acc_std": 0.0014394586967480943,
      "per_run_test_acc": [
        0.7259817123413086,
        0.7250369191169739,
        0.7274579405784607,
        0.7280779480934143,
        0.7269855737686157,
        0.726513147354126,
        0.7286684513092041,
        0.7276350855827332,
        0.7281370162963867,
        0.7281665205955505,
        0.7255683541297913,
        0.7263655066490173,
        0.7279303073883057,
        0.7290818095207214,
        0.7274579405784607,
        0.7237378358840942,
        0.722291111946106,
        0.7221435308456421,
        0.7242102026939392,
        0.7238264083862305,
        0.7224092483520508,
        0.7213168144226074,
        0.7244759798049927,
        0.7227635383605957,
        0.7259226441383362,
        0.7235016226768494,
        0.7235901951789856,
        0.7237083315849304,
        0.723088264465332,
        0.7210215926170349,
        0.7253026366233826,
        0.7227339744567871,
        0.7244759798049927,
        0.7274284362792969,
        0.726631224155426,
        0.7268084287643433,
        0.7254502773284912,
        0.727310299873352,
        0.7258045673370361,
        0.7251254916191101,
        0.7253912091255188,
        0.727664589881897,
        0.7294951677322388,
        0.7288751006126404,
        0.7280779480934143,
        0.721818745136261,
        0.7187777161598206,
        0.7196929454803467,
        0.7202539443969727,
        0.7190434336662292,
        0.7198996543884277,
        0.721936821937561,
        0.7220844626426697,
        0.7228816151618958,
        0.7234426140785217,
        0.7220844626426697,
        0.7196043729782104,
        0.7199291586875916,
        0.7231768369674683,
        0.7201653718948364,
        0.724800705909729,
        0.7251845598220825,
        0.7263360023498535,
        0.7253912091255188,
        0.7263360023498535,
        0.7264245748519897,
        0.7268970012664795,
        0.7242102026939392,
        0.7255388498306274,
        0.7246531248092651,
        0.7251549959182739,
        0.7247712016105652,
        0.724800705909729,
        0.7258045673370361,
        0.7255978584289551
      ],
      "n_runs": 75,
      "train_acc_mean": 0.7922117813428243,
      "train_acc_std": 0.009052875412348529,
      "num_params": 109096,
      "param_to_train_ratio": 1.073726686678805
    },
    "restricted_rownorm_mlp": {
      "test_acc_mean": 0.7142419171333313,
      "test_acc_std": 0.0028409368869724548,
      "val_acc_mean": 0.7173095488548279,
      "val_acc_std": 0.0013187680877305504,
      "per_run_test_acc": [
        0.7165928483009338,
        0.7182462215423584,
        0.7149985432624817,
        0.7163861989974976,
        0.7163861989974976,
        0.7178919315338135,
        0.7172129154205322,
        0.7168881297111511,
        0.714850902557373,
        0.7159137725830078,
        0.7188662886619568,
        0.7181872129440308,
        0.7166224122047424,
        0.7152937650680542,
        0.7157366275787354,
        0.7152937650680542,
        0.7118098735809326,
        0.7123708724975586,
        0.711868941783905,
        0.7117508053779602,
        0.7117213010787964,
        0.7108945846557617,
        0.7153528332710266,
        0.7142603993415833,
        0.7126955986022949,
        0.712902307510376,
        0.7119279503822327,
        0.7114850878715515,
        0.7110717296600342,
        0.714171826839447,
        0.7167995572090149,
        0.714053750038147,
        0.7149099707603455,
        0.7146737575531006,
        0.7163566946983337,
        0.7145851850509644,
        0.7149099707603455,
        0.717596709728241,
        0.714053750038147,
        0.7160024046897888,
        0.7163861989974976,
        0.7151166200637817,
        0.7150871157646179,
        0.7122822403907776,
        0.7143785357475281,
        0.7093888521194458,
        0.7138175368309021,
        0.7099202871322632,
        0.7070564031600952,
        0.7115441560745239,
        0.7105698585510254,
        0.7121641635894775,
        0.7101269960403442,
        0.710510790348053,
        0.7116917967796326,
        0.7078240513801575,
        0.7095069289207458,
        0.7097136378288269,
        0.7084440588951111,
        0.7131384611129761,
        0.7151166200637817,
        0.7173309922218323,
        0.7142013907432556,
        0.7167995572090149,
        0.7147032618522644,
        0.718393862247467,
        0.7146146893501282,
        0.7178624272346497,
        0.717596709728241,
        0.7155890464782715,
        0.7176852822303772,
        0.7132565975189209,
        0.7182167172431946,
        0.7192500829696655,
        0.7152642607688904
      ],
      "n_runs": 75,
      "train_acc_mean": 0.811642447312673,
      "train_acc_std": 0.008501412820505323,
      "num_params": 108544,
      "param_to_train_ratio": 1.0682938831750406
    }
  },