{
  "fisher_score": 0.026168741905387462,
  "std_fisher_score": 0.0017718479127678992,
  "per_split": [
    {
      "split": 0,
      "fisher_score": 0.02526813647875507,
      "fisher_score_U": 0.02526813647875507,
      "between_class_variance": 0.00039780709869404954,
      "within_class_variance": 0.01574342844904758,
      "per_feature_U_stats": {
        "mean": 0.03800850645210392,
        "std": 0.034699609931473537,
        "max": 0.2996032704623391,
        "top5": [
          0.2996032704623391,
          0.29136874090207837,
          0.2720652215323594,
          0.27145416517833826,
          0.24933848309595621
        ]
      },
      "note": "Computed on training set only to prevent data leakage",
      "fisher_score_X_diffused": 0.06234914480529058,
      "between_class_variance_X": 0.022159626288947003,
      "within_class_variance_X": 0.3554118722582169,
      "per_feature_X_stats": {
        "mean": 0.056958049170523266,
        "std": 0.062368081963653364,
        "max": 0.6160619622698543,
        "top5": [
          0.6160619622698543,
          0.4190024047771958,
          0.3569237359708935,
          0.3428320156979849,
          0.3118283344210813
        ],
        "n_cols_sampled": 500
      }
    },
    {
      "split": 1,
      "fisher_score": 0.02743143262588042,
      "fisher_score_U": 0.02743143262588042,
      "between_class_variance": 0.0004285085741630473,
      "within_class_variance": 0.015621078928220733,
      "per_feature_U_stats": {
        "mean": 0.03803770982240961,
        "std": 0.03521231164770922,
        "max": 0.3416754311544968,
        "top5": [
          0.3416754311544968,
          0.2988538101053795,
          0.28135219456466565,
          0.2664567280970749,
          0.26489244827358527
        ]
      },
      "note": "Computed on training set only to prevent data leakage",
      "fisher_score_X_diffused": 0.06645335411888352,
      "between_class_variance_X": 0.02292628687949061,
      "within_class_variance_X": 0.3449981898351739,
      "per_feature_X_stats": {
        "mean": 0.0562269851809001,
        "std": 0.06313389373053213,
        "max": 0.6424138046798881,
        "top5": [
          0.6424138046798881,
          0.42477650356031676,
          0.367579274007718,
          0.3145311182357491,
          0.3067273258755543
        ],
        "n_cols_sampled": 500
      }
    },
    {
      "split": 2,
      "fisher_score": 0.023852845781679257,
      "fisher_score_U": 0.023852845781679257,
      "between_class_variance": 0.0003822515791287743,
      "within_class_variance": 0.016025407728178568,
      "per_feature_U_stats": {
        "mean": 0.034997079136442275,
        "std": 0.03159409316837115,
        "max": 0.2836537527509006,
        "top5": [
          0.2836537527509006,
          0.27481878666851367,
          0.24435209617279463,
          0.22513115515235008,
          0.19947534165739336
        ]
      },
      "note": "Computed on training set only to prevent data leakage",
      "fisher_score_X_diffused": 0.0593551142285611,
      "between_class_variance_X": 0.021904355624771315,
      "within_class_variance_X": 0.36903906107270457,
      "per_feature_X_stats": {
        "mean": 0.053936146271665736,
        "std": 0.06087474493254103,
        "max": 0.594617400551155,
        "top5": [
          0.594617400551155,
          0.3889233048315481,
          0.37321569913916397,
          0.3656381486657655,
          0.2809297471055654
        ],
        "n_cols_sampled": 500
      }
    },
    {
      "split": 3,
      "fisher_score": 0.025410757712212333,
      "fisher_score_U": 0.025410757712212333,
      "between_class_variance": 0.00040077737683321936,
      "within_class_variance": 0.015771956955089417,
      "per_feature_U_stats": {
        "mean": 0.04069774920166075,
        "std": 0.03769494468568651,
        "max": 0.3804453086724733,
        "top5": [
          0.3804453086724733,
          0.3522927825442877,
          0.30403824898572246,
          0.29944798159786706,
          0.2773013157230039
        ]
      },
      "note": "Computed on training set only to prevent data leakage",
      "fisher_score_X_diffused": 0.06227135070075033,
      "between_class_variance_X": 0.022595142296246064,
      "within_class_variance_X": 0.3628497220949763,
      "per_feature_X_stats": {
        "mean": 0.05936927992025148,
        "std": 0.06667012683305913,
        "max": 0.6954538529336921,
        "top5": [
          0.6954538529336921,
          0.4692664350722481,
          0.35002058773004296,
          0.34684688611783887,
          0.3049001461445349
        ],
        "n_cols_sampled": 500
      }
    },
    {
      "split": 4,
      "fisher_score": 0.028880536928410225,
      "fisher_score_U": 0.028880536928410225,
      "between_class_variance": 0.00044983242266025196,
      "within_class_variance": 0.015575625334643448,
      "per_feature_U_stats": {
        "mean": 0.03758649096032954,
        "std": 0.03416042414207006,
        "max": 0.3171974961188296,
        "top5": [
          0.3171974961188296,
          0.2501871102828252,
          0.2430386749355311,
          0.23091991562789266,
          0.22824824838468757
        ]
      },
      "note": "Computed on training set only to prevent data leakage",
      "fisher_score_X_diffused": 0.05920289453754672,
      "between_class_variance_X": 0.021487080863678468,
      "within_class_variance_X": 0.36293970136969017,
      "per_feature_X_stats": {
        "mean": 0.056169255804570974,
        "std": 0.06208816189794623,
        "max": 0.6027425356760626,
        "top5": [
          0.6027425356760626,
          0.45213976789247684,
          0.3444159052804496,
          0.33840928241554813,
          0.3044020853436364
        ],
        "n_cols_sampled": 500
      }
    }
  ],
  "note": "Fisher score computed on training set only (no leakage)"
}