{
  "dataset": "citeseer",
  "k": 10,
  "num_splits": 5,
  "num_seeds": 5,
  "total_runs": 25,
  "precompute_time": 1.370067834854126,
  "sgc_baseline": {
    "test_acc_mean": 0.7449249458312989,
    "test_acc_std": 0.01589222469182894,
    "val_acc_mean": 0.7441202998161316,
    "val_acc_std": 0.014033738489388927,
    "train_time_mean": 0.11966214179992676,
    "train_time_std": 0.018164830746516335
  },
  "rownorm_mlp": {
    "test_acc_mean": 0.6948949003219604,
    "test_acc_std": 0.015217844175984508,
    "val_acc_mean": 0.7035188031196594,
    "val_acc_std": 0.017714673774922623,
    "train_time_mean": 0.29178619384765625,
    "train_time_std": 0.05419292804968925
  },
  "improvement": {
    "absolute_pp": -5.003004550933843,
    "relative_percent": -6.716118957931716
  }
}