{
  "dataset": "citeseer",
  "k": 30,
  "split_type": "random",
  "component_type": "lcc",
  "num_seeds": 15,
  "num_splits": 5,
  "total_runs_per_method": 75,
  "metadata": {
    "d_effective": 1245,
    "ortho_error": 4.764862948647419e-09,
    "num_components": 0,
    "num_nodes": 2120,
    "num_features": 3703,
    "num_classes": 6
  },
  "experiments": {
    "sgc_mlp_baseline": {
      "test_acc_mean": 0.7396226509412129,
      "test_acc_std": 0.019395147847060965,
      "val_acc_mean": 0.7661949825286866,
      "val_acc_std": 0.017621285842884846,
      "per_run_test_acc": [
        0.7382075786590576,
        0.7358490824699402,
        0.7476415038108826,
        0.7382075786590576,
        0.7216981053352356,
        0.740566074848175,
        0.7311320900917053,
        0.7311320900917053,
        0.7311320900917053,
        0.7193396091461182,
        0.7287735939025879,
        0.7334905862808228,
        0.7334905862808228,
        0.724056601524353,
        0.7476415038108826,
        0.7476415038108826,
        0.7382075786590576,
        0.7476415038108826,
        0.7476415038108826,
        0.7452830076217651,
        0.7476415038108826,
        0.7429245114326477,
        0.75,
        0.7334905862808228,
        0.7570754885673523,
        0.766509473323822,
        0.7547169923782349,
        0.7452830076217651,
        0.75,
        0.7594339847564697,
        0.7853773832321167,
        0.7712264060974121,
        0.7641509771347046,
        0.7523584961891174,
        0.7806603908538818,
        0.7641509771347046,
        0.7688679099082947,
        0.7617924809455872,
        0.7735849022865295,
        0.7688679099082947,
        0.7783018946647644,
        0.7547169923782349,
        0.7735849022865295,
        0.7688679099082947,
        0.7688679099082947,
        0.7287735939025879,
        0.7287735939025879,
        0.7382075786590576,
        0.7287735939025879,
        0.7193396091461182,
        0.724056601524353,
        0.7051886916160583,
        0.7193396091461182,
        0.7146226763725281,
        0.724056601524353,
        0.7216981053352356,
        0.7334905862808228,
        0.7146226763725281,
        0.7051886916160583,
        0.7287735939025879,
        0.7311320900917053,
        0.7146226763725281,
        0.7216981053352356,
        0.7311320900917053,
        0.7358490824699402,
        0.7311320900917053,
        0.7169811725616455,
        0.7051886916160583,
        0.7193396091461182,
        0.724056601524353,
        0.7358490824699402,
        0.7311320900917053,
        0.7287735939025879,
        0.7146226763725281,
        0.724056601524353
      ],
      "n_runs": 75,
      "train_acc_mean": 0.8327043716112773,
      "train_acc_std": 0.041265722877577224,
      "num_params": 1015558,
      "param_to_train_ratio": 798.3946540880503
    },
    "restricted_standard_mlp": {
      "test_acc_mean": 0.5691509524981181,
      "test_acc_std": 0.029778463387879418,
      "val_acc_mean": 0.5881761089960734,
      "val_acc_std": 0.02460948617691974,
      "per_run_test_acc": [
        0.5471698045730591,
        0.551886796951294,
        0.5424528121948242,
        0.5636792778968811,
        0.5424528121948242,
        0.5566037893295288,
        0.5683962106704712,
        0.5424528121948242,
        0.5778301954269409,
        0.5495283007621765,
        0.5330188870429993,
        0.5542452931404114,
        0.5589622855186462,
        0.5377358794212341,
        0.551886796951294,
        0.625,
        0.6179245114326477,
        0.6014150977134705,
        0.625,
        0.6179245114326477,
        0.6297169923782349,
        0.615566074848175,
        0.6132075786590576,
        0.5849056839942932,
        0.6108490824699402,
        0.6202830076217651,
        0.615566074848175,
        0.5778301954269409,
        0.6226415038108826,
        0.615566074848175,
        0.5589622855186462,
        0.5589622855186462,
        0.5754716992378235,
        0.5,
        0.5778301954269409,
        0.5896226763725281,
        0.5471698045730591,
        0.5825471878051758,
        0.5896226763725281,
        0.573113203048706,
        0.5660377740859985,
        0.5754716992378235,
        0.6037735939025879,
        0.5613207817077637,
        0.573113203048706,
        0.5683962106704712,
        0.5825471878051758,
        0.5683962106704712,
        0.5636792778968811,
        0.573113203048706,
        0.5896226763725281,
        0.573113203048706,
        0.5707547068595886,
        0.5825471878051758,
        0.5872641801834106,
        0.573113203048706,
        0.5495283007621765,
        0.573113203048706,
        0.5683962106704712,
        0.5707547068595886,
        0.5400943756103516,
        0.5471698045730591,
        0.5471698045730591,
        0.5542452931404114,
        0.5424528121948242,
        0.5471698045730591,
        0.5353773832321167,
        0.5141509771347046,
        0.5660377740859985,
        0.5330188870429993,
        0.48349058628082275,
        0.5330188870429993,
        0.5566037893295288,
        0.5471698045730591,
        0.5400943756103516
      ],
      "n_runs": 75,
      "train_acc_mean": 0.9996121120452881,
      "train_acc_std": 0.0005350930832557606,
      "num_params": 386310,
      "param_to_train_ratio": 303.70283018867923
    },
    "restricted_rownorm_mlp": {
      "test_acc_mean": 0.6908176263173421,
      "test_acc_std": 0.024625391500021087,
      "val_acc_mean": 0.7067610176404318,
      "val_acc_std": 0.021937209501856205,
      "per_run_test_acc": [
        0.6792452931404114,
        0.6816037893295288,
        0.6886792778968811,
        0.6698113083839417,
        0.6839622855186462,
        0.6863207817077637,
        0.676886796951294,
        0.6816037893295288,
        0.6933962106704712,
        0.6816037893295288,
        0.6886792778968811,
        0.6910377740859985,
        0.6698113083839417,
        0.6816037893295288,
        0.6863207817077637,
        0.7004716992378235,
        0.7122641801834106,
        0.7169811725616455,
        0.7122641801834106,
        0.7169811725616455,
        0.7169811725616455,
        0.7216981053352356,
        0.7216981053352356,
        0.7169811725616455,
        0.7216981053352356,
        0.698113203048706,
        0.7169811725616455,
        0.724056601524353,
        0.7216981053352356,
        0.7075471878051758,
        0.7264150977134705,
        0.7051886916160583,
        0.7193396091461182,
        0.7122641801834106,
        0.7146226763725281,
        0.7334905862808228,
        0.7051886916160583,
        0.7193396091461182,
        0.7287735939025879,
        0.7216981053352356,
        0.7169811725616455,
        0.6792452931404114,
        0.724056601524353,
        0.7122641801834106,
        0.7193396091461182,
        0.6886792778968811,
        0.6839622855186462,
        0.6957547068595886,
        0.6886792778968811,
        0.6886792778968811,
        0.6839622855186462,
        0.6886792778968811,
        0.6816037893295288,
        0.6886792778968811,
        0.6910377740859985,
        0.6839622855186462,
        0.6839622855186462,
        0.6839622855186462,
        0.6863207817077637,
        0.6863207817077637,
        0.6580188870429993,
        0.650943398475647,
        0.6603773832321167,
        0.6603773832321167,
        0.650943398475647,
        0.650943398475647,
        0.6580188870429993,
        0.6462264060974121,
        0.6533018946647644,
        0.6462264060974121,
        0.6391509771347046,
        0.6650943756103516,
        0.6367924809455872,
        0.6627358794212341,
        0.6627358794212341
      ],
      "n_runs": 75,
      "train_acc_mean": 0.9923584612210592,
      "train_acc_std": 0.00722308557610055,
      "num_params": 385792,
      "param_to_train_ratio": 303.29559748427675
    }
  },
  "framework_analysis": {
    "sgc_mlp_acc_pct": 73.96226509412129,
    "restricted_std_acc_pct": 56.915095249811806,