{
  "dataset": "cora",
  "k": 12,
  "split_type": "random",
  "component_type": "lcc",
  "num_seeds": 15,
  "num_splits": 5,
  "total_runs_per_method": 75,
  "metadata": {
    "d_effective": 1427,
    "ortho_error": 3.1165220404361094e-09,
    "num_components": 0,
    "num_nodes": 2485,
    "num_features": 1433,
    "num_classes": 7
  },
  "experiments": {
    "sgc_mlp_baseline": {
      "test_acc_mean": 0.858886612256368,
      "test_acc_std": 0.014125963414596304,
      "val_acc_mean": 0.8738296063741048,
      "val_acc_std": 0.0067877673954202895,
      "per_run_test_acc": [
        0.8470824360847473,
        0.8329979777336121,
        0.8470824360847473,
        0.8571428060531616,
        0.8531186580657959,
        0.8450704216957092,
        0.8571428060531616,
        0.8490945100784302,
        0.8470824360847473,
        0.8651911020278931,
        0.851106584072113,
        0.851106584072113,
        0.8450704216957092,
        0.8490945100784302,
        0.851106584072113,
        0.8832997679710388,
        0.8853118419647217,
        0.8873239159584045,
        0.8732393980026245,
        0.8772635459899902,
        0.8832997679710388,
        0.8772635459899902,
        0.881287693977356,
        0.8772635459899902,
        0.8752514719963074,
        0.8853118419647217,
        0.881287693977356,
        0.8792756199836731,
        0.8712273240089417,
        0.8893359899520874,
        0.8611669540405273,
        0.8752514719963074,
        0.8551307320594788,
        0.8531186580657959,
        0.8631790280342102,
        0.8712273240089417,
        0.8551307320594788,
        0.8672031760215759,
        0.8631790280342102,
        0.8672031760215759,
        0.8672031760215759,
        0.8631790280342102,
        0.8571428060531616,
        0.8692152500152588,
        0.8531186580657959,
        0.8531186580657959,
        0.8551307320594788,
        0.8390341997146606,
        0.8430583477020264,
        0.8591548800468445,
        0.8370221257209778,
        0.8329979777336121,
        0.8490945100784302,
        0.8450704216957092,
        0.8329979777336121,
        0.8329979777336121,
        0.8470824360847473,
        0.851106584072113,
        0.8470824360847473,
        0.8470824360847473,
        0.8490945100784302,
        0.8390341997146606,
        0.8631790280342102,
        0.8531186580657959,
        0.8672031760215759,
        0.8551307320594788,
        0.8591548800468445,
        0.8631790280342102,
        0.8551307320594788,
        0.8591548800468445,
        0.8591548800468445,
        0.8470824360847473,
        0.8631790280342102,
        0.8571428060531616,
        0.8571428060531616
      ],
      "n_runs": 75,
      "train_acc_mean": 0.9475161735216776,
      "train_acc_std": 0.02743512447689464,
      "num_params": 434695,
      "param_to_train_ratio": 291.5459423205902
    },
    "restricted_standard_mlp": {
      "test_acc_mean": 0.6752514950434367,
      "test_acc_std": 0.011727703031901501,
      "val_acc_mean": 0.6816364630063375,
      "val_acc_std": 0.019492742370000996,
      "per_run_test_acc": [
        0.6659959554672241,
        0.6760563254356384,
        0.6841046214103699,
        0.6659959554672241,
        0.6740442514419556,
        0.6659959554672241,
        0.6639838814735413,
        0.6760563254356384,
        0.6800804734230042,
        0.6901408433914185,
        0.6720321774482727,
        0.6659959554672241,
        0.6559355854988098,
        0.6519114375114441,
        0.6740442514419556,
        0.6861166954040527,
        0.6921529173851013,
        0.6901408433914185,
        0.6700201034545898,
        0.6901408433914185,
        0.7022132277488708,
        0.6861166954040527,
        0.6901408433914185,
        0.6639838814735413,
        0.6941649913787842,
        0.6901408433914185,
        0.6941649913787842,
        0.6760563254356384,
        0.6760563254356384,
        0.6901408433914185,
        0.6740442514419556,
        0.6760563254356384,
        0.668008029460907,
        0.6619718074798584,
        0.6841046214103699,
        0.6639838814735413,
        0.6740442514419556,
        0.6700201034545898,
        0.6639838814735413,
        0.6861166954040527,
        0.6760563254356384,
        0.6639838814735413,
        0.6599597334861755,
        0.668008029460907,
        0.6700201034545898,
        0.6921529173851013,
        0.6861166954040527,
        0.6841046214103699,
        0.6780683994293213,
        0.6941649913787842,
        0.6881287693977356,
        0.6599597334861755,
        0.6800804734230042,
        0.6780683994293213,
        0.6780683994293213,
        0.6901408433914185,
        0.6740442514419556,
        0.696177065372467,
        0.6720321774482727,
        0.6861166954040527,
        0.6619718074798584,
        0.668008029460907,
        0.6700201034545898,
        0.6559355854988098,
        0.6720321774482727,
        0.6659959554672241,
        0.6579476594924927,
        0.6800804734230042,
        0.6599597334861755,
        0.6519114375114441,
        0.6720321774482727,
        0.6720321774482727,
        0.668008029460907,
        0.6599597334861755,
        0.6760563254356384
      ],
      "n_runs": 75,
      "train_acc_mean": 0.9999999403953552,
      "train_acc_std": 0.0,
      "num_params": 433159,
      "param_to_train_ratio": 290.5157612340711
    },
    "restricted_rownorm_mlp": {
      "test_acc_mean": 0.7746746857961019,
      "test_acc_std": 0.015718187760868217,
      "val_acc_mean": 0.786532487074534,
      "val_acc_std": 0.009346492335561044,
      "per_run_test_acc": [
        0.7545271515846252,
        0.7505030035972595,
        0.7605633735656738,
        0.7464788556098938,
        0.7625754475593567,
        0.7565392255783081,
        0.7545271515846252,
        0.7424547076225281,
        0.7605633735656738,
        0.758551299571991,
        0.7525150775909424,
        0.7605633735656738,
        0.7464788556098938,
        0.758551299571991,
        0.7505030035972595,
        0.8148893117904663,
        0.7947685718536377,
        0.7887323498725891,
        0.7806840538978577,
        0.8028168678283691,
        0.8008047938346863,
        0.8008047938346863,
        0.8008047938346863,
        0.7847082018852234,
        0.8068410158157349,
        0.7927564978599548,
        0.790744423866272,
        0.790744423866272,
        0.804828941822052,
        0.7665995955467224,
        0.7766599059104919,
        0.7847082018852234,
        0.772635817527771,
        0.7746478319168091,
        0.7645875215530396,
        0.7806840538978577,
        0.7746478319168091,
        0.7786719799041748,
        0.7686116695404053,
        0.7786719799041748,
        0.772635817527771,
        0.772635817527771,
        0.7806840538978577,
        0.7826961278915405,
        0.7766599059104919,
        0.7786719799041748,
        0.7686116695404053,
        0.7625754475593567,
        0.7625754475593567,
        0.7605633735656738,
        0.7525150775909424,
        0.7645875215530396,
        0.7706237435340881,
        0.7746478319168091,
        0.7746478319168091,
        0.7565392255783081,
        0.7645875215530396,
        0.7706237435340881,
        0.7605633735656738,
        0.7746478319168091,
        0.758551299571991,
        0.7786719799041748,
        0.7847082018852234,
        0.7806840538978577,
        0.7867202758789062,
        0.7786719799041748,
        0.7867202758789062,
        0.7867202758789062,
        0.7806840538978577,
        0.7847082018852234,
        0.7887323498725891,
        0.790744423866272,
        0.7826961278915405,
        0.7806840538978577,
        0.7766599059104919
      ],
      "n_runs": 75,
      "train_acc_mean": 0.998122022151947,
      "train_acc_std": 0.0022763961511026755,
      "num_params": 432640,
      "param_to_train_ratio": 290.167672702884
    }
  },
  "framework_analysis": {
    "sgc_mlp_acc_pct": 85.8886612256368,