{
  "dataset": "pubmed",
  "split_type": "fixed",
  "component_type": "lcc",
  "num_components": 1,
  "k_diffusion": 10,
  "num_splits": 1,
  "num_seeds": 5,
  "total_runs": 5,
  "precompute_time": 0.471358060836792,
  "metadata": {
    "d_restricted_std": 499,
    "ortho_error_std": 4.2468206729040503e-10,
    "d_full": 499,
    "ortho_error": 4.2468206729040503e-10
  },
  "results": {
    "sgc_baseline": {
      "val_acc_mean": 0.7604000449180603,
      "val_acc_std": 0.0026533016150791424,
      "test_acc_mean": 0.7520000338554382,
      "test_acc_std": 0.0010954310115890709,
      "train_time_mean": 0.11482095718383789,
      "train_time_std": 0.005288927098541687
    },
    "sgc_mlp_baseline": {
      "val_acc_mean": 0.784000039100647,
      "val_acc_std": 0.007694159921240203,
      "test_acc_mean": 0.7614000320434571,
      "test_acc_std": 0.009911617654447993,
      "train_time_mean": 0.22070469856262206,
      "train_time_std": 0.03117033452826394
    },
    "restricted_standard_mlp": {
      "val_acc_mean": 0.4672000229358673,
      "val_acc_std": 0.006881856837878416,
      "test_acc_mean": 0.46980002522468567,
      "test_acc_std": 0.00503586661692054,
      "train_time_mean": 0.18379883766174315,
      "train_time_std": 0.05996261216751957
    },
    "full_rownorm_mlp": {
      "val_acc_mean": 0.506000018119812,
      "val_acc_std": 0.013446182611167324,
      "test_acc_mean": 0.4914000153541565,
      "test_acc_std": 0.011001813672280614,
      "train_time_mean": 0.2911168098449707,
      "train_time_std": 0.004203781122060502
    },
    "jl_binary_nc": {
      "val_acc_mean": 0.4160000205039978,
      "val_acc_std": 0.003999996185311616,
      "test_acc_mean": 0.42780002355575564,
      "test_acc_std": 0.0019390703396392572,
      "train_time_mean": 0.6403142929077148,
      "train_time_std": 0.09279832838850983
    },
    "jl_binary_2nc": {
      "val_acc_mean": 0.4216000199317932,
      "val_acc_std": 0.003440937080061219,
      "test_acc_mean": 0.3732000172138214,
      "test_acc_std": 0.004995997547362034,
      "train_time_mean": 0.36650657653808594,
      "train_time_std": 0.11228619946056964
    },
    "jl_binary_4nc": {
      "val_acc_mean": 0.36880001425743103,
      "val_acc_std": 0.010244997666578626,
      "test_acc_mean": 0.3698000192642212,
      "test_acc_std": 0.013702558350979667,
      "train_time_mean": 0.7681724548339843,
      "train_time_std": 0.07405116194012201
    },
    "jl_ortho_nc": {
      "val_acc_mean": 0.38320001363754275,
      "val_acc_std": 0.0029933192315668576,
      "test_acc_mean": 0.3466000139713287,
      "test_acc_std": 0.006183857453271889,
      "train_time_mean": 0.4341780185699463,
      "train_time_std": 0.059208740394830296
    },
    "jl_ortho_2nc": {
      "val_acc_mean": 0.3636000156402588,
      "val_acc_std": 0.03282438153267555,
      "test_acc_mean": 0.3544000148773193,
      "test_acc_std": 0.020045946574785443,
      "train_time_mean": 0.34791245460510256,
      "train_time_std": 0.07560051983542368
    },
    "jl_ortho_4nc": {
      "val_acc_mean": 0.4232000172138214,
      "val_acc_std": 0.004489988936351531,
      "test_acc_mean": 0.38160001635551455,
      "test_acc_std": 0.016426806976117692,
      "train_time_mean": 0.37140960693359376,
      "train_time_std": 0.10850440884284343
    }
  },
  "improvements": {
    "restricted_standard_mlp": {
      "vs_sgc": -28.220000863075256,
      "vs_sgc_mlp": -29.16000068187714
    },
    "full_rownorm_mlp": {
      "vs_sgc": -26.060001850128174,
      "vs_sgc_mlp": -27.000001668930057
    },
    "jl_binary_nc": {
      "vs_sgc": -32.42000102996826,
      "vs_sgc_mlp": -33.36000084877014
    },
    "jl_binary_2nc": {
      "vs_sgc": -37.88000166416168,
      "vs_sgc_mlp": -38.82000148296357
    },
    "jl_binary_4nc": {
      "vs_sgc": -38.220001459121704,
      "vs_sgc_mlp": -39.16000127792359
    },
    "jl_ortho_nc": {
      "vs_sgc": -40.54000198841095,
      "vs_sgc_mlp": -41.48000180721284
    },
    "jl_ortho_2nc": {
      "vs_sgc": -39.76000189781189,
      "vs_sgc_mlp": -40.70000171661378
    },
    "jl_ortho_4nc": {
      "vs_sgc": -37.04000174999237,
      "vs_sgc_mlp": -37.98000156879425
    }
  },
  "parameter_counts": {
    "sgc_baseline": 1500,
    "sgc_mlp_baseline": 194304,
    "restricted_standard_mlp": 194048,
    "full_rownorm_mlp": 194048,
    "jl_binary_nc": 67072,
    "jl_ortho_nc": 67072,
    "jl_binary_2nc": 67840,
    "jl_ortho_2nc": 67840,
    "jl_binary_4nc": 69376,
    "jl_ortho_4nc": 69376
  }
}