{
  "dataset": "pubmed",
  "split_type": "fixed",
  "component_type": "lcc",
  "k": 1,
  "d_effective": 500,
  "ortho_error": 1.2808332172653536e-10,
  "analysis": {
    "condition_number_U": 4.784630612534007,
    "singular_values_U_top20": [
      0.12125279118259139,
      0.11904239896981685,
      0.11256787087078723,
      0.10989517861503756,
      0.10762673695202837,
      0.10551984450075097,
      0.10390410274398208,
      0.10246242658174166,
      0.10181341623757152,
      0.1001178935227442,
      0.09846866048888551,
      0.09572021719401763,
      0.09387166637102554,
      0.09338359337373298,
      0.09099997156427124,
      0.09054055854454261,
      0.08926280713790828,
      0.08707666900507918,
      0.08623907186693185,
      0.08573955411820361
    ],
    "singular_values_U_bottom5": [
      0.03660440338426504,
      0.03476267080132648,
      0.031224587445205055,
      0.029674745240322174,
      0.025342142581488487
    ],
    "explained_variance_U_pct_top20": [
      4.298901365829446,
      8.442496668397043,
      12.147621930949152,
      15.678894736463139,
      19.06588804294294,
      22.321572277982927,
      25.478316427520888,
      28.54806824582389,
      31.579054811253922,
      34.50993049966088,
      37.34504139903165,
      40.024094626280146,
      42.60067115437685,
      45.15052421568812,
      47.57186827542404,
      49.96882575566597,
      52.298606611635925,
      54.51566742676127,
      56.690281224006576,
      58.839776192195515
    ],
    "condition_number_X": 15.875539223110348,
    "singular_values_X_top20": [
      0.9133288274456904,
      0.6932984538567514,
      0.5315456256988168,
      0.48181297458167394,
      0.4038189761466462,
      0.36819881111262753,
      0.348835312210764,
      0.33151852478804544,
      0.30807137265621687,
      0.3052875959686864,
      0.2965040119589855,
      0.28437816363574575,
      0.2814497979970824,
      0.27505851093413314,
      0.2677954809066704,
      0.26245300785718256,
      0.25645592787505495,
      0.24761642884587018,
      0.24363227108862445,
      0.2364807913590247
    ],
    "explained_variance_X_pct_top20": [
      19.49177308609631,
      30.723265786257866,
      37.325305202547575,
      42.749733806687914,
      46.56013287666062,
      49.727962236402,
      52.57136184374247,
      55.139465908296735,
      57.35715011234643,
      59.534936775425486,
      61.58920980372158,
      63.47889519970283,
      65.32986314772087,
      67.0977203856311,
      68.77344829811919,
      70.38298218474775,
      71.91980040201292,
      73.35250260130127,
      74.73947124614577,
      76.04620995423869
    ],
    "intra_class_mean_dist": 1.4109218222674385,
    "inter_class_centroid_dist": 0.32407350634580023,
    "spectral_separability": 0.22968920122377448,
    "variance_analysis": {
      "U_variance_mean": 1.1197063197054474e-05,
      "U_variance_std": 2.7076847677049612e-06,
      "U_variance_max": 2.259784268408579e-05,
      "U_variance_min": 2.773500245753688e-06,
      "U_variance_ratio": 8.147767273832581,
      "X_variance_mean": 0.0001235525031231599,
      "X_variance_std": 0.0003293966866010018,
      "X_variance_max": 0.006033601884517687,
      "X_variance_min": 1.974641435230236e-06,
      "X_variance_ratio": 3055.541487851289,
      "variance_ratio_reduction": 375.01580312242214
    },
    "eigenvalue_stats": {
      "min": 0.1721969356259866,
      "max": 0.9572599582165693,
      "mean": 0.5325909801146195,
      "std": 0.1187262542271536,
      "d_effective": 500
    },
    "span_verification_error": 1.870458131027196e-15,
    "num_edges": 44324,
    "avg_degree": 4.496018664096972
  }
}