{
  "dataset": "pubmed",
  "split_type": "fixed",
  "component_type": "lcc",
  "k": 8,
  "d_effective": 500,
  "ortho_error": 1.827447082547451e-10,
  "analysis": {
    "condition_number_U": 18.57905813366305,
    "singular_values_U_top20": [
      0.19546945701552165,
      0.1902396315097185,
      0.18416543488033335,
      0.1745799939668344,
      0.16240162861407736,
      0.15259400182857852,
      0.14607853279659128,
      0.13519698139774994,
      0.13140843524022017,
      0.1234994272604598,
      0.11642241642558891,
      0.11381234236957975,
      0.10707910066764287,
      0.09999204562064785,
      0.09719003541455862,
      0.09353753943339892,
      0.08675651718922889,
      0.08492367735738389,
      0.08036022119468575,
      0.0703698719826045
    ],
    "singular_values_U_bottom5": [
      0.01733723745518731,
      0.016261325414004813,
      0.015293144510014749,
      0.014366548256538407,
      0.010520956208288846
    ],
    "explained_variance_U_pct_top20": [
      9.222918267302305,
      17.958916529413486,
      26.145954273881074,
      33.502932914236645,
      39.869294586246205,
      45.489930735408464,
      50.640833400342956,
      55.05292516907677,
      59.22120660998284,
      62.90283909958414,
      66.17461662705634,
      69.30133863233769,
      72.06904477000144,
      74.48251226057334,
      76.76261295893477,
      78.87455711050401,
      80.69138908744858,
      82.43226625851563,
      83.99107486098998,
      85.18639453792039
    ],
    "condition_number_X": 137.42615912152462,
    "singular_values_X_top20": [
      0.8073684065738226,
      0.46508737123311933,
      0.4152709234280343,
      0.33169885954928796,
      0.2675083475461141,
      0.2339198594231522,
      0.1999128866920665,
      0.18667659862608857,
      0.16338576725728848,
      0.15737962218959667,
      0.1407884352523052,
      0.12936850569453567,
      0.11728538724219306,
      0.11350740422399497,
      0.1111716847962929,
      0.10765738894242567,
      0.10638683578229169,
      0.10060303123633474,
      0.09583240890606139,
      0.092672108597086
    ],
    "explained_variance_X_pct_top20": [
      40.4684482482307,
      53.89740094834491,
      64.60361931887829,
      71.43425318022352,
      75.8769607451593,
      79.27405219794578,
      81.75521139587867,
      83.91869101517344,
      85.57599240231526,
      87.11368685225341,
      88.34425881044946,
      89.38329380205549,
      90.23729968473519,
      91.03717341554747,
      91.80446674894984,
      92.52401634720451,
      93.22668217632302,
      93.85502286408227,
      94.4251843269366,
      94.95836099901835
    ],
    "intra_class_mean_dist": 1.4087666365916154,
    "inter_class_centroid_dist": 0.3407448673689342,
    "spectral_separability": 0.24187460046139075,
    "variance_analysis": {
      "U_variance_mean": 1.358320507180601e-05,
      "U_variance_std": 1.0974019306323437e-05,
      "U_variance_max": 0.00016410618696342208,
      "U_variance_min": 2.7494465314968134e-06,
      "U_variance_ratio": 59.68696804847985,
      "X_variance_mean": 3.700304735605757e-05,
      "X_variance_std": 0.00015524856829904918,
      "X_variance_max": 0.0030389875750857585,
      "X_variance_min": 1.0898754095742807e-06,
      "X_variance_ratio": 2788.3781577333384,
      "variance_ratio_reduction": 46.716699623081425
    },
    "eigenvalue_stats": {
      "min": 0.07214283260525059,
      "max": 0.5712753275879966,
      "mean": 0.2776339457261778,
      "std": 0.0905065757433254,
      "d_effective": 500
    },
    "span_verification_error": 1.97353873692757e-15,
    "num_edges": 44324,
    "avg_degree": 4.496018664096972
  }
}