{
  "dataset": "pubmed",
  "split_type": "fixed",
  "component_type": "lcc",
  "k": 30,
  "d_effective": 500,
  "ortho_error": 2.0932788835636984e-10,
  "analysis": {
    "condition_number_U": 190.13998631821448,
    "singular_values_U_top20": [
      0.2688957693527933,
      0.23157369772756728,
      0.21640542422517745,
      0.21481076990652584,
      0.18933020462920283,
      0.1742713655995657,
      0.16788773723928857,
      0.16150555150737148,
      0.1203034632237065,
      0.11877916889052026,
      0.11799918380354804,
      0.10891683673508816,
      0.10316076154027481,
      0.09585189871554738,
      0.09506100145753703,
      0.09296282075577215,
      0.0854816972766692,
      0.06428481457495022,
      0.05763618421872566,
      0.05532553206717544
    ],
    "singular_values_U_bottom5": [
      0.005965778317667147,
      0.004640199635598589,
      0.003979752637494143,
      0.002665563781608133,
      0.0014141989518331758
    ],
    "explained_variance_U_pct_top20": [
      15.02840272959741,
      26.174513298478058,
      35.90828532469761,
      45.49913291013794,
      52.949620481954284,
      59.26205599946397,
      65.12050748250861,
      70.54201165446781,
      73.5501731327202,
      76.48258825412277,
      79.37661734714717,
      81.8422872010138,
      84.05423037227105,
      85.96384761033876,
      87.8420814311492,
      89.63831774446226,
      91.15708476983374,
      92.01602249391134,
      92.70647741232185,
      93.34268095703398
    ],
    "condition_number_X": 10668.182605009548,
    "singular_values_X_top20": [
      0.7561458063870616,
      0.2919699748183011,
      0.26199598261536183,
      0.20411741067719025,
      0.1347567409365223,
      0.12299730078117399,
      0.10533184148704564,
      0.09176848526808416,
      0.08173957731663882,
      0.06854026586025667,
      0.052606554135886704,
      0.04672730322082996,
      0.041846931235881867,
      0.03491134985887143,
      0.03321760431857389,
      0.029584887438598745,
      0.02565066448079722,
      0.025099306342339093,
      0.023079449148284494,
      0.02172617298461789
    ],
    "explained_variance_X_pct_top20": [
      67.58483746759124,
      77.6614500794773,
      85.77530880922278,
      90.70021858767889,
      92.8467595285288,
      94.63501408185576,
      95.94648157914571,
      96.9419449962961,
      97.73171921603128,
      98.28702186767835,
      98.61414999582823,
      98.87224500847248,
      99.07924265542181,
      99.22331196021693,
      99.35374114897377,
      99.45720247027172,
      99.53497664616079,
      99.60944326179728,
      99.67240678999761,
      99.7282029927963
    ],
    "intra_class_mean_dist": 1.402576631710022,
    "inter_class_centroid_dist": 0.35464125691293874,
    "spectral_separability": 0.25284982573861936,
    "variance_analysis": {
      "U_variance_mean": 1.576671426557312e-05,
      "U_variance_std": 3.183786154987416e-05,
      "U_variance_max": 0.0005031481278630119,
      "U_variance_min": 1.029103400876386e-07,
      "U_variance_ratio": 4889.141735347478,
      "X_variance_mean": 1.3009994835403345e-05,
      "X_variance_std": 5.088064237232392e-05,
      "X_variance_max": 0.0009622841426233139,
      "X_variance_min": 6.483379926597089e-07,
      "X_variance_ratio": 1484.229937606705,
      "variance_ratio_reduction": 0.3035767866732173
    },
    "eigenvalue_stats": {
      "min": 0.04006201047288712,
      "max": 0.550917196024417,
      "mean": 0.23363517439781262,
      "std": 0.09861409901902819,
      "d_effective": 500
    },
    "span_verification_error": 3.829123278456841e-15,
    "num_edges": 44324,
    "avg_degree": 4.496018664096972
  }
}