{
  "ogbn-arxiv": {
    "dataset": "ogbn-arxiv",
    "k": 2,
    "bases": {
      "X_diffused": {
        "name": "X_diffused (Original)",
        "fisher": 0.18285444537858572,
        "class_dist": 0.533639274321293,
        "condition_number": 183.32419523842364,
        "linear_accuracy": 0.6926038560335409,
        "linear_std": 0.0017086735239018804,
        "shape": [
          169343,
          128
        ]
      },
      "QR": {
        "name": "QR (Gram-Schmidt)",
        "fisher": 0.053924676575222,
        "class_dist": 0.011657559862835624,
        "condition_number": 1.000000000000001,
        "linear_accuracy": 0.6922820278130443,
        "linear_std": 0.0016749172097443804,
        "shape": [
          169343,
          128
        ],
        "fisher_collapse": 3.39092335184285,
        "dist_collapse": 45.776240999191806
      },
      "SVD": {
        "name": "SVD (PCA)",
        "fisher": 0.053924676575221986,
        "class_dist": 0.011657559862835624,
        "condition_number": 1.0000000000000013,
        "linear_accuracy": 0.6923912722548643,
        "linear_std": 0.0017489830356515852,
        "shape": [
          169343,
          128
        ],
        "fisher_collapse": 3.3909233518428508,
        "dist_collapse": 45.776240999191806
      },
      "Rayleigh-Ritz": {
        "name": "Rayleigh-Ritz (Graph Eigenvectors)",
        "fisher": 0.037234666538410385,
        "class_dist": 0.0035717385911527605,
        "condition_number": 8.665766315125657,
        "linear_accuracy": 0.692028108299625,
        "linear_std": 0.0016194582143375465,
        "shape": [
          169343,
          128
        ],
        "fisher_collapse": 4.910865649860753,
        "dist_collapse": 149.4060233586303
      },
      "Random_0": {
        "name": "Random Orthonormal (seed=0)",
        "fisher": 0.053924676575222014,
        "class_dist": 0.01165755986283562,
        "condition_number": 1.0000000000000007,
        "linear_accuracy": 0.6923499365201217,
        "linear_std": 0.00170246336980345,
        "shape": [
          169343,
          128
        ],
        "fisher_collapse": 3.390923351842849,
        "dist_collapse": 45.77624099919182
      },
      "Random_1": {
        "name": "Random Orthonormal (seed=1)",
        "fisher": 0.05392467657522201,
        "class_dist": 0.011657559862835624,
        "condition_number": 1.000000000000001,
        "linear_accuracy": 0.692308600785379,
        "linear_std": 0.0018630021254343724,
        "shape": [
          169343,
          128
        ],
        "fisher_collapse": 3.3909233518428494,
        "dist_collapse": 45.776240999191806
      },
      "Random_2": {
        "name": "Random Orthonormal (seed=2)",
        "fisher": 0.053924676575222014,
        "class_dist": 0.011657559862835624,
        "condition_number": 1.0000000000000013,
        "linear_accuracy": 0.6922465971832649,
        "linear_std": 0.0017649399549324856,
        "shape": [
          169343,
          128
        ],
        "fisher_collapse": 3.390923351842849,
        "dist_collapse": 45.776240999191806
      },
      "Random_3": {
        "name": "Random Orthonormal (seed=3)",
        "fisher": 0.05392467657522204,
        "class_dist": 0.011657559862835624,
        "condition_number": 1.000000000000001,
        "linear_accuracy": 0.6923410788626768,
        "linear_std": 0.001831663234789442,
        "shape": [
          169343,
          128
        ],
        "fisher_collapse": 3.390923351842847,
        "dist_collapse": 45.776240999191806
      },
      "Random_4": {
        "name": "Random Orthonormal (seed=4)",
        "fisher": 0.05392467657522203,
        "class_dist": 0.011657559862835624,
        "condition_number": 1.000000000000001,
        "linear_accuracy": 0.6923853671499011,
        "linear_std": 0.0016845185229844952,
        "shape": [
          169343,
          128
        ],
        "fisher_collapse": 3.390923351842848,
        "dist_collapse": 45.776240999191806
      },
      "Class-Optimal": {
        "name": "Class-Optimal (Supervised)",
        "fisher": 0.053924676575221965,
        "class_dist": 0.011657559862835619,
        "condition_number": 1.000000000000001,
        "linear_accuracy": 0.6922908854704892,
        "linear_std": 0.0017617512265285856,
        "shape": [
          169343,
          128
        ],
        "fisher_collapse": 3.3909233518428517,
        "dist_collapse": 45.77624099919183
      }
    }
  }
}