{
  "dataset": "ogbn-arxiv",
  "k": 30,
  "split_type": "random",
  "component_type": "lcc",
  "num_seeds": 15,
  "num_splits": 5,
  "total_runs_per_method": 75,
  "metadata": {
    "d_effective": 128,
    "ortho_error": 2.479613181449736e-10,
    "num_components": 0,
    "num_nodes": 169343,
    "num_features": 128,
    "num_classes": 40
  },
  "experiments": {
    "sgc_mlp_baseline": {
      "test_acc_mean": 0.6784765410423279,
      "test_acc_std": 0.00275459071885885,
      "val_acc_mean": 0.6819215687115987,
      "val_acc_std": 0.002108257282681305,
      "per_run_test_acc": [
        0.6824328303337097,
        0.6785355806350708,
        0.6824918985366821,
        0.6823738217353821,
        0.6840566992759705,
        0.6825804710388184,
        0.6832890510559082,
        0.6817537546157837,
        0.6811042428016663,
        0.6824918985366821,
        0.6830233335494995,
        0.6830824017524719,
        0.6781812906265259,
        0.6744611859321594,
        0.6831709742546082,
        0.6742249727249146,
        0.6765869855880737,
        0.6772364974021912,
        0.6755831241607666,
        0.6757897734642029,
        0.6759669184684753,
        0.6754650473594666,
        0.6750516891479492,
        0.6766164898872375,
        0.6749336123466492,
        0.6769117116928101,
        0.6739888191223145,
        0.6755831241607666,
        0.6754059791564941,
        0.6762031316757202,
        0.6793622970581055,
        0.6771774291992188,
        0.679185152053833,
        0.67667555809021,
        0.6780041456222534,
        0.6793918013572693,
        0.6797460913658142,
        0.6792737245559692,
        0.6826690435409546,
        0.6788012981414795,
        0.6770593523979187,
        0.6782403588294983,
        0.6802775263786316,
        0.680454671382904,
        0.677827000617981,
        0.6748449802398682,
        0.6780041456222534,
        0.672099232673645,
        0.6768527030944824,
        0.6754650473594666,
        0.6749040484428406,
        0.6765869855880737,
        0.6790965795516968,
        0.6778565049171448,
        0.6748449802398682,
        0.6777679324150085,
        0.6756716966629028,
        0.6766164898872375,
        0.6768822073936462,
        0.6775022149085999,
        0.6762917041778564,
        0.6799528002738953,
        0.6798346638679504,
        0.6793327331542969,
        0.6789489388465881,
        0.6800413727760315,
        0.6784765124320984,
        0.6801003813743591,
        0.6826395392417908,
        0.6801594495773315,
        0.6805432438850403,
        0.6796280145645142,
        0.6809566020965576,
        0.6822852492332458,
        0.6788308620452881
      ],
      "n_runs": 75,
      "train_acc_mean": 0.6873690430323283,
      "train_acc_std": 0.0024964917336218234,
      "num_params": 109096,
      "param_to_train_ratio": 1.073726686678805
    },
    "restricted_standard_mlp": {
      "test_acc_mean": 0.709365230401357,
      "test_acc_std": 0.002907834398876495,
      "val_acc_mean": 0.7129900288581849,
      "val_acc_std": 0.0013644508995994359,
      "per_run_test_acc": [
        0.7133156061172485,
        0.7127546668052673,
        0.7127546668052673,
        0.7117803692817688,
        0.7130498886108398,
        0.7111307978630066,
        0.7116327285766602,
        0.7124298810958862,
        0.7126070261001587,
        0.7127841711044312,
        0.7135518193244934,
        0.7131089568138123,
        0.7122822403907776,
        0.710983157157898,
        0.7111307978630066,
        0.7050487399101257,
        0.7066726088523865,
        0.7050782442092896,
        0.7080897688865662,
        0.7077945470809937,
        0.7071744799613953,
        0.706967830657959,
        0.7071449756622314,
        0.7066135406494141,
        0.7072926163673401,
        0.7086507081985474,
        0.7054620981216431,
        0.7061411142349243,
        0.706967830657959,
        0.7068497538566589,
        0.7094183564186096,
        0.7111603617668152,
        0.7115441560745239,
        0.7125775218009949,
        0.7114850878715515,
        0.7124003767967224,
        0.7120755910873413,
        0.7114850878715515,
        0.7126365900039673,
        0.7124298810958862,
        0.7098907828330994,
        0.7105698585510254,
        0.7118984460830688,
        0.7118098735809326,
        0.7102745771408081,
        0.7042220234870911,
        0.7046353816986084,
        0.7060821056365967,
        0.7064658999443054,
        0.7031886577606201,
        0.7051963806152344,
        0.7060821056365967,
        0.7060230374336243,
        0.7061411142349243,
        0.7071449756622314,
        0.7043105959892273,
        0.7061706781387329,
        0.7056687474250793,
        0.7038382291793823,
        0.7061706781387329,
        0.7102745771408081,
        0.7093888521194458,
        0.7100088596343994,
        0.7110717296600342,
        0.7108355760574341,
        0.7125184535980225,
        0.709831714630127,
        0.7096545696258545,
        0.7093888521194458,
        0.7115736603736877,
        0.710628867149353,
        0.7111307978630066,
        0.7125184535980225,
        0.7118984460830688,
        0.7114260792732239
      ],
      "n_runs": 75,
      "train_acc_mean": 0.7415491795539856,
      "train_acc_std": 0.0019201104406347698,
      "num_params": 109096,
      "param_to_train_ratio": 1.073726686678805
    },
    "restricted_rownorm_mlp": {
      "test_acc_mean": 0.7164326500892639,
      "test_acc_std": 0.002591858055090786,
      "val_acc_mean": 0.7190874290466308,
      "val_acc_std": 0.001465365542263647,
      "per_run_test_acc": [
        0.7212282419204712,
        0.720578670501709,
        0.7215825319290161,
        0.7196929454803467,
        0.7180100679397583,
        0.7191615104675293,
        0.7212873101234436,
        0.720106303691864,
        0.7196634411811829,
        0.7206082344055176,
        0.7191024422645569,
        0.7194567322731018,
        0.7217301726341248,
        0.7197815179824829,
        0.7197520136833191,
        0.7150576114654541,
        0.715411901473999,
        0.7141423225402832,
        0.7144671082496643,
        0.7146146893501282,
        0.7151756882667542,
        0.716090977191925,
        0.7162681221961975,
        0.7160319089889526,
        0.714053750038147,
        0.7154709100723267,
        0.714171826839447,
        0.7159433364868164,
        0.7152642607688904,
        0.7144375443458557,
        0.7179805040359497,
        0.7168881297111511,
        0.7165928483009338,
        0.7155890464782715,
        0.7170947790145874,
        0.7144671082496643,
        0.7160024046897888,
        0.7156776189804077,
        0.7177443504333496,
        0.7157071232795715,
        0.7149099707603455,
        0.7175672054290771,
        0.7161795496940613,
        0.7178033590316772,
        0.7160614132881165,
        0.7148804664611816,
        0.7136403918266296,
        0.7126955986022949,
        0.7140242457389832,
        0.7134041786193848,
        0.714732825756073,
        0.7121936678886414,
        0.7149394750595093,
        0.7126660943031311,
        0.711662232875824,
        0.712548017501831,
        0.7134041786193848,
        0.7121050953865051,
        0.7140832543373108,
        0.7106879353523254,
        0.7188662886619568,
        0.71234130859375,
        0.7173014879226685,
        0.7163861989974976,
        0.7172129154205322,
        0.7167404890060425,
        0.7168881297111511,
        0.7187186479568481,
        0.7175081372261047,
        0.7181872129440308,
        0.7181872129440308,
        0.7194862961769104,
        0.7162681221961975,
        0.7170062065124512,
        0.7190729379653931
      ],
      "n_runs": 75,
      "train_acc_mean": 0.7672614336013794,
      "train_acc_std": 0.006178660651299683,
      "num_params": 108544,
      "param_to_train_ratio": 1.0682938831750406
    }
  },