{
  "dataset": "cora",
  "k": 4,
  "split_type": "fixed",
  "component_type": "lcc",
  "num_seeds": 15,
  "num_splits": 1,
  "total_runs_per_method": 15,
  "metadata": {
    "d_effective": 1427,
    "ortho_error": 2.3602642063025314e-10,
    "num_components": 0,
    "num_nodes": 2485,
    "num_features": 1433,
    "num_classes": 7
  },
  "experiments": {
    "sgc_mlp_baseline": {
      "test_acc_mean": 0.741712228457133,
      "test_acc_std": 0.008583856588753186,
      "val_acc_mean": 0.7445170442263286,
      "val_acc_std": 0.012310597429076024,
      "per_run_test_acc": [
        0.7420765161514282,
        0.7409836053848267,
        0.7486339211463928,
        0.7344262599945068,
        0.7377049326896667,
        0.7617486715316772,
        0.7508196830749512,
        0.7431694269180298,
        0.7256830930709839,
        0.7333333492279053,
        0.7409836053848267,
        0.7486339211463928,
        0.7344262599945068,
        0.7475410103797913,
        0.7355191707611084
      ],
      "n_runs": 15,
      "train_acc_mean": 0.9737704356511434,
      "train_acc_std": 0.04874121077789239,
      "num_params": 434695,
      "param_to_train_ratio": 3563.0737704918033
    },
    "restricted_standard_mlp": {
      "test_acc_mean": 0.484153018395106,
      "test_acc_std": 0.015476475112260739,
      "val_acc_mean": 0.49034131368001305,
      "val_acc_std": 0.016790524583190948,
      "per_run_test_acc": [
        0.49726778268814087,
        0.49726778268814087,
        0.47431695461273193,
        0.4677595794200897,
        0.5081967115402222,
        0.4557377099990845,
        0.47431695461273193,
        0.4819672405719757,
        0.4852459132671356,
        0.48087432980537415,
        0.4754098653793335,
        0.5125682950019836,
        0.465573787689209,
        0.49398908019065857,
        0.49180328845977783
      ],
      "n_runs": 15,
      "train_acc_mean": 0.9999999403953552,
      "train_acc_std": 0.0,
      "num_params": 433159,
      "param_to_train_ratio": 3550.4836065573772
    },
    "restricted_rownorm_mlp": {
      "test_acc_mean": 0.3191985547542572,
      "test_acc_std": 0.018232998978643777,
      "val_acc_mean": 0.3388525664806366,
      "val_acc_std": 0.017804009720529725,
      "per_run_test_acc": [
        0.3267759680747986,
        0.31803280115127563,
        0.3224043846130371,
        0.34207651019096375,
        0.354098379611969,
        0.34535521268844604,
        0.2874317169189453,
        0.32459017634391785,
        0.31038251519203186,
        0.31038251519203186,
        0.31038251519203186,
        0.3060109317302704,
        0.2885245978832245,
        0.32786887884140015,
        0.31366121768951416
      ],
      "n_runs": 15,
      "train_acc_mean": 0.9972676992416382,
      "train_acc_std": 0.008287300098828354,
      "num_params": 432640,
      "param_to_train_ratio": 3546.2295081967213
    }
  },
  "framework_analysis": {
    "sgc_mlp_acc_pct": 74.1712228457133,
    "restricted_std_acc_pct": 48.4153018395106,
    "restricted_rownorm_acc_pct": 31.919855475425717,
    "part_a_pp": 25.755921006202705,
    "part_b_pp": -16.49544636408488,
    "remaining_gap_pp": 42.25136737028758
  }
}