{
  "dataset": "amazon-photo",
  "k": 30,
  "split_type": "random",
  "component_type": "lcc",
  "num_seeds": 15,
  "num_splits": 5,
  "total_runs_per_method": 75,
  "metadata": {
    "d_effective": 480,
    "ortho_error": 7.385454470210107e-10,
    "num_components": 0,
    "num_nodes": 7487,
    "num_features": 745,
    "num_classes": 8
  },
  "experiments": {
    "sgc_mlp_baseline": {
      "test_acc_mean": 0.8108322556813558,
      "test_acc_std": 0.012099679409749162,
      "val_acc_mean": 0.8237720243136089,
      "val_acc_std": 0.015815991385765192,
      "per_run_test_acc": [
        0.7977303266525269,
        0.7997329831123352,
        0.8137516975402832,
        0.7990654706954956,
        0.8164219260215759,
        0.7963952422142029,
        0.8030707836151123,
        0.8184245824813843,
        0.8030707836151123,
        0.8024032115936279,
        0.8264352679252625,
        0.8317757248878479,
        0.8291054964065552,
        0.8257677555084229,
        0.7983978986740112,
        0.7837116718292236,
        0.8291054964065552,
        0.8064085841178894,
        0.8104138970375061,
        0.8177570700645447,
        0.8070761561393738,
        0.8311081528663635,
        0.8157543540000916,
        0.8037383556365967,
        0.8311081528663635,
        0.8244326114654541,
        0.8224299550056458,
        0.8271028399467468,
        0.8110814690589905,
        0.819759726524353,
        0.7890521287918091,
        0.8177570700645447,
        0.8090788125991821,
        0.8124166131019592,
        0.8230975270271301,
        0.8137516975402832,
        0.8237650394439697,
        0.7877169847488403,
        0.8030707836151123,
        0.8277704119682312,
        0.7970628142356873,
        0.7917223572731018,
        0.7850467562675476,
        0.815086841583252,
        0.8017356991767883,
        0.8084112405776978,
        0.7943925857543945,
        0.819759726524353,
        0.8144192695617676,
        0.8064085841178894,
        0.8077436685562134,
        0.7950600981712341,
        0.801068127155304,
        0.821094810962677,
        0.8077436685562134,
        0.8204272985458374,
        0.8224299550056458,
        0.8090788125991821,
        0.8017356991767883,
        0.7977303266525269,
        0.7890521287918091,
        0.8084112405776978,
        0.8077436685562134,
        0.8224299550056458,
        0.8244326114654541,
        0.8144192695617676,
        0.8090788125991821,
        0.7997329831123352,
        0.8084112405776978,
        0.8030707836151123,
        0.8244326114654541,
        0.8251001834869385,
        0.8104138970375061,
        0.8217623829841614,
        0.8157543540000916
      ],
      "n_runs": 75,
      "train_acc_mean": 0.8189433272679647,
      "train_acc_std": 0.012513477941979108,
      "num_params": 258824,
      "param_to_train_ratio": 57.61887800534283
    },
    "restricted_standard_mlp": {
      "test_acc_mean": 0.9199555357297261,
      "test_acc_std": 0.0033103876506131507,
      "val_acc_mean": 0.92712539990743,
      "val_acc_std": 0.006577864465920884,
      "per_run_test_acc": [
        0.9165554642677307,
        0.9192256927490234,
        0.9205607771873474,
        0.9158878922462463,
        0.9125500917434692,
        0.913885235786438,
        0.9205607771873474,
        0.9205607771873474,
        0.9212283492088318,
        0.9225634336471558,
        0.9192256927490234,
        0.9132176637649536,
        0.9125500917434692,
        0.9192256927490234,
        0.9178905487060547,
        0.9185581207275391,
        0.9158878922462463,
        0.9245661497116089,
        0.9212283492088318,
        0.9232310056686401,
        0.9218959212303162,
        0.9265688061714172,
        0.9165554642677307,
        0.9232310056686401,
        0.9212283492088318,
        0.9185581207275391,
        0.919893205165863,
        0.9238985776901245,
        0.9245661497116089,
        0.9232310056686401,
        0.9192256927490234,
        0.913885235786438,
        0.9212283492088318,
        0.9158878922462463,
        0.9192256927490234,
        0.9212283492088318,
        0.9218959212303162,
        0.913885235786438,
        0.915220320224762,
        0.915220320224762,
        0.9192256927490234,
        0.9125500917434692,
        0.9205607771873474,
        0.9165554642677307,
        0.9185581207275391,
        0.919893205165863,
        0.919893205165863,
        0.9232310056686401,
        0.9218959212303162,
        0.9205607771873474,
        0.9225634336471558,
        0.9218959212303162,
        0.9225634336471558,
        0.9232310056686401,
        0.9205607771873474,
        0.9158878922462463,
        0.9205607771873474,
        0.9185581207275391,
        0.9205607771873474,
        0.9218959212303162,
        0.9218959212303162,
        0.9185581207275391,
        0.9205607771873474,
        0.9212283492088318,
        0.919893205165863,
        0.9225634336471558,
        0.9225634336471558,
        0.919893205165863,
        0.9245661497116089,
        0.9252336621284485,
        0.9178905487060547,
        0.9232310056686401,
        0.9245661497116089,
        0.9225634336471558,
        0.9245661497116089
      ],
      "n_runs": 75,
      "train_acc_mean": 0.9859661849339804,
      "train_acc_std": 0.010376287435817864,
      "num_params": 190984,
      "param_to_train_ratio": 42.51647373107747
    },
    "restricted_rownorm_mlp": {
      "test_acc_mean": 0.923818465868632,
      "test_acc_std": 0.0048150070975767215,
      "val_acc_mean": 0.9291917546590169,
      "val_acc_std": 0.006113590706184836,
      "per_run_test_acc": [
        0.9158878922462463,
        0.919893205165863,
        0.9192256927490234,
        0.9245661497116089,
        0.9225634336471558,
        0.9252336621284485,
        0.9145527482032776,
        0.9185581207275391,
        0.9178905487060547,
        0.9185581207275391,
        0.9238985776901245,
        0.9232310056686401,
        0.9245661497116089,
        0.9172229766845703,
        0.9192256927490234,
        0.9272363781929016,
        0.92923903465271,
        0.9345794916152954,
        0.9319092631340027,
        0.9332443475723267,
        0.9305741190910339,
        0.9245661497116089,
        0.9305741190910339,
        0.9259012341499329,
        0.9265688061714172,
        0.9265688061714172,
        0.9305741190910339,
        0.9265688061714172,
        0.9299066066741943,
        0.9265688061714172,
        0.9225634336471558,
        0.9205607771873474,
        0.9225634336471558,
        0.9192256927490234,
        0.9165554642677307,
        0.9245661497116089,
        0.9158878922462463,
        0.9192256927490234,
        0.915220320224762,
        0.9205607771873474,
        0.9225634336471558,
        0.9205607771873474,
        0.9158878922462463,
        0.9192256927490234,
        0.9192256927490234,
        0.9325768351554871,
        0.92923903465271,
        0.92923903465271,
        0.9259012341499329,
        0.9325768351554871,
        0.919893205165863,
        0.9252336621284485,
        0.9265688061714172,
        0.9305741190910339,
        0.9259012341499329,
        0.9285714626312256,
        0.92923903465271,
        0.9238985776901245,
        0.9265688061714172,
        0.9218959212303162,
        0.9178905487060547,
        0.9178905487060547,
        0.9192256927490234,
        0.9232310056686401,
        0.9265688061714172,
        0.9245661497116089,
        0.9265688061714172,
        0.9218959212303162,
        0.9238985776901245,
        0.9212283492088318,
        0.9238985776901245,
        0.9232310056686401,
        0.9285714626312256,
        0.9238985776901245,
        0.9218959212303162
      ],
      "n_runs": 75,
      "train_acc_mean": 0.9868596227963765,
      "train_acc_std": 0.0056000635616893935,
      "num_params": 190464,
      "param_to_train_ratio": 42.400712377560104
    }
  },