{
  "dataset": "amazon-photo",
  "k": 20,
  "split_type": "fixed",
  "component_type": "lcc",
  "num_seeds": 15,
  "num_splits": 1,
  "total_runs_per_method": 15,
  "metadata": {
    "d_effective": 745,
    "ortho_error": 2.3555923878149088e-09,
    "num_components": 0,
    "num_nodes": 7487,
    "num_features": 745,
    "num_classes": 8
  },
  "experiments": {
    "sgc_mlp_baseline": {
      "test_acc_mean": 0.8674237807591756,
      "test_acc_std": 0.008536740007808227,
      "val_acc_mean": 0.8875668605168661,
      "val_acc_std": 0.008212952131646667,
      "per_run_test_acc": [
        0.8790915608406067,
        0.8550434708595276,
        0.8730795383453369,
        0.8784235715866089,
        0.8663995265960693,
        0.865063488483429,
        0.8737475275993347,
        0.8697395324707031,
        0.8503674268722534,
        0.8724115490913391,
        0.8610554933547974,
        0.8643954992294312,
        0.8737475275993347,
        0.8550434708595276,
        0.8737475275993347
      ],
      "n_runs": 15,
      "train_acc_mean": 0.8784008105595906,
      "train_acc_std": 0.006789257938403168,
      "num_params": 258824,
      "param_to_train_ratio": 57.59323542501112
    },
    "restricted_standard_mlp": {
      "test_acc_mean": 0.8905366579691569,
      "test_acc_std": 0.004766553830626207,
      "val_acc_mean": 0.8986185550689697,
      "val_acc_std": 0.002137176249824959,
      "per_run_test_acc": [
        0.8904476165771484,
        0.8911156058311462,
        0.8924515843391418,
        0.8931196331977844,
        0.8924515843391418,
        0.8837675452232361,
        0.8924515843391418,
        0.8830995559692383,
        0.8964596390724182,
        0.8991316556930542,
        0.89445561170578,
        0.8891115784645081,
        0.8837675452232361,
        0.8924515843391418,
        0.8837675452232361
      ],
      "n_runs": 15,
      "train_acc_mean": 0.9804331421852112,
      "train_acc_std": 0.012733429284149828,
      "num_params": 258824,
      "param_to_train_ratio": 57.59323542501112
    },
    "restricted_rownorm_mlp": {
      "test_acc_mean": 0.9107103466987609,
      "test_acc_std": 0.0028723223191756513,
      "val_acc_mean": 0.9154189109802247,
      "val_acc_std": 0.0015216787794001291,
      "per_run_test_acc": [
        0.9091516733169556,
        0.905143678188324,
        0.9118236899375916,
        0.9104876518249512,
        0.9124916791915894,
        0.9104876518249512,
        0.9098196625709534,
        0.9138277173042297,
        0.9151636958122253,
        0.9118236899375916,
        0.9084836840629578,
        0.9144957065582275,
        0.9124916791915894,
        0.9098196625709534,
        0.905143678188324
      ],
      "n_runs": 15,
      "train_acc_mean": 0.9897196054458618,
      "train_acc_std": 0.002460749266129045,
      "num_params": 258304,
      "param_to_train_ratio": 57.477525589675125
    }
  },
  "framework_analysis": {
    "sgc_mlp_acc_pct": 86.74237807591756,
    "restricted_std_acc_pct": 89.0536657969157,
    "restricted_rownorm_acc_pct": 91.0710346698761,
    "part_a_pp": -2.3112877209981377,
    "part_b_pp": 2.017368872960404,
    "remaining_gap_pp": -4.3286565939585415
  }
}