{
  "dataset": "wikics",
  "k": 4,
  "split_type": "fixed",
  "component_type": "lcc",
  "num_seeds": 15,
  "num_splits": 1,
  "total_runs_per_method": 15,
  "metadata": {
    "d_effective": 300,
    "ortho_error": 3.890803235151452e-10,
    "num_components": 0,
    "num_nodes": 11311,
    "num_features": 300,
    "num_classes": 10
  },
  "experiments": {
    "sgc_mlp_baseline": {
      "test_acc_mean": 0.785904049873352,
      "test_acc_std": 0.004133847422074198,
      "val_acc_mean": 0.8154866496721903,
      "val_acc_std": 0.0036925096658508893,
      "per_run_test_acc": [
        0.7873207330703735,
        0.7885603308677673,
        0.7862582206726074,
        0.788737416267395,
        0.7903311848640442,
        0.7841331958770752,
        0.785904049873352,
        0.7841331958770752,
        0.7936958074569702,
        0.7823623418807983,
        0.7869665622711182,
        0.7874978184700012,
        0.7814769148826599,
        0.7860811352729797,
        0.7751018404960632
      ],
      "n_runs": 15,
      "train_acc_mean": 0.9089720487594605,
      "train_acc_std": 0.020525874841100276,
      "num_params": 145418,
      "param_to_train_ratio": 259.2121212121212
    },
    "restricted_standard_mlp": {
      "test_acc_mean": 0.6009562810262045,
      "test_acc_std": 0.005124168263884351,
      "val_acc_mean": 0.605032205581665,
      "val_acc_std": 0.0050921645742167294,
      "per_run_test_acc": [
        0.5948291420936584,
        0.596777081489563,
        0.6084646582603455,
        0.6079334020614624,
        0.5909332633018494,
        0.603506326675415,
        0.599610447883606,
        0.6049229502677917,
        0.607579231262207,
        0.6033292412757874,
        0.599610447883606,
        0.5942978858947754,
        0.6031521558761597,
        0.5980166792869568,
        0.6013813018798828
      ],
      "n_runs": 15,
      "train_acc_mean": 0.9726678371429444,
      "train_acc_std": 0.005432748770778258,
      "num_params": 145418,
      "param_to_train_ratio": 259.2121212121212
    },
    "restricted_rownorm_mlp": {
      "test_acc_mean": 0.569033702214559,
      "test_acc_std": 0.004151845988364546,
      "val_acc_mean": 0.5776087562243144,
      "val_acc_std": 0.004626495529276572,
      "per_run_test_acc": [
        0.5771206021308899,
        0.5712767839431763,
        0.5677350759506226,
        0.5620683431625366,
        0.5709226131439209,
        0.5656100511550903,
        0.5716309547424316,
        0.565255880355835,
        0.5726934671401978,
        0.5728705525398254,
        0.565787136554718,
        0.5689746737480164,
        0.5617141723632812,
        0.571985125541687,
        0.5698601007461548
      ],
      "n_runs": 15,
      "train_acc_mean": 0.9904931505521138,
      "train_acc_std": 0.010181088781148175,
      "num_params": 144896,
      "param_to_train_ratio": 258.2816399286988
    }
  },
  "framework_analysis": {
    "sgc_mlp_acc_pct": 78.5904049873352,
    "restricted_std_acc_pct": 60.095628102620445,
    "restricted_rownorm_acc_pct": 56.903370221455894,
    "part_a_pp": 18.49477688471476,
    "part_b_pp": -3.192257881164551,
    "remaining_gap_pp": 21.68703476587931
  }
}