{
  "dataset": "amazon-computers",
  "k": 6,
  "num_splits": 5,
  "num_seeds": 5,
  "total_runs": 25,
  "precompute_time": 1.0474345684051514,
  "sgc_baseline": {
    "test_acc_mean": 0.7965394759178162,
    "test_acc_std": 0.0077606331109884505,
    "val_acc_mean": 0.8022108888626098,
    "val_acc_std": 0.005810827851574941,
    "train_time_mean": 0.12001184463500976,
    "train_time_std": 0.017156197851528263
  },
  "rownorm_mlp": {
    "test_acc_mean": 0.8774700474739074,
    "test_acc_std": 0.006214050438987388,
    "val_acc_mean": 0.8865017914772033,
    "val_acc_std": 0.006526295543787618,
    "train_time_mean": 0.3300463104248047,
    "train_time_std": 0.030239386541665445
  },
  "improvement": {
    "absolute_pp": 8.093057155609129,
    "relative_percent": 10.160271273791999
  }
}