{
  "dataset": "wikics",
  "split_type": "random",
  "component_type": "lcc",
  "num_components": 1,
  "k_diffusion": 6,
  "num_splits": 5,
  "num_seeds": 5,
  "total_runs": 25,
  "precompute_time": 0.24476075172424316,
  "metadata": {
    "d_restricted_std": 299,
    "ortho_error_std": 1.387927439644443e-09,
    "d_full": 299,
    "ortho_error": 1.387927439644443e-09
  },
  "results": {
    "sgc_baseline": {
      "val_acc_mean": 0.6921662425994873,
      "val_acc_std": 0.01412559888650143,
      "test_acc_mean": 0.6935218691825866,
      "test_acc_std": 0.013312637230406385,
      "train_time_mean": 0.18823806762695314,
      "train_time_std": 0.018429968902490153
    },
    "sgc_mlp_baseline": {
      "val_acc_mean": 0.8324491858482361,
      "val_acc_std": 0.008068781266291378,
      "test_acc_mean": 0.8284931349754333,
      "test_acc_std": 0.01036351030696422,
      "train_time_mean": 0.4231610488891602,
      "train_time_std": 0.08949058987744891
    },
    "restricted_standard_mlp": {
      "val_acc_mean": 0.7964633345603943,
      "val_acc_std": 0.008596968008574795,
      "test_acc_mean": 0.7877330899238586,
      "test_acc_std": 0.01134474020817025,
      "train_time_mean": 0.4618603992462158,
      "train_time_std": 0.05475155383934343
    },
    "full_rownorm_mlp": {
      "val_acc_mean": 0.7939699625968933,
      "val_acc_std": 0.009608226751880044,
      "test_acc_mean": 0.7829606533050537,
      "test_acc_std": 0.011363170359725082,
      "train_time_mean": 0.6443661499023438,
      "train_time_std": 0.08632581201623414
    },
    "jl_binary_nc": {
      "val_acc_mean": 0.5475331592559814,
      "val_acc_std": 0.011797746558651227,
      "test_acc_mean": 0.5428369307518005,
      "test_acc_std": 0.0062867712781665185,
      "train_time_mean": 0.554174337387085,
      "train_time_std": 0.054569004346057264
    },
    "jl_binary_2nc": {
      "val_acc_mean": 0.6372060322761536,
      "val_acc_std": 0.010095759649099445,
      "test_acc_mean": 0.6321696710586547,
      "test_acc_std": 0.011497331596075541,
      "train_time_mean": 0.5226745414733887,
      "train_time_std": 0.09444527671982668
    },
    "jl_binary_4nc": {
      "val_acc_mean": 0.6911229252815246,
      "val_acc_std": 0.009052066508262756,
      "test_acc_mean": 0.6816084694862365,
      "test_acc_std": 0.009606130815563349,
      "train_time_mean": 0.5516678333282471,
      "train_time_std": 0.09054989825996423
    },
    "jl_ortho_nc": {
      "val_acc_mean": 0.5454465198516846,
      "val_acc_std": 0.00903415288139271,
      "test_acc_mean": 0.5294034361839295,
      "test_acc_std": 0.009255260066291222,
      "train_time_mean": 0.549565601348877,
      "train_time_std": 0.07405383075541476
    },
    "jl_ortho_2nc": {
      "val_acc_mean": 0.6342882633209228,
      "val_acc_std": 0.011728738315917543,
      "test_acc_mean": 0.620892608165741,
      "test_acc_std": 0.010948148945175791,
      "train_time_mean": 0.5760209560394287,
      "train_time_std": 0.013026915064883775
    },
    "jl_ortho_4nc": {
      "val_acc_mean": 0.6881697773933411,
      "val_acc_std": 0.007679478636166137,
      "test_acc_mean": 0.6808837699890137,
      "test_acc_std": 0.007026686988345596,
      "train_time_mean": 0.5799279594421387,
      "train_time_std": 0.00511846297355497
    }
  },
  "improvements": {
    "restricted_standard_mlp": {
      "vs_sgc": 9.421122074127197,
      "vs_sgc_mlp": -4.076004505157471
    },
    "full_rownorm_mlp": {
      "vs_sgc": 8.943878412246708,
      "vs_sgc_mlp": -4.55324816703796
    },
    "jl_binary_nc": {
      "vs_sgc": -15.068493843078612,
      "vs_sgc_mlp": -28.56562042236328
    },
    "jl_binary_2nc": {
      "vs_sgc": -6.1352198123931885,
      "vs_sgc_mlp": -19.632346391677856
    },
    "jl_binary_4nc": {
      "vs_sgc": -1.191339969635008,
      "vs_sgc_mlp": -14.688466548919676
    },
    "jl_ortho_nc": {
      "vs_sgc": -16.411843299865716,
      "vs_sgc_mlp": -29.908969879150384
    },
    "jl_ortho_2nc": {
      "vs_sgc": -7.262926101684563,
      "vs_sgc_mlp": -20.76005268096923
    },
    "jl_ortho_4nc": {
      "vs_sgc": -1.263809919357295,
      "vs_sgc_mlp": -14.760936498641964
    }
  },
  "parameter_counts": {
    "sgc_baseline": 3000,
    "sgc_mlp_baseline": 144896,
    "restricted_standard_mlp": 144640,
    "full_rownorm_mlp": 144640,
    "jl_binary_nc": 70656,
    "jl_ortho_nc": 70656,
    "jl_binary_2nc": 73216,
    "jl_ortho_2nc": 73216,
    "jl_binary_4nc": 78336,
    "jl_ortho_4nc": 78336
  }
}