{
  "fisher_score": 0.0023294631119078917,
  "mean_fisher_score": 0.0021727211001096453,
  "std_fisher_score": 0.000195294989203744,
  "per_split": [
    {
      "split": 0,
      "fisher_score": 0.0023294631119078917,
      "fisher_score_U": 0.0023294631119078917,
      "between_class_variance": 0.00027114084400389624,
      "within_class_variance": 0.11639628145123308,
      "per_feature_U_stats": {
        "mean": 0.00035699025471683547,
        "std": 0.00035338860075175666,
        "max": 0.003386147227715395,
        "top5": [
          0.003386147227715395,
          0.00286018434567549,
          0.0028307355950281292,
          0.002487603688888448,
          0.0021556361272841904
        ]
      },
      "note": "Computed on training set only to prevent data leakage",
      "fisher_score_X_diffused": 0.036767087533509,
      "between_class_variance_X": 0.017313655299912235,
      "within_class_variance_X": 0.4709009187668949,
      "per_feature_X_stats": {
        "mean": 0.0021470071038005444,
        "std": 0.006056953121618885,
        "max": 0.10201776093950633,
        "top5": [
          0.10201776093950633,
          0.04869530039458843,
          0.033119503747462045,
          0.027550128873916613,
          0.026479286639032436
        ],
        "n_cols_sampled": 500
      }
    },
    {
      "split": 1,
      "fisher_score": 0.0018684228659840536,
      "fisher_score_U": 0.0018684228659840536,
      "between_class_variance": 0.00021965934575136645,
      "within_class_variance": 0.11756404278197331,
      "per_feature_U_stats": {
        "mean": 0.00036715605174682047,
        "std": 0.00038818859812331084,
        "max": 0.003944754029266975,
        "top5": [
          0.003944754029266975,
          0.003481071201669814,
          0.003273829362834865,
          0.002903872096139938,
          0.0027838427840518806
        ]
      },
      "note": "Computed on training set only to prevent data leakage",
      "fisher_score_X_diffused": 0.03845195016633323,
      "between_class_variance_X": 0.017641840209356656,
      "within_class_variance_X": 0.45880222285326494,
      "per_feature_X_stats": {
        "mean": 0.002139773293422863,
        "std": 0.006264879691670942,
        "max": 0.10586174791365018,
        "top5": [
          0.10586174791365018,
          0.052247075696570944,
          0.03396972988954223,
          0.02749223396890991,
          0.02626993628390168
        ],
        "n_cols_sampled": 500
      }
    },
    {
      "split": 2,
      "fisher_score": 0.002405585616872488,
      "fisher_score_U": 0.002405585616872488,
      "between_class_variance": 0.00028226964739919185,
      "within_class_variance": 0.11733926467608824,
      "per_feature_U_stats": {
        "mean": 0.0003283818138326688,
        "std": 0.00030273881121934424,
        "max": 0.0025597984854062615,
        "top5": [
          0.0025597984854062615,
          0.0023472101495201543,
          0.002126889003806159,
          0.0019369343486862866,
          0.0018334322889106112
        ]
      },
      "note": "Computed on training set only to prevent data leakage",
      "fisher_score_X_diffused": 0.036430176420472964,
      "between_class_variance_X": 0.017408031560183976,
      "within_class_variance_X": 0.47784647977716194,
      "per_feature_X_stats": {
        "mean": 0.002028615799241028,
        "std": 0.00571741695503241,
        "max": 0.09549071518938851,
        "top5": [
          0.09549071518938851,
          0.045260200037027326,
          0.03025575293384133,
          0.029058830512974924,
          0.026466556165883354
        ],
        "n_cols_sampled": 500
      }
    },
    {
      "split": 3,
      "fisher_score": 0.0020415498506771313,
      "fisher_score_U": 0.0020415498506771313,
      "between_class_variance": 0.00023909396894242283,
      "within_class_variance": 0.11711395088546152,
      "per_feature_U_stats": {
        "mean": 0.00038389457799307974,
        "std": 0.0003791283283950686,
        "max": 0.003966158751617499,
        "top5": [
          0.003966158751617499,
          0.0033503345943198177,
          0.003192012982513203,
          0.0028403758131927475,
          0.0026495997347973366
        ]
      },
      "note": "Computed on training set only to prevent data leakage",
      "fisher_score_X_diffused": 0.037759465375899644,
      "between_class_variance_X": 0.01817896826494024,
      "within_class_variance_X": 0.48144135739122906,
      "per_feature_X_stats": {
        "mean": 0.002265416740914718,
        "std": 0.006733156808393681,
        "max": 0.11638926317493961,
        "top5": [
          0.11638926317493961,
          0.05481217262808244,
          0.03406841489598106,
          0.030268320621395232,
          0.027193460287786592
        ],
        "n_cols_sampled": 500
      }
    },
    {
      "split": 4,
      "fisher_score": 0.0022185840551066614,
      "fisher_score_U": 0.0022185840551066614,
      "between_class_variance": 0.0002593671581432278,
      "within_class_variance": 0.11690661778003193,
      "per_feature_U_stats": {
        "mean": 0.00036403445418308747,
        "std": 0.0003694873802151186,
        "max": 0.0034007831297256912,
        "top5": [
          0.0034007831297256912,
          0.003048642637366215,
          0.002984718340724484,
          0.0029291905856116685,
          0.002627616237842964
        ]
      },
      "note": "Computed on training set only to prevent data leakage",
      "fisher_score_X_diffused": 0.03509336184631718,
      "between_class_variance_X": 0.0166585335837191,
      "within_class_variance_X": 0.47469187069255675,
      "per_feature_X_stats": {
        "mean": 0.002102965622600916,
        "std": 0.0059623532626601585,
        "max": 0.09943788161249938,
        "top5": [
          0.09943788161249938,
          0.04961667876377349,
          0.030885749564021348,
          0.027901400872048066,
          0.02667015290230365
        ],
        "n_cols_sampled": 500
      }
    }
  ],
  "note": "Fisher score computed on training set only (no leakage)"
}