{
  "fisher_score": 0.02376018538200724,
  "std_fisher_score": 0.0014942923259942302,
  "per_split": [
    {
      "split": 0,
      "fisher_score": 0.026577540164509993,
      "fisher_score_U": 0.026577540164509993,
      "between_class_variance": 4.5910017094545586e-05,
      "within_class_variance": 0.0017273990297962559,
      "per_feature_U_stats": {
        "mean": 0.008726436433786521,
        "std": 0.005345977530743727,
        "max": 0.024283552277908488,
        "top5": [
          0.024283552277908488,
          0.024252033260685552,
          0.024152022038566808,
          0.02413685048163767,
          0.024027092957345928
        ]
      },
      "note": "Computed on training set only to prevent data leakage",
      "fisher_score_X_diffused": 0.04333659609670694,
      "between_class_variance_X": 0.0001567951181958117,
      "within_class_variance_X": 0.003618076460041268,
      "per_feature_X_stats": {
        "mean": 0.08364213414238175,
        "std": 0.08574931335477998,
        "max": 0.697214878006303,
        "top5": [
          0.697214878006303,
          0.5917737873455602,
          0.5434505729512165,
          0.4021567484073975,
          0.377643121515186
        ],
        "n_cols_sampled": 500
      }
    },
    {
      "split": 1,
      "fisher_score": 0.022344997905591205,
      "fisher_score_U": 0.022344997905591205,
      "between_class_variance": 3.9026534283176595e-05,
      "within_class_variance": 0.001746544548720289,
      "per_feature_U_stats": {
        "mean": 0.007692564672941579,
        "std": 0.004810267490172936,
        "max": 0.024160502264852536,
        "top5": [
          0.024160502264852536,
          0.022730000670205645,
          0.021781500628633363,
          0.021747750661262208,
          0.0212014570152258
        ]
      },
      "note": "Computed on training set only to prevent data leakage",
      "fisher_score_X_diffused": 0.039491851415735905,
      "between_class_variance_X": 0.00013963870586104844,
      "within_class_variance_X": 0.003535886540011848,
      "per_feature_X_stats": {
        "mean": 0.0832440150311826,
        "std": 0.08479199002304033,
        "max": 0.6704611786956575,
        "top5": [
          0.6704611786956575,
          0.599433634939128,
          0.5254824597899524,
          0.40280025014434034,
          0.3792813309528611
        ],
        "n_cols_sampled": 500
      }
    },
    {
      "split": 2,
      "fisher_score": 0.023413134898292068,
      "fisher_score_U": 0.023413134898292068,
      "between_class_variance": 4.007184900163947e-05,
      "within_class_variance": 0.001711511473184337,
      "per_feature_U_stats": {
        "mean": 0.008003345531044233,
        "std": 0.0049260392789522225,
        "max": 0.0238794976799599,
        "top5": [
          0.0238794976799599,
          0.022742480909663673,
          0.021857264259998593,
          0.021544920361190576,
          0.021255678543639276
        ]
      },
      "note": "Computed on training set only to prevent data leakage",
      "fisher_score_X_diffused": 0.03985514481059172,
      "between_class_variance_X": 0.00014043332326801436,
      "within_class_variance_X": 0.0035235933512577137,
      "per_feature_X_stats": {
        "mean": 0.08380555943459458,
        "std": 0.08610862111386475,
        "max": 0.7120221603821646,
        "top5": [
          0.7120221603821646,
          0.6022652192047522,
          0.5225274028197717,
          0.40560432241536104,
          0.3649424417875366
        ],
        "n_cols_sampled": 500
      }
    },
    {
      "split": 3,
      "fisher_score": 0.02270954742569584,
      "fisher_score_U": 0.02270954742569584,
      "between_class_variance": 3.89429605998759e-05,
      "within_class_variance": 0.0017148276832594192,
      "per_feature_U_stats": {
        "mean": 0.007698502224637956,
        "std": 0.0049782582264713835,
        "max": 0.027478214767983965,
        "top5": [
          0.027478214767983965,
          0.026210157773573793,
          0.023269659303700365,
          0.022513848644842124,
          0.021808914379782298
        ]
      },
      "note": "Computed on training set only to prevent data leakage",
      "fisher_score_X_diffused": 0.03919808219304466,
      "between_class_variance_X": 0.00014210435299732852,
      "within_class_variance_X": 0.0036252884081799195,
      "per_feature_X_stats": {
        "mean": 0.08155918055008499,
        "std": 0.08329313535924954,
        "max": 0.6655548186945672,
        "top5": [
          0.6655548186945672,
          0.5898665249046173,
          0.5293316475935078,
          0.38957378939905263,
          0.35509897106272414
        ],
        "n_cols_sampled": 500
      }
    },
    {
      "split": 4,
      "fisher_score": 0.0237557065159471,
      "fisher_score_U": 0.0237557065159471,
      "between_class_variance": 3.968218142191422e-05,
      "within_class_variance": 0.001670427330598471,
      "per_feature_U_stats": {
        "mean": 0.00789971243007936,
        "std": 0.004922685376288271,
        "max": 0.024536298066928825,
        "top5": [
          0.024536298066928825,
          0.023325536794163004,
          0.02297367180682624,
          0.02247529301581725,
          0.022176260836983822
        ]
      },
      "note": "Computed on training set only to prevent data leakage",
      "fisher_score_X_diffused": 0.04421972578868812,
      "between_class_variance_X": 0.00015817842757365715,
      "within_class_variance_X": 0.003577101050547918,
      "per_feature_X_stats": {
        "mean": 0.08224380178516764,
        "std": 0.08419591669475614,
        "max": 0.6648164149379636,
        "top5": [
          0.6648164149379636,
          0.6249629778913144,
          0.5402268252525646,
          0.3823460373101641,
          0.3821398264791792
        ],
        "n_cols_sampled": 500
      }
    }
  ],
  "note": "Fisher score computed on training set only (no leakage)"
}