{
  "overall_mean": 1.8128376596367661,
  "overall_std": 1.0703012125573943,
  "overall_min": 0.6476858872906177,
  "overall_max": 18.714573380276672,
  "per_class": {
    "0": {
      "count": 282,
      "mean": 1.4426805250740016,
      "std": 0.666101308655267
    },
    "1": {
      "count": 546,
      "mean": 1.7435182379550682,
      "std": 0.9459303426278364
    },
    "2": {
      "count": 2139,
      "mean": 2.199295832193143,
      "std": 1.2502417133324855
    },
    "3": {
      "count": 1912,
      "mean": 1.8661356788222498,
      "std": 1.0324977168893665
    },
    "4": {
      "count": 2580,
      "mean": 1.5897766877257407,
      "std": 0.8605754118987026
    },
    "5": {
      "count": 762,
      "mean": 1.8814428815429438,
      "std": 1.1377818843792413
    },
    "6": {
      "count": 409,
      "mean": 2.2668262332014235,
      "std": 1.2325620617020339
    },
    "7": {
      "count": 816,
      "mean": 1.4776107388445652,
      "std": 0.9509296417447162
    },
    "8": {
      "count": 465,
      "mean": 1.5948372506438382,
      "std": 0.9063543084209993
    },
    "9": {
      "count": 1400,
      "mean": 1.7600855394955612,
      "std": 1.0768063108442278
    }
  },
  "between_class_variance": 0.07078908133591827,
  "within_class_variance": 1.0059780700494876,
  "fisher_score": 0.07036841402758999
}