{
  "fisher_score": 0.004157517536680937,
  "mean_fisher_score": 0.004157517536680937,
  "std_fisher_score": 0.0,
  "per_split": [
    {
      "split": 0,
      "fisher_score": 0.004157517536680937,
      "fisher_score_U": 0.004157517536680937,
      "between_class_variance": 0.0006658563601203872,
      "within_class_variance": 0.16015719819475713,
      "per_feature_U_stats": {
        "mean": 0.0003405202403851051,
        "std": 0.00047775025743913456,
        "max": 0.00355551108617748,
        "top5": [
          0.00355551108617748,
          0.0031498913806816847,
          0.0030077845969945067,
          0.002569284228309952,
          0.0025284250475863202
        ]
      },
      "note": "Computed on training set only to prevent data leakage",
      "fisher_score_X_diffused": 0.006376808121728407,
      "between_class_variance_X": 0.00035209604722656395,
      "within_class_variance_X": 0.05521509201865867,
      "per_feature_X_stats": {
        "mean": 0.0007629678131954938,
        "std": 0.0016918353509599092,
        "max": 0.0319778457067447,
        "top5": [
          0.0319778457067447,
          0.010326005259846437,
          0.006875988906042644,
          0.005776371488449965,
          0.004696114571798102
        ],
        "n_cols_sampled": 500
      }
    }
  ],
  "note": "Fisher score computed on training set only (no leakage)"
}