{
  "metadata": {
    "dataset": "cora",
    "split_type": "random",
    "component_type": "lcc",
    "k_diffusion": 2,
    "num_nodes": 2485,
    "num_features": 1433,
    "num_classes": 7,
    "num_random_splits": 5,
    "num_seeds": 5,
    "epochs": 200,
    "whitening_eps": 1e-06,
    "wadia_regime": "n > d (structure retained)",
    "timestamp": "2026-01-01T21:37:00.840264"
  },
  "final_results": {
    "original_Linear": {
      "val_acc_mean": 0.8847484612464904,
      "val_acc_std": 0.006841524991316214,
      "test_acc_mean": 0.879517068862915,
      "test_acc_std": 0.012805645723432195,
      "train_time_mean": 0.06662473678588868
    },
    "original_Linear+RowNorm": {
      "val_acc_mean": 0.8848289442062378,
      "val_acc_std": 0.011791234293454599,
      "test_acc_mean": 0.8780683755874634,
      "test_acc_std": 0.0147966121178954,
      "train_time_mean": 0.06554975509643554
    },
    "original_MLP": {
      "val_acc_mean": 0.8629375791549683,
      "val_acc_std": 0.005287430320166188,
      "test_acc_mean": 0.8559355711936951,
      "test_acc_std": 0.008207670436224836,
      "train_time_mean": 0.09872212409973144
    },
    "original_MLP+RowNorm": {
      "val_acc_mean": 0.8692957329750061,
      "val_acc_std": 0.008545607747399871,
      "test_acc_mean": 0.8560965442657471,
      "test_acc_std": 0.01397623466565135,
      "train_time_mean": 0.13464266777038575
    },
    "full_zca_whiten_Linear": {
      "val_acc_mean": 0.41971829533576965,
      "val_acc_std": 0.026042154236265404,
      "test_acc_mean": 0.4096579349040985,
      "test_acc_std": 0.016066371175273972,
      "train_time_mean": 0.05621328353881836
    },
    "full_zca_whiten_Linear+RowNorm": {
      "val_acc_mean": 0.4709858989715576,
      "val_acc_std": 0.01761380964072639,
      "test_acc_mean": 0.4604426383972168,
      "test_acc_std": 0.011059881915771898,
      "train_time_mean": 0.06320755004882812
    },
    "full_zca_whiten_MLP": {
      "val_acc_mean": 0.723702187538147,
      "val_acc_std": 0.017174375037398347,
      "test_acc_mean": 0.716378231048584,
      "test_acc_std": 0.010501092382417138,
      "train_time_mean": 0.10046353340148925
    },
    "full_zca_whiten_MLP+RowNorm": {
      "val_acc_mean": 0.6593158721923829,
      "val_acc_std": 0.02451572768926284,
      "test_acc_mean": 0.6505432415008545,
      "test_acc_std": 0.020540642211437154,
      "train_time_mean": 0.13925533294677733
    },
    "rayleigh_ritz_Linear": {
      "val_acc_mean": 0.2909456670284271,
      "val_acc_std": 0.018986112609558462,
      "test_acc_mean": 0.2927967727184296,
      "test_acc_std": 0.01678719024026358,
      "train_time_mean": 0.05955350875854492
    },
    "rayleigh_ritz_Linear+RowNorm": {
      "val_acc_mean": 0.369255518913269,
      "val_acc_std": 0.02071648906143389,
      "test_acc_mean": 0.37488932013511655,
      "test_acc_std": 0.025890738965818668,
      "train_time_mean": 0.06413572311401367
    },
    "rayleigh_ritz_MLP": {
      "val_acc_mean": 0.5637826728820801,
      "val_acc_std": 0.022649890244481077,
      "test_acc_mean": 0.5481689953804016,
      "test_acc_std": 0.022600360480422636,
      "train_time_mean": 0.10006336212158203
    },
    "rayleigh_ritz_MLP+RowNorm": {
      "val_acc_mean": 0.6165794515609742,
      "val_acc_std": 0.023243256213866532,
      "test_acc_mean": 0.6001609444618226,
      "test_acc_std": 0.026550335999869865,
      "train_time_mean": 0.14109360694885253
    },
    "pca_whiten_Linear": {
      "val_acc_mean": 0.4086116576194763,
      "val_acc_std": 0.02672904782654046,
      "test_acc_mean": 0.4020120584964752,
      "test_acc_std": 0.012350914371272389,
      "train_time_mean": 0.060068998336791996
    },
    "pca_whiten_Linear+RowNorm": {
      "val_acc_mean": 0.44112674474716185,
      "val_acc_std": 0.02721750567117375,
      "test_acc_mean": 0.4527162849903107,
      "test_acc_std": 0.017969510741780034,
      "train_time_mean": 0.06564480781555176
    },
    "pca_whiten_MLP": {
      "val_acc_mean": 0.6359758305549622,
      "val_acc_std": 0.03418353615391345,
      "test_acc_mean": 0.634849066734314,
      "test_acc_std": 0.019207605373070796,
      "train_time_mean": 0.10099075317382812
    },
    "pca_whiten_MLP+RowNorm": {
      "val_acc_mean": 0.6127162718772888,
      "val_acc_std": 0.02702547983779976,
      "test_acc_mean": 0.6254325723648071,
      "test_acc_std": 0.020681746727926324,
      "train_time_mean": 0.1442374038696289
    },
    "zca_whiten_Linear": {
      "val_acc_mean": 0.4331589388847351,
      "val_acc_std": 0.03285299508192078,
      "test_acc_mean": 0.4357343912124634,
      "test_acc_std": 0.02049613439406096,
      "train_time_mean": 0.06288174629211425
    },
    "zca_whiten_Linear+RowNorm": {
      "val_acc_mean": 0.5018913304805755,
      "val_acc_std": 0.03638270933961912,
      "test_acc_mean": 0.5009255385398865,
      "test_acc_std": 0.017572941102348937,
      "train_time_mean": 0.0673444938659668
    },
    "zca_whiten_MLP": {
      "val_acc_mean": 0.6338028001785279,
      "val_acc_std": 0.031082448976201098,
      "test_acc_mean": 0.6338832759857178,
      "test_acc_std": 0.017536030021284836,
      "train_time_mean": 0.10528488159179687
    },
    "zca_whiten_MLP+RowNorm": {
      "val_acc_mean": 0.6053118467330932,
      "val_acc_std": 0.024189629950249196,
      "test_acc_mean": 0.6139235234260559,
      "test_acc_std": 0.014557386016067705,
      "train_time_mean": 0.1419355297088623
    }
  },
  "whitening_analysis": {
    "full_zca_whiten": {
      "name": "full_zca_whiten",
      "dim_original": 1433,
      "dim_whitened": 1433,
      "dist_from_I_original": 340.1008261089923,
      "dist_from_I_whitened": 2.8766657140771414,
      "condition_original": 3909633.5,
      "condition_whitened": 3.6265299320220947,
      "entropy_original": 4.904026985168457,
      "entropy_whitened": 7.262340545654297,
      "max_entropy_original": 7.2633296174768365,
      "max_entropy_whitened": 7.2633296174768365,
      "uniformity_original": 0.6751761579659711,
      "uniformity_whitened": 0.9998638266642671,
      "whitening_indicators": 3
    },
    "rayleigh_ritz": {
      "name": "rayleigh_ritz",
      "dim_original": 1433,
      "dim_whitened": 1426,
      "dist_from_I_original": 340.1008261089923,
      "dist_from_I_whitened": 14.586292716792974,
      "condition_original": 3909633.5,
      "condition_whitened": 41.48591232299805,
      "entropy_original": 4.904026985168457,
      "entropy_whitened": 7.187069416046143,
      "max_entropy_original": 7.2633296174768365,
      "max_entropy_whitened": 7.262628600974241,
      "uniformity_original": 0.6751761579659711,
      "uniformity_whitened": 0.9895961656475228,
      "whitening_indicators": 3
    }
  },
  "gram_matrix_analysis": {
    "original": {
      "name": "original",
      "n_samples": 2485,
      "n_features": 1433,
      "wadia_regime": "n > d (structure retained)",
      "F_shape": "1433x1433",
      "F_n_nonzero_eig": 1427,
      "F_eig_mean": 0.0026339024771004915,
      "F_eig_std": 0.009068829007446766,
      "F_dist_from_1_mean": 0.9973661303520203,
      "K_shape": "2485x2485",
      "K_n_nonzero_eig": 1427,
      "K_eig_min": 2.765898159395874e-07,
      "K_eig_max": 0.1572534590959549,
      "K_eig_mean": 0.0026339024771004915,
      "K_eig_std": 0.009068829007446766,
      "K_dist_from_1_mean": 0.9973661303520203,
      "K_dist_from_1_max": 0.9999997019767761,
      "K_condition_number": 568543.9375,
      "K_is_approximately_identity": false,
      "K_eig_first_10": [
        0.1572534590959549,
        0.14249412715435028,
        0.1197352260351181,
        0.10707172006368637,
        0.07817120850086212,
        0.06780091673135757,
        0.055933259427547455,
        0.05495293438434601,
        0.048096366226673126,
        0.044218581169843674
      ],