{
  "dataset": "coauthor-cs",
  "k": 1,
  "split_type": "fixed",
  "component_type": "lcc",
  "num_seeds": 15,
  "num_splits": 1,
  "total_runs_per_method": 15,
  "metadata": {
    "d_effective": 6803,
    "ortho_error": 2.2490143081199676e-10,
    "num_components": 0,
    "num_nodes": 18333,
    "num_features": 6805,
    "num_classes": 15
  },
  "experiments": {
    "sgc_mlp_baseline": {
      "test_acc_mean": 0.9326971610387166,
      "test_acc_std": 0.001312650860548274,
      "val_acc_mean": 0.9402982513109843,
      "val_acc_std": 0.0011481105232880515,
      "per_run_test_acc": [
        0.9312976598739624,
        0.9345691800117493,
        0.9321155548095703,
        0.9312976598739624,
        0.9334787130355835,
        0.9332060813903809,
        0.9326608180999756,
        0.9329334497451782,
        0.9312976598739624,
        0.9321155548095703,
        0.9332060813903809,
        0.9353870749473572,
        0.9302071332931519,
        0.9337513446807861,
        0.9329334497451782
      ],
      "n_runs": 15,
      "train_acc_mean": 0.9997636000315349,
      "train_acc_std": 7.995149663014244e-05,
      "num_params": 1811983,
      "param_to_train_ratio": 164.74070370033638
    },
    "restricted_standard_mlp": {
      "test_acc_mean": 0.8247727751731873,
      "test_acc_std": 0.0039059435704241075,
      "val_acc_mean": 0.8143662691116333,
      "val_acc_std": 0.004220978712657543,
      "per_run_test_acc": [
        0.8146128058433533,
        0.8276990056037903,
        0.8274263739585876,
        0.8255179524421692,
        0.8252453207969666,
        0.8276990056037903,
        0.8301526308059692,
        0.8219738006591797,
        0.8257905840873718,
        0.8227916955947876,
        0.8276990056037903,
        0.8290621042251587,
        0.824154794216156,
        0.821701169013977,
        0.8200653791427612
      ],
      "n_runs": 15,
      "train_acc_mean": 0.9994847774505615,
      "train_acc_std": 0.00021170370873269454,
      "num_params": 1811471,
      "param_to_train_ratio": 164.69415401400127
    },
    "restricted_rownorm_mlp": {
      "test_acc_mean": 0.8093420267105103,
      "test_acc_std": 0.022180759346632783,
      "val_acc_mean": 0.8088379820187886,
      "val_acc_std": 0.020721518822706387,
      "per_run_test_acc": [
        0.8279716372489929,
        0.8203380107879639,
        0.7712649703025818,
        0.7791711688041687,
        0.8383314609527588,
        0.7824426889419556,
        0.8047982454299927,
        0.8369683623313904,
        0.7786259055137634,
        0.8088876605033875,
        0.8369683623313904,
        0.8200653791427612,
        0.8181570172309875,
        0.8203380107879639,
        0.7958015203475952
      ],
      "n_runs": 15,
      "train_acc_mean": 0.9987635056177775,
      "train_acc_std": 0.0011932081623246215,
      "num_params": 1810944,
      "param_to_train_ratio": 164.6462405673243
    }
  },
  "framework_analysis": {
    "sgc_mlp_acc_pct": 93.26971610387166,
    "restricted_std_acc_pct": 82.47727751731873,
    "restricted_rownorm_acc_pct": 80.93420267105103,
    "part_a_pp": 10.792438586552933,
    "part_b_pp": -1.5430748462677002,
    "remaining_gap_pp": 12.335513432820633
  }
}