{
  "fisher_score": 0.012859933836361071,
  "std_fisher_score": 0.003848191995036236,
  "per_split": [
    {
      "split": 0,
      "fisher_score": 0.013463560242102091,
      "fisher_score_U": 0.013463560242102091,
      "between_class_variance": 0.00016660624622665554,
      "within_class_variance": 0.012374605470673261,
      "per_feature_U_stats": {
        "mean": 0.037633007292803694,
        "std": 0.035033716783254,
        "max": 0.5626483459775894,
        "top5": [
          0.5626483459775894,
          0.2553470675131731,
          0.2529925309273894,
          0.23124949765361658,
          0.2275548311869048
        ]
      },
      "note": "Computed on training set only to prevent data leakage",
      "fisher_score_X_diffused": 0.025659317822496454,
      "between_class_variance_X": 0.004362807758399873,
      "within_class_variance_X": 0.17002820529292642,
      "per_feature_X_stats": {
        "mean": 0.1390391548681466,
        "std": 0.17745600431023587,
        "max": 2.6383171761957245,
        "top5": [
          2.6383171761957245,
          0.9817521028810059,
          0.905088455288632,
          0.8819187404461539,
          0.7369611063631332
        ],
        "n_cols_sampled": 500
      }
    },
    {
      "split": 1,
      "fisher_score": 0.013499697656630115,
      "fisher_score_U": 0.013499697656630115,
      "between_class_variance": 0.00016991193886300838,
      "within_class_variance": 0.01258635142688247,
      "per_feature_U_stats": {
        "mean": 0.03708104320849847,
        "std": 0.03361502311740635,
        "max": 0.4506004727906272,
        "top5": [
          0.4506004727906272,
          0.2842922134939708,
          0.27394647231847036,
          0.23772796331277454,
          0.23429510918865135
        ]
      },
      "note": "Computed on training set only to prevent data leakage",
      "fisher_score_X_diffused": 0.03461937363862711,
      "between_class_variance_X": 0.005532744482264011,
      "within_class_variance_X": 0.15981642360192108,
      "per_feature_X_stats": {
        "mean": 0.13586952862769403,
        "std": 0.17984600901753658,
        "max": 2.5775436454726086,
        "top5": [
          2.5775436454726086,
          1.2151924375542664,
          1.0420642912447504,
          0.8571811193522441,
          0.8304273812043822
        ],
        "n_cols_sampled": 500
      }
    },
    {
      "split": 2,
      "fisher_score": 0.007314247145193875,
      "fisher_score_U": 0.007314247145193875,
      "between_class_variance": 9.258862892188773e-05,
      "within_class_variance": 0.012658668361066645,
      "per_feature_U_stats": {
        "mean": 0.0368848239931005,
        "std": 0.03409688190697071,
        "max": 0.47623788060813416,
        "top5": [
          0.47623788060813416,
          0.2994811698864647,
          0.26751944884398754,
          0.2673987663267995,
          0.21053415463675093
        ]
      },
      "note": "Computed on training set only to prevent data leakage",
      "fisher_score_X_diffused": 0.056898578012528164,
      "between_class_variance_X": 0.008944858568317147,
      "within_class_variance_X": 0.15720706704388343,
      "per_feature_X_stats": {
        "mean": 0.13817558239741617,
        "std": 0.21356651219170353,
        "max": 3.6321379205308757,
        "top5": [
          3.6321379205308757,
          1.2158040628120832,
          1.0648298009903852,
          0.924982262268917,
          0.8021513313750348
        ],
        "n_cols_sampled": 500
      }
    },
    {
      "split": 3,
      "fisher_score": 0.019089055049246826,
      "fisher_score_U": 0.019089055049246826,
      "between_class_variance": 0.0002656063013927826,
      "within_class_variance": 0.013914062309923628,
      "per_feature_U_stats": {
        "mean": 0.03760394446319891,
        "std": 0.034516855680263706,
        "max": 0.5298753081973667,
        "top5": [
          0.5298753081973667,
          0.3084166861561932,
          0.2452082866672512,
          0.2414642252128269,
          0.22858962006960737
        ]
      },
      "note": "Computed on training set only to prevent data leakage",
      "fisher_score_X_diffused": 0.020010315361622545,
      "between_class_variance_X": 0.00328003653824185,
      "within_class_variance_X": 0.16391728360926175,
      "per_feature_X_stats": {
        "mean": 0.1413617161582004,
        "std": 0.20279431289223832,
        "max": 3.313378958544973,
        "top5": [
          3.313378958544973,
          1.2859201246713314,
          0.8608395578433227,
          0.8588653996664972,
          0.7956663813243543
        ],
        "n_cols_sampled": 500
      }
    },
    {
      "split": 4,
      "fisher_score": 0.010933109088632438,
      "fisher_score_U": 0.010933109088632438,
      "between_class_variance": 0.00013380027968032873,
      "within_class_variance": 0.012238081463894462,
      "per_feature_U_stats": {
        "mean": 0.036243777802250965,
        "std": 0.03419930498719055,
        "max": 0.4872218739802654,
        "top5": [
          0.4872218739802654,
          0.3140451396254104,
          0.2780632198888541,
          0.2655201966212043,
          0.22185379377699085
        ]
      },
      "note": "Computed on training set only to prevent data leakage",
      "fisher_score_X_diffused": 0.03417153183700207,
      "between_class_variance_X": 0.00518389535505181,
      "within_class_variance_X": 0.15170216482477136,
      "per_feature_X_stats": {
        "mean": 0.13447897342361192,
        "std": 0.19589648253164252,
        "max": 3.2960443687181527,
        "top5": [
          3.2960443687181527,
          0.9885789583597981,
          0.8409006197933545,
          0.8380487941581417,
          0.7502353843189301
        ],
        "n_cols_sampled": 500
      }
    }
  ],
  "note": "Fisher score computed on training set only (no leakage)"
}