{
  "dataset": "amazon-photo",
  "k": 4,
  "split_type": "random",
  "component_type": "lcc",
  "num_seeds": 15,
  "num_splits": 5,
  "total_runs_per_method": 75,
  "metadata": {
    "d_effective": 745,
    "ortho_error": 6.584427447720032e-10,
    "num_components": 0,
    "num_nodes": 7487,
    "num_features": 745,
    "num_classes": 8
  },
  "experiments": {
    "sgc_mlp_baseline": {
      "test_acc_mean": 0.9333333722750345,
      "test_acc_std": 0.008048669685948258,
      "val_acc_mean": 0.9430238628387451,
      "val_acc_std": 0.006725098641291573,
      "per_run_test_acc": [
        0.9399199485778809,
        0.9379172921180725,
        0.9372497200965881,
        0.9399199485778809,
        0.9419226050376892,
        0.9385848045349121,
        0.9372497200965881,
        0.9399199485778809,
        0.9345794916152954,
        0.9365821480751038,
        0.9379172921180725,
        0.9352470636367798,
        0.9392523765563965,
        0.9359145760536194,
        0.9419226050376892,
        0.9439252614974976,
        0.9419226050376892,
        0.9405874609947205,
        0.9399199485778809,
        0.9452604055404663,
        0.9459279179573059,
        0.9452604055404663,
        0.9485981464385986,
        0.9499332904815674,
        0.9465954899787903,
        0.9359145760536194,
        0.9452604055404663,
        0.9419226050376892,
        0.9425901770591736,
        0.9439252614974976,
        0.9205607771873474,
        0.9225634336471558,
        0.919893205165863,
        0.9252336621284485,
        0.9225634336471558,
        0.9252336621284485,
        0.913885235786438,
        0.9212283492088318,
        0.9265688061714172,
        0.9238985776901245,
        0.919893205165863,
        0.9225634336471558,
        0.9232310056686401,
        0.9205607771873474,
        0.9218959212303162,
        0.9325768351554871,
        0.9285714626312256,
        0.9225634336471558,
        0.9272363781929016,
        0.9312416911125183,
        0.9352470636367798,
        0.9332443475723267,
        0.9312416911125183,
        0.9305741190910339,
        0.9299066066741943,
        0.9359145760536194,
        0.9305741190910339,
        0.9312416911125183,
        0.9205607771873474,
        0.9332443475723267,
        0.9359145760536194,
        0.9319092631340027,
        0.9345794916152954,
        0.9385848045349121,
        0.9319092631340027,
        0.92923903465271,
        0.92923903465271,
        0.9312416911125183,
        0.92923903465271,
        0.9325768351554871,
        0.9312416911125183,
        0.9365821480751038,
        0.9332443475723267,
        0.9279038906097412,
        0.9312416911125183
      ],
      "n_runs": 75,
      "train_acc_mean": 0.9462926944096883,
      "train_acc_std": 0.004633034534326,
      "num_params": 258824,
      "param_to_train_ratio": 57.61887800534283
    },
    "restricted_standard_mlp": {
      "test_acc_mean": 0.9008189113934835,
      "test_acc_std": 0.005908963489427159,
      "val_acc_mean": 0.9041728281974792,
      "val_acc_std": 0.007688162541320276,
      "per_run_test_acc": [
        0.8951936364173889,
        0.8958612084388733,
        0.8978638648986816,
        0.8958612084388733,
        0.8891856074333191,
        0.8931909799575806,
        0.8931909799575806,
        0.8978638648986816,
        0.8951936364173889,
        0.898531436920166,
        0.8958612084388733,
        0.9005340933799744,
        0.8898531794548035,
        0.8951936364173889,
        0.898531436920166,
        0.8938584923744202,
        0.898531436920166,
        0.9018691778182983,
        0.9065421223640442,
        0.9052069783210754,
        0.9025367498397827,
        0.9012016654014587,
        0.9045394062995911,
        0.8991989493370056,
        0.8965287208557129,
        0.9018691778182983,
        0.9058745503425598,
        0.9032043218612671,
        0.9032043218612671,
        0.9012016654014587,
        0.8938584923744202,
        0.8951936364173889,
        0.898531436920166,
        0.8971962928771973,
        0.8938584923744202,
        0.8945260643959045,
        0.8918558359146118,
        0.8931909799575806,
        0.9012016654014587,
        0.8965287208557129,
        0.9005340933799744,
        0.8938584923744202,
        0.89986652135849,
        0.8958612084388733,
        0.9032043218612671,
        0.9045394062995911,
        0.9065421223640442,
        0.9078772068023682,
        0.9065421223640442,
        0.9078772068023682,
        0.9092123508453369,
        0.9098798632621765,
        0.9065421223640442,
        0.9058745503425598,
        0.8978638648986816,
        0.9078772068023682,
        0.9052069783210754,
        0.9052069783210754,
        0.9038718938827515,
        0.9052069783210754,
        0.9045394062995911,
        0.9112150073051453,
        0.9052069783210754,
        0.9058745503425598,
        0.9018691778182983,
        0.9078772068023682,
        0.9018691778182983,
        0.9098798632621765,
        0.8798398375511169,
        0.9078772068023682,
        0.9085447788238525,
        0.9045394062995911,
        0.9038718938827515,
        0.9045394062995911,
        0.9072096347808838
      ],
      "n_runs": 75,
      "train_acc_mean": 0.9995399618148804,
      "train_acc_std": 0.000957226535101643,
      "num_params": 258824,
      "param_to_train_ratio": 57.61887800534283
    },
    "restricted_rownorm_mlp": {
      "test_acc_mean": 0.9135736934343974,
      "test_acc_std": 0.006078633905564324,
      "val_acc_mean": 0.9189045159022013,
      "val_acc_std": 0.007872992707190097,
      "per_run_test_acc": [
        0.9078772068023682,
        0.9058745503425598,
        0.9098798632621765,
        0.9052069783210754,
        0.9092123508453369,
        0.9012016654014587,
        0.9065421223640442,
        0.9158878922462463,
        0.9018691778182983,
        0.9205607771873474,
        0.9165554642677307,
        0.9025367498397827,
        0.9125500917434692,
        0.9085447788238525,
        0.9052069783210754,
        0.9132176637649536,
        0.9165554642677307,
        0.9192256927490234,
        0.919893205165863,
        0.9205607771873474,
        0.9158878922462463,
        0.9192256927490234,
        0.9085447788238525,
        0.9178905487060547,
        0.9212283492088318,
        0.913885235786438,
        0.9165554642677307,
        0.919893205165863,
        0.9205607771873474,
        0.919893205165863,
        0.9058745503425598,
        0.9052069783210754,
        0.9078772068023682,
        0.9038718938827515,
        0.9085447788238525,
        0.9098798632621765,
        0.9132176637649536,
        0.9105474352836609,
        0.9098798632621765,
        0.9025367498397827,
        0.9065421223640442,
        0.9118825197219849,
        0.9038718938827515,
        0.9092123508453369,
        0.9105474352836609,
        0.919893205165863,
        0.9165554642677307,
        0.919893205165863,
        0.9212283492088318,
        0.9225634336471558,
        0.913885235786438,
        0.9212283492088318,
        0.9118825197219849,
        0.9158878922462463,
        0.9185581207275391,
        0.9118825197219849,
        0.9245661497116089,
        0.9052069783210754,
        0.9212283492088318,
        0.9158878922462463,
        0.9178905487060547,
        0.915220320224762,
        0.9205607771873474,
        0.9165554642677307,
        0.9205607771873474,
        0.9105474352836609,
        0.9212283492088318,
        0.9192256927490234,
        0.9145527482032776,
        0.9212283492088318,
        0.9145527482032776,
        0.9085447788238525,
        0.9105474352836609,
        0.915220320224762,
        0.9192256927490234
      ],
      "n_runs": 75,
      "train_acc_mean": 0.9963758031527201,
      "train_acc_std": 0.002237597532839279,
      "num_params": 258304,
      "param_to_train_ratio": 57.503116651825465
    }
  },
  "framework_analysis": {
    "sgc_mlp_acc_pct": 93.33333722750345,