{
  "fisher_score": 0.006592656014073572,
  "mean_fisher_score": 0.007796267734731533,
  "std_fisher_score": 0.0006221986216948521,
  "per_split": [
    {
      "split": 0,
      "fisher_score": 0.006592656014073572,
      "fisher_score_U": 0.006592656014073572,
      "between_class_variance": 0.0007469814282327362,
      "within_class_variance": 0.1133050816906159,
      "per_feature_U_stats": {
        "mean": 0.00021376404703150054,
        "std": 9.772298640111771e-05,
        "max": 0.0008096230582910869,
        "top5": [
          0.0008096230582910869,
          0.0006663226007869276,
          0.0006663112939420453,
          0.0005656541353830463,
          0.0005331560259604135
        ]
      },
      "note": "Computed on training set only to prevent data leakage",
      "fisher_score_X_diffused": 0.06108023807252064,
      "between_class_variance_X": 0.0611041655031509,
      "within_class_variance_X": 1.0003917376779352,
      "per_feature_X_stats": {
        "mean": 0.004917894079126763,
        "std": 0.003933959322735142,
        "max": 0.04080397194900199,
        "top5": [
          0.04080397194900199,
          0.0239862524170485,
          0.02274519064168724,
          0.018887494106891563,
          0.016337034385494498
        ],
        "n_cols_sampled": 300
      }
    },
    {
      "split": 1,
      "fisher_score": 0.008173065918326826,
      "fisher_score_U": 0.008173065918326826,
      "between_class_variance": 0.0009455870845807991,
      "within_class_variance": 0.11569551671673997,
      "per_feature_U_stats": {
        "mean": 0.000259391958680558,
        "std": 0.00013075058010124228,
        "max": 0.0009523554611325925,
        "top5": [
          0.0009523554611325925,
          0.0008047046530834689,
          0.0007958692408169963,
          0.0007885231056004459,
          0.000762613350975799
        ]
      },
      "note": "Computed on training set only to prevent data leakage",
      "fisher_score_X_diffused": 0.05759384497688162,
      "between_class_variance_X": 0.056984415642380534,
      "within_class_variance_X": 0.9894184988908847,
      "per_feature_X_stats": {
        "mean": 0.004811849884673442,
        "std": 0.0038424406490554248,
        "max": 0.03851750291658094,
        "top5": [
          0.03851750291658094,
          0.024221472821119604,
          0.021327952849858008,
          0.018003961393629076,
          0.01774686930010727
        ],
        "n_cols_sampled": 300
      }
    },
    {
      "split": 2,
      "fisher_score": 0.008159540129545192,
      "fisher_score_U": 0.008159540129545192,
      "between_class_variance": 0.0009175224635670779,
      "within_class_variance": 0.11244781556313273,
      "per_feature_U_stats": {
        "mean": 0.0002698491906176724,
        "std": 0.00012114019629596048,
        "max": 0.001115587025320437,
        "top5": [
          0.001115587025320437,
          0.0009029972903232262,
          0.000827050908268138,
          0.0007382266447785273,
          0.0006607341526202541
        ]
      },
      "note": "Computed on training set only to prevent data leakage",
      "fisher_score_X_diffused": 0.06030161086219755,
      "between_class_variance_X": 0.058639139687790255,
      "within_class_variance_X": 0.9724307335967126,
      "per_feature_X_stats": {
        "mean": 0.004878190019631374,
        "std": 0.003916762954040085,
        "max": 0.040680871063855664,
        "top5": [
          0.040680871063855664,
          0.024336597435633354,
          0.022216226907926278,
          0.018345217593312594,
          0.01694832934716326
        ],
        "n_cols_sampled": 300
      }
    },
    {
      "split": 3,
      "fisher_score": 0.008257815971020136,
      "fisher_score_U": 0.008257815971020136,
      "between_class_variance": 0.000937481330771155,
      "within_class_variance": 0.11352654673598188,
      "per_feature_U_stats": {
        "mean": 0.0002667040991528955,
        "std": 0.00014339244345485161,
        "max": 0.001190834387416359,
        "top5": [
          0.001190834387416359,
          0.0010061666654944113,
          0.0009464560952932604,
          0.000788022041560761,
          0.0007730395789470551
        ]
      },
      "note": "Computed on training set only to prevent data leakage",
      "fisher_score_X_diffused": 0.057472204875627105,
      "between_class_variance_X": 0.05774962900301189,
      "within_class_variance_X": 1.0048271008217824,
      "per_feature_X_stats": {
        "mean": 0.0048163370758133,
        "std": 0.0038458399966386017,
        "max": 0.03884311466627082,
        "top5": [
          0.03884311466627082,
          0.023610206588902064,
          0.021287697775712128,
          0.018300579028268583,
          0.017816699206857592
        ],
        "n_cols_sampled": 300
      }
    },
    {
      "split": 4,
      "fisher_score": 0.007798260640691945,
      "fisher_score_U": 0.007798260640691945,
      "between_class_variance": 0.0008927769532807791,
      "within_class_variance": 0.11448411311391644,
      "per_feature_U_stats": {
        "mean": 0.00023765123420090137,
        "std": 0.00011479928010266334,
        "max": 0.0010622161235801177,
        "top5": [
          0.0010622161235801177,
          0.0007744267505348795,
          0.0007082331579634003,
          0.000619540766739656,
          0.0006142799845538134
        ]
      },
      "note": "Computed on training set only to prevent data leakage",
      "fisher_score_X_diffused": 0.0564547442082719,
      "between_class_variance_X": 0.05521094091500376,
      "within_class_variance_X": 0.9779681351724928,
      "per_feature_X_stats": {
        "mean": 0.004769928686412223,
        "std": 0.0037816714719355908,
        "max": 0.03813254210421142,
        "top5": [
          0.03813254210421142,
          0.024223311649028748,
          0.021028425601034153,
          0.017349064985406303,
          0.017303359823977345
        ],
        "n_cols_sampled": 300
      }
    }
  ],
  "note": "Fisher score computed on training set only (no leakage)"
}