{
  "dataset": "coauthor-cs",
  "k": 4,
  "split_type": "fixed",
  "component_type": "lcc",
  "num_seeds": 15,
  "num_splits": 1,
  "total_runs_per_method": 15,
  "metadata": {
    "d_effective": 6803,
    "ortho_error": 9.064301975669764e-09,
    "num_components": 0,
    "num_nodes": 18333,
    "num_features": 6805,
    "num_classes": 15
  },
  "experiments": {
    "sgc_mlp_baseline": {
      "test_acc_mean": 0.9295528531074524,
      "test_acc_std": 0.002622143927978755,
      "val_acc_mean": 0.9223313530286154,
      "val_acc_std": 0.0015919992752286443,
      "per_run_test_acc": [
        0.9332060813903809,
        0.9307523965835571,
        0.9280261397361755,
        0.9307523965835571,
        0.9362049698829651,
        0.9288440346717834,
        0.9291166663169861,
        0.9291166663169861,
        0.9299345016479492,
        0.9302071332931519,
        0.9250272512435913,
        0.9255724549293518,
        0.9280261397361755,
        0.9291166663169861,
        0.9293892979621887
      ],
      "n_runs": 15,
      "train_acc_mean": 0.9766342202822368,
      "train_acc_std": 0.011710674274614094,
      "num_params": 1811983,
      "param_to_train_ratio": 164.74070370033638
    },
    "restricted_standard_mlp": {
      "test_acc_mean": 0.8127589702606202,
      "test_acc_std": 0.014075349641794355,
      "val_acc_mean": 0.8059283653895061,
      "val_acc_std": 0.013797540976431813,
      "per_run_test_acc": [
        0.8121591806411743,
        0.7908942103385925,
        0.8088876605033875,
        0.8197927474975586,
        0.8140676021575928,
        0.8263358473777771,
        0.8107960224151611,
        0.8260632157325745,
        0.7955288887023926,
        0.8189749121665955,
        0.8219738006591797,
        0.8285168409347534,
        0.7769901752471924,
        0.8214285373687744,
        0.8189749121665955
      ],
      "n_runs": 15,
      "train_acc_mean": 0.9985453009605407,
      "train_acc_std": 0.0006932047104913085,
      "num_params": 1811471,
      "param_to_train_ratio": 164.69415401400127
    },
    "restricted_rownorm_mlp": {
      "test_acc_mean": 0.8142129818598429,
      "test_acc_std": 0.012459173487074428,
      "val_acc_mean": 0.8101836840311686,
      "val_acc_std": 0.011888336114812622,
      "per_run_test_acc": [
        0.8331515192985535,
        0.79989093542099,
        0.8017992973327637,
        0.8140676021575928,
        0.8238821625709534,
        0.8356052041053772,
        0.7993456721305847,
        0.828789472579956,
        0.8083423972129822,
        0.8159759640693665,
        0.8227916955947876,
        0.7985277771949768,
        0.8050708770751953,
        0.8034350872039795,
        0.822519063949585
      ],
      "n_runs": 15,
      "train_acc_mean": 0.9537775993347168,
      "train_acc_std": 0.03165924505925473,
      "num_params": 1810944,
      "param_to_train_ratio": 164.6462405673243
    }
  },
  "framework_analysis": {
    "sgc_mlp_acc_pct": 92.95528531074524,
    "restricted_std_acc_pct": 81.27589702606201,
    "restricted_rownorm_acc_pct": 81.4212981859843,
    "part_a_pp": 11.679388284683228,
    "part_b_pp": 0.14540115992228664,
    "remaining_gap_pp": 11.533987124760941
  }
}