{
  "raw_norms": {
    "min": 0.02292218990623951,
    "max": 0.07981617748737335,
    "mean": 0.035732854157686234,
    "std": 0.0010683878790587187,
    "median": 0.03560252860188484,
    "cv": 0.029899315908551216
  },
  "log_norms": {
    "min": -3.7756495475769043,
    "max": -2.528028964996338,
    "mean": -3.332094192504883,
    "std": 0.028124812990427017,
    "median": -3.3353383541107178
  }
}