{
  "dataset": "amazon-computers",
  "k": 8,
  "num_splits": 5,
  "num_seeds": 5,
  "total_runs": 25,
  "precompute_time": 1.6029016971588135,
  "sgc_baseline": {
    "test_acc_mean": 0.7749473261833191,
    "test_acc_std": 0.008120603864497764,
    "val_acc_mean": 0.7798690724372864,
    "val_acc_std": 0.004045203764740092,
    "train_time_mean": 0.12996679306030273,
    "train_time_std": 0.006039616910002378
  },
  "rownorm_mlp": {
    "test_acc_mean": 0.8772955632209778,
    "test_acc_std": 0.006400219669217116,
    "val_acc_mean": 0.8893672513961792,
    "val_acc_std": 0.005822071091477381,
    "train_time_mean": 0.34771717071533204,
    "train_time_std": 0.02233911817692537
  },
  "improvement": {
    "absolute_pp": 10.234823703765873,
    "relative_percent": 13.207121771970275
  }
}