{
  "dataset": "pubmed",
  "split_type": "fixed",
  "component_type": "lcc",
  "num_components": 1,
  "k_diffusion": 2,
  "num_splits": 1,
  "num_seeds": 5,
  "total_runs": 5,
  "precompute_time": 0.13019776344299316,
  "metadata": {
    "d_restricted_std": 499,
    "ortho_error_std": 1.6129142466070334e-10,
    "d_full": 499,
    "ortho_error": 1.6129142466070334e-10
  },
  "results": {
    "sgc_baseline": {
      "val_acc_mean": 0.7708000183105469,
      "val_acc_std": 0.0024000128110414315,
      "test_acc_mean": 0.7704000353813172,
      "test_acc_std": 0.0032619104547429827,
      "train_time_mean": 0.29598250389099123,
      "train_time_std": 0.1434385153045376
    },
    "sgc_mlp_baseline": {
      "val_acc_mean": 0.7160000324249267,
      "val_acc_std": 0.009633272910895229,
      "test_acc_mean": 0.7152000308036804,
      "test_acc_std": 0.006368666209390176,
      "train_time_mean": 0.2826809883117676,
      "train_time_std": 0.060009364978655895
    },
    "restricted_standard_mlp": {
      "val_acc_mean": 0.5052000284194946,
      "val_acc_std": 0.0041182580865704085,
      "test_acc_mean": 0.4622000217437744,
      "test_acc_std": 0.005946429726577376,
      "train_time_mean": 0.2414414405822754,
      "train_time_std": 0.04562641787967623
    },
    "full_rownorm_mlp": {
      "val_acc_mean": 0.584000027179718,
      "val_acc_std": 0.008099381444424722,
      "test_acc_mean": 0.5480000138282776,
      "test_acc_std": 0.01761816077680275,
      "train_time_mean": 0.40259699821472167,
      "train_time_std": 0.1044762214763429
    },
    "jl_binary_nc": {
      "val_acc_mean": 0.37320001125335694,
      "val_acc_std": 0.00765244896030618,
      "test_acc_mean": 0.3686000227928162,
      "test_acc_std": 0.009308055808548946,
      "train_time_mean": 0.23645319938659667,
      "train_time_std": 0.03789451550323601
    },
    "jl_binary_2nc": {
      "val_acc_mean": 0.3756000161170959,
      "val_acc_std": 0.012289827063197596,
      "test_acc_mean": 0.3500000238418579,
      "test_acc_std": 0.01056409121383939,
      "train_time_mean": 0.3794568538665771,
      "train_time_std": 0.09301679340757282
    },
    "jl_binary_4nc": {
      "val_acc_mean": 0.4044000208377838,
      "val_acc_std": 0.010983625594688158,
      "test_acc_mean": 0.4036000192165375,
      "test_acc_std": 0.013558764041064134,
      "train_time_mean": 0.3638909339904785,
      "train_time_std": 0.06479302570502257
    },
    "jl_ortho_nc": {
      "val_acc_mean": 0.34960001707077026,
      "val_acc_std": 0.007939768066770636,
      "test_acc_mean": 0.36200002431869505,
      "test_acc_std": 0.01734358989744834,
      "train_time_mean": 0.31571364402770996,
      "train_time_std": 0.06129164465717885
    },
    "jl_ortho_2nc": {
      "val_acc_mean": 0.3928000211715698,
      "val_acc_std": 0.015471262676194076,
      "test_acc_mean": 0.39080001711845397,
      "test_acc_std": 0.010399994712610258,
      "train_time_mean": 0.5481409072875977,
      "train_time_std": 0.13193664058859902
    },
    "jl_ortho_4nc": {
      "val_acc_mean": 0.3716000199317932,
      "val_acc_std": 0.01449966268344893,
      "test_acc_mean": 0.3404000163078308,
      "test_acc_std": 0.02075187043549782,
      "train_time_mean": 0.32683777809143066,
      "train_time_std": 0.030451695548437574
    }
  },
  "improvements": {
    "restricted_standard_mlp": {
      "vs_sgc": -30.82000136375428,
      "vs_sgc_mlp": -25.300000905990604
    },
    "full_rownorm_mlp": {
      "vs_sgc": -22.240002155303962,
      "vs_sgc_mlp": -16.720001697540287
    },
    "jl_binary_nc": {
      "vs_sgc": -40.1800012588501,
      "vs_sgc_mlp": -34.660000801086426
    },
    "jl_binary_2nc": {
      "vs_sgc": -42.04000115394593,
      "vs_sgc_mlp": -36.52000069618225
    },
    "jl_binary_4nc": {
      "vs_sgc": -36.680001616477966,
      "vs_sgc_mlp": -31.160001158714294
    },
    "jl_ortho_nc": {
      "vs_sgc": -40.840001106262214,
      "vs_sgc_mlp": -35.32000064849854
    },
    "jl_ortho_2nc": {
      "vs_sgc": -37.96000182628632,
      "vs_sgc_mlp": -32.440001368522644
    },
    "jl_ortho_4nc": {
      "vs_sgc": -43.00000190734864,
      "vs_sgc_mlp": -37.48000144958497
    }
  },
  "parameter_counts": {
    "sgc_baseline": 1500,
    "sgc_mlp_baseline": 194304,
    "restricted_standard_mlp": 194048,
    "full_rownorm_mlp": 194048,
    "jl_binary_nc": 67072,
    "jl_ortho_nc": 67072,
    "jl_binary_2nc": 67840,
    "jl_ortho_2nc": 67840,
    "jl_binary_4nc": 69376,
    "jl_ortho_4nc": 69376
  }
}