{
  "dataset": "amazon-photo",
  "split_type": "fixed",
  "component_type": "lcc",
  "num_components": 1,
  "k_diffusion": 2,
  "num_splits": 1,
  "num_seeds": 5,
  "total_runs": 5,
  "precompute_time": 0.1768951416015625,
  "metadata": {
    "d_restricted_std": 744,
    "ortho_error_std": 7.572118487786383e-10,
    "d_full": 744,
    "ortho_error": 7.572118487786383e-10
  },
  "results": {
    "sgc_baseline": {
      "val_acc_mean": 0.9449198126792908,
      "val_acc_std": 0.0006816879636108085,
      "test_acc_mean": 0.9376085877418519,
      "test_acc_std": 0.0009061328315143981,
      "train_time_mean": 0.2309351921081543,
      "train_time_std": 0.13445651648832307
    },
    "sgc_mlp_baseline": {
      "val_acc_mean": 0.952540111541748,
      "val_acc_std": 0.0004227562289369926,
      "test_acc_mean": 0.9474950313568116,
      "test_acc_std": 0.0016143035036638683,
      "train_time_mean": 0.3209132194519043,
      "train_time_std": 0.02991823646463393
    },
    "restricted_standard_mlp": {
      "val_acc_mean": 0.8929144620895386,
      "val_acc_std": 0.0027528331198607855,
      "test_acc_mean": 0.8797595500946045,
      "test_acc_std": 0.00405230598335208,
      "train_time_mean": 0.274668550491333,
      "train_time_std": 0.09546762736292749
    },
    "full_rownorm_mlp": {
      "val_acc_mean": 0.9141711354255676,
      "val_acc_std": 0.0014398934636622794,
      "test_acc_mean": 0.8999332427978516,
      "test_acc_std": 0.002367410402999344,
      "train_time_mean": 0.3949758529663086,
      "train_time_std": 0.060790891987014976
    },
    "jl_binary_nc": {
      "val_acc_mean": 0.41216578483581545,
      "val_acc_std": 0.0039342131189715685,
      "test_acc_mean": 0.3926519870758057,
      "test_acc_std": 0.007162287100404763,
      "train_time_mean": 0.3652797222137451,
      "train_time_std": 0.019316182847978633
    },
    "jl_binary_2nc": {
      "val_acc_mean": 0.5414438605308532,
      "val_acc_std": 0.008273667184481042,
      "test_acc_mean": 0.5209084987640381,
      "test_acc_std": 0.004538497293304469,
      "train_time_mean": 0.3602889060974121,
      "train_time_std": 0.07716620386952956
    },
    "jl_binary_4nc": {
      "val_acc_mean": 0.6360962748527527,
      "val_acc_std": 0.003979369461003826,
      "test_acc_mean": 0.616032087802887,
      "test_acc_std": 0.007975858723999939,
      "train_time_mean": 0.3019109725952148,
      "train_time_std": 0.03742034066974439
    },
    "jl_ortho_nc": {
      "val_acc_mean": 0.41631016731262205,
      "val_acc_std": 0.005818203357112287,
      "test_acc_mean": 0.40320643186569216,
      "test_acc_std": 0.005453130786076635,
      "train_time_mean": 0.35953445434570314,
      "train_time_std": 0.01016285194880979
    },
    "jl_ortho_2nc": {
      "val_acc_mean": 0.508155083656311,
      "val_acc_std": 0.0022129711653758872,
      "test_acc_mean": 0.4977956056594849,
      "test_acc_std": 0.0076327851080104335,
      "train_time_mean": 0.3233820915222168,
      "train_time_std": 0.06798160554738195
    },
    "jl_ortho_4nc": {
      "val_acc_mean": 0.6176470637321472,
      "val_acc_std": 0.004801664089047349,
      "test_acc_mean": 0.6110888600349427,
      "test_acc_std": 0.0066317600408410775,
      "train_time_mean": 0.2706614017486572,
      "train_time_std": 0.01407726671992547
    }
  },
  "improvements": {
    "restricted_standard_mlp": {
      "vs_sgc": -5.784903764724736,
      "vs_sgc_mlp": -6.773548126220708
    },
    "full_rownorm_mlp": {
      "vs_sgc": -3.7675344944000266,
      "vs_sgc_mlp": -4.756178855895998
    },
    "jl_binary_nc": {
      "vs_sgc": -54.49566006660462,
      "vs_sgc_mlp": -55.48430442810059
    },
    "jl_binary_2nc": {
      "vs_sgc": -41.67000889778137,
      "vs_sgc_mlp": -42.658653259277344
    },
    "jl_binary_4nc": {
      "vs_sgc": -32.157649993896484,
      "vs_sgc_mlp": -33.146294355392456
    },
    "jl_ortho_nc": {
      "vs_sgc": -53.44021558761597,
      "vs_sgc_mlp": -54.42885994911194
    },
    "jl_ortho_2nc": {
      "vs_sgc": -43.981298208236694,
      "vs_sgc_mlp": -44.969942569732666
    },
    "jl_ortho_4nc": {
      "vs_sgc": -32.65197277069092,
      "vs_sgc_mlp": -33.64061713218689
    }
  },
  "parameter_counts": {
    "sgc_baseline": 5960,
    "sgc_mlp_baseline": 258304,
    "restricted_standard_mlp": 258048,
    "full_rownorm_mlp": 258048,
    "jl_binary_nc": 69632,
    "jl_ortho_nc": 69632,
    "jl_binary_2nc": 71680,
    "jl_ortho_2nc": 71680,
    "jl_binary_4nc": 75776,
    "jl_ortho_4nc": 75776
  }
}