{
  "fisher_score": 0.10322644194640287,
  "std_fisher_score": 0.00429870724727342,
  "per_split": [
    {
      "split": 0,
      "fisher_score": 0.10070727573129419,
      "fisher_score_U": 0.10070727573129419,
      "between_class_variance": 0.00027629093836271316,
      "within_class_variance": 0.0027435052368997544,
      "per_feature_U_stats": {
        "mean": 0.06423455533052805,
        "std": 0.21020465074896788,
        "max": 4.457992036493588,
        "top5": [
          4.457992036493588,
          2.516271014395663,
          1.7704478297340398,
          1.2178420571437931,
          1.2065973783197708
        ]
      },
      "note": "Computed on training set only to prevent data leakage",
      "fisher_score_X_diffused": 0.16325232141265295,
      "between_class_variance_X": 2.9096618488094297,
      "within_class_variance_X": 17.82309631882463,
      "per_feature_X_stats": {
        "mean": 0.324888873403608,
        "std": 0.22683209623496225,
        "max": 1.4293328399631848,
        "top5": [
          1.4293328399631848,
          1.3963638998458625,
          1.3470155442665184,
          1.2557183250297559,
          1.1607520235761324
        ],
        "n_cols_sampled": 500
      }
    },
    {
      "split": 1,
      "fisher_score": 0.10640403579251256,
      "fisher_score_U": 0.10640403579251256,
      "between_class_variance": 0.0002844504972586944,
      "within_class_variance": 0.0026733055296264486,
      "per_feature_U_stats": {
        "mean": 0.06558489345426367,
        "std": 0.20973278150293626,
        "max": 4.4037229858964375,
        "top5": [
          4.4037229858964375,
          2.5129986263535513,
          1.7962728754317276,
          1.2900052169479168,
          1.1008578880835889
        ]
      },
      "note": "Computed on training set only to prevent data leakage",
      "fisher_score_X_diffused": 0.15661015992199762,
      "between_class_variance_X": 3.14481181887353,
      "within_class_variance_X": 20.080509594268072,
      "per_feature_X_stats": {
        "mean": 0.31026163354710073,
        "std": 0.21871990218913426,
        "max": 1.4142760067199869,
        "top5": [
          1.4142760067199869,
          1.353571820475186,
          1.2868881417282196,
          1.232593408436187,
          1.139158885614191
        ],
        "n_cols_sampled": 500
      }
    },
    {
      "split": 2,
      "fisher_score": 0.10872395119260098,
      "fisher_score_U": 0.10872395119260098,
      "between_class_variance": 0.0002979662092265877,
      "within_class_variance": 0.0027405756133600237,
      "per_feature_U_stats": {
        "mean": 0.06679003211605399,
        "std": 0.22309663208644512,
        "max": 4.779741137812084,
        "top5": [
          4.779741137812084,
          2.658346446966621,
          1.7941043411712991,
          1.3440970011444393,
          1.2364613963096334
        ]
      },
      "note": "Computed on training set only to prevent data leakage",
      "fisher_score_X_diffused": 0.158171091498039,
      "between_class_variance_X": 2.921108557284484,
      "within_class_variance_X": 18.468030596606837,
      "per_feature_X_stats": {
        "mean": 0.31883950462618316,
        "std": 0.2266043811855569,
        "max": 1.3910226146339522,
        "top5": [
          1.3910226146339522,
          1.3897477514691354,
          1.3121813576501922,
          1.2400279026607486,
          1.188292182887715
        ],
        "n_cols_sampled": 500
      }
    },
    {
      "split": 3,
      "fisher_score": 0.09648918863309335,
      "fisher_score_U": 0.09648918863309335,
      "between_class_variance": 0.0002676133204528654,
      "within_class_variance": 0.002773505760013001,
      "per_feature_U_stats": {
        "mean": 0.06336134863896903,
        "std": 0.21455272634424466,
        "max": 4.707754281475025,
        "top5": [
          4.707754281475025,
          2.415286072645831,
          1.738764942902461,
          1.1935861519297217,
          1.1263105069754473
        ]
      },
      "note": "Computed on training set only to prevent data leakage",
      "fisher_score_X_diffused": 0.1550790143511254,
      "between_class_variance_X": 2.9353615289941772,
      "within_class_variance_X": 18.928167304107422,
      "per_feature_X_stats": {
        "mean": 0.3086081342656162,
        "std": 0.21535325373656258,
        "max": 1.3578405617022828,
        "top5": [
          1.3578405617022828,
          1.3366339280969404,
          1.2949530933691094,
          1.1818562032781175,
          1.1248713984916323
        ],
        "n_cols_sampled": 500
      }
    },
    {
      "split": 4,
      "fisher_score": 0.10380775838251327,
      "fisher_score_U": 0.10380775838251327,
      "between_class_variance": 0.0002718546435424129,
      "within_class_variance": 0.002618827800333348,
      "per_feature_U_stats": {
        "mean": 0.06630827206889825,
        "std": 0.23693421716080365,
        "max": 5.430321342216699,
        "top5": [
          5.430321342216699,
          2.4324028485010474,
          1.7013260941979327,
          1.306942469111912,
          1.125423339235029
        ]
      },
      "note": "Computed on training set only to prevent data leakage",
      "fisher_score_X_diffused": 0.16554401619422993,
      "between_class_variance_X": 2.938977940621029,
      "within_class_variance_X": 17.753453179321063,
      "per_feature_X_stats": {
        "mean": 0.32462417796933934,
        "std": 0.2244937700297103,
        "max": 1.4534131798993968,
        "top5": [
          1.4534131798993968,
          1.3888418704983678,
          1.3602066630130318,
          1.1919800672470633,
          1.1806786808513177
        ],
        "n_cols_sampled": 500
      }
    }
  ],
  "note": "Fisher score computed on training set only (no leakage)"
}