{
  "fisher_score": 0.004807070267466094,
  "mean_fisher_score": 0.004931667003317004,
  "std_fisher_score": 0.00024268518851336572,
  "per_split": [
    {
      "split": 0,
      "fisher_score": 0.004807070267466094,
      "fisher_score_U": 0.004807070267466094,
      "between_class_variance": 0.0003051019294471576,
      "within_class_variance": 0.06346941327487254,
      "per_feature_U_stats": {
        "mean": 0.0001304690221674879,
        "std": 0.00021771436266922645,
        "max": 0.0032733433529063293,
        "top5": [
          0.0032733433529063293,
          0.0032275140585415166,
          0.002409833592528994,
          0.002212061338460627,
          0.001193298612261466
        ]
      },
      "note": "Computed on training set only to prevent data leakage",
      "fisher_score_X_diffused": 0.859345009571506,
      "between_class_variance_X": 3.2715606451696493,
      "within_class_variance_X": 3.8070397904573197,
      "per_feature_X_stats": {
        "mean": 0.060319381504501834,
        "std": 0.045084939469396686,
        "max": 0.2812800407574915,
        "top5": [
          0.2812800407574915,
          0.2680115692323327,
          0.2523814889606489,
          0.24807695617483524,
          0.24321638103072155
        ],
        "n_cols_sampled": 500
      }
    },
    {
      "split": 1,
      "fisher_score": 0.004781817766256586,
      "fisher_score_U": 0.004781817766256586,
      "between_class_variance": 0.00029665373601844326,
      "within_class_variance": 0.06203785893134875,
      "per_feature_U_stats": {
        "mean": 0.0001291430808025353,
        "std": 0.00022533438668159662,
        "max": 0.0034798291271245507,
        "top5": [
          0.0034798291271245507,
          0.0034665868606079376,
          0.0025107342196592063,
          0.0019017356284599365,
          0.0012904200391026684
        ]
      },
      "note": "Computed on training set only to prevent data leakage",
      "fisher_score_X_diffused": 0.8538458662376973,
      "between_class_variance_X": 3.4627866461103776,
      "within_class_variance_X": 4.055517257896277,
      "per_feature_X_stats": {
        "mean": 0.05962599890824189,
        "std": 0.04443564662418991,
        "max": 0.2761603250446053,
        "top5": [
          0.2761603250446053,
          0.26483454263930567,
          0.24792006725916368,
          0.24784581769677339,
          0.24604063405002244
        ],
        "n_cols_sampled": 500
      }
    },
    {
      "split": 2,
      "fisher_score": 0.005407214419599674,
      "fisher_score_U": 0.005407214419599674,
      "between_class_variance": 0.00033588924540026,
      "within_class_variance": 0.06211872127407289,
      "per_feature_U_stats": {
        "mean": 0.00013847946355338448,
        "std": 0.00022128204375991244,
        "max": 0.003442209266269487,
        "top5": [
          0.003442209266269487,
          0.00329661095208669,
          0.0025557703995264737,
          0.0020872982688783263,
          0.0013074660602388185
        ]
      },
      "note": "Computed on training set only to prevent data leakage",
      "fisher_score_X_diffused": 0.8481857303595588,
      "between_class_variance_X": 3.2915533809066204,
      "within_class_variance_X": 3.8806988411739503,
      "per_feature_X_stats": {
        "mean": 0.05972610814555793,
        "std": 0.045012764855295546,
        "max": 0.28629048332251994,
        "top5": [
          0.28629048332251994,
          0.2585660553694856,
          0.24698224140961228,
          0.24457970439365007,
          0.23193674613736304
        ],
        "n_cols_sampled": 500
      }
    },
    {
      "split": 3,
      "fisher_score": 0.004902303087959494,
      "fisher_score_U": 0.004902303087959494,
      "between_class_variance": 0.00030591666112499117,
      "within_class_variance": 0.06240264129656743,
      "per_feature_U_stats": {
        "mean": 0.00013145875825057633,
        "std": 0.0002215913489309472,
        "max": 0.0034635511584442643,
        "top5": [
          0.0034635511584442643,
          0.003404354034318471,
          0.0026676764468308942,
          0.001697408114076623,
          0.0011574945993783456
        ]
      },
      "note": "Computed on training set only to prevent data leakage",
      "fisher_score_X_diffused": 0.8335072510249246,
      "between_class_variance_X": 3.2836717946053104,
      "within_class_variance_X": 3.9395839575091087,
      "per_feature_X_stats": {
        "mean": 0.05830941660390357,
        "std": 0.04328484088092281,
        "max": 0.27262434592924295,
        "top5": [
          0.27262434592924295,
          0.25690062773736716,
          0.2435938662749673,
          0.2367562394909794,
          0.22888789037040075
        ],
        "n_cols_sampled": 500
      }
    },
    {
      "split": 4,
      "fisher_score": 0.0047599294753031705,
      "fisher_score_U": 0.0047599294753031705,
      "between_class_variance": 0.00029215279686062886,
      "within_class_variance": 0.06137754737259442,
      "per_feature_U_stats": {
        "mean": 0.00012997971238863572,
        "std": 0.00022055002787677914,
        "max": 0.0034117953957613226,
        "top5": [
          0.0034117953957613226,
          0.0032861743973681802,
          0.002586227612352065,
          0.0018843248009483523,
          0.0012633055189164794
        ]
      },
      "note": "Computed on training set only to prevent data leakage",
      "fisher_score_X_diffused": 0.8612845595768902,
      "between_class_variance_X": 3.2727869898541213,
      "within_class_variance_X": 3.7998904699532665,
      "per_feature_X_stats": {
        "mean": 0.05976079066145138,
        "std": 0.044390878774574725,
        "max": 0.2832395085330448,
        "top5": [
          0.2832395085330448,
          0.2605943100668332,
          0.25241885874323683,
          0.24769936135415813,
          0.2343582524033873
        ],
        "n_cols_sampled": 500
      }
    }
  ],
  "note": "Fisher score computed on training set only (no leakage)"
}