{
  "fisher_score": 0.0022263286893651245,
  "mean_fisher_score": 0.0022050577489956917,
  "std_fisher_score": 0.00017324197200602195,
  "per_split": [
    {
      "split": 0,
      "fisher_score": 0.0022263286893651245,
      "fisher_score_U": 0.0022263286893651245,
      "between_class_variance": 0.0002186915930064053,
      "within_class_variance": 0.09822969719209292,
      "per_feature_U_stats": {
        "mean": 0.0003743033415731705,
        "std": 0.0003399922381243926,
        "max": 0.0025287385375180817,
        "top5": [
          0.0025287385375180817,
          0.002404544555657967,
          0.002349868789890622,
          0.0023040507180246855,
          0.0022872066868902304
        ]
      },
      "note": "Computed on training set only to prevent data leakage",
      "fisher_score_X_diffused": 0.0449378005071267,
      "between_class_variance_X": 0.023575232962878872,
      "within_class_variance_X": 0.5246192002463509,
      "per_feature_X_stats": {
        "mean": 0.0019864504713520874,
        "std": 0.006111108076461381,
        "max": 0.1078595583498529,
        "top5": [
          0.1078595583498529,
          0.047283005235482345,
          0.029762868356875513,
          0.0259560688455907,
          0.025814411449619414
        ],
        "n_cols_sampled": 500
      }
    },
    {
      "split": 1,
      "fisher_score": 0.002112593227540174,
      "fisher_score_U": 0.002112593227540174,
      "between_class_variance": 0.0002073047022668914,
      "within_class_variance": 0.09812807291267774,
      "per_feature_U_stats": {
        "mean": 0.0003787551618546181,
        "std": 0.00036609612483059513,
        "max": 0.0028885681304232354,
        "top5": [
          0.0028885681304232354,
          0.00287428268529949,
          0.0028674971413681855,
          0.0028418853729652986,
          0.0027330395796305693
        ]
      },
      "note": "Computed on training set only to prevent data leakage",
      "fisher_score_X_diffused": 0.048898837538860526,
      "between_class_variance_X": 0.025403235813341047,
      "within_class_variance_X": 0.5195059247196372,
      "per_feature_X_stats": {
        "mean": 0.0019984327893169947,
        "std": 0.0063211909739851945,
        "max": 0.1114215608152927,
        "top5": [
          0.1114215608152927,
          0.050872921498783585,
          0.0316682071761297,
          0.026416931713469222,
          0.02453553362080639
        ],
        "n_cols_sampled": 500
      }
    },
    {
      "split": 2,
      "fisher_score": 0.00217873811266519,
      "fisher_score_U": 0.00217873811266519,
      "between_class_variance": 0.00021683034848155632,
      "within_class_variance": 0.09952107011903039,
      "per_feature_U_stats": {
        "mean": 0.00034296296995121243,
        "std": 0.00030791544139743593,
        "max": 0.0026121454381610215,
        "top5": [
          0.0026121454381610215,
          0.0020866986826852405,
          0.002068779858895981,
          0.0020096348018717315,
          0.0019969723690834752
        ]
      },
      "note": "Computed on training set only to prevent data leakage",
      "fisher_score_X_diffused": 0.04735509554175571,
      "between_class_variance_X": 0.0254572437561404,
      "within_class_variance_X": 0.5375819321004914,
      "per_feature_X_stats": {
        "mean": 0.0019031417013018008,
        "std": 0.005881978917246518,
        "max": 0.10441926658217884,
        "top5": [
          0.10441926658217884,
          0.043100258800609616,
          0.028184779713117992,
          0.028124614058330645,
          0.02415856471815683
        ],
        "n_cols_sampled": 500
      }
    },
    {
      "split": 3,
      "fisher_score": 0.0019934159834306014,
      "fisher_score_U": 0.0019934159834306014,
      "between_class_variance": 0.00019726465008867807,
      "within_class_variance": 0.09895809591593235,
      "per_feature_U_stats": {
        "mean": 0.00040321997529867257,
        "std": 0.0003612195430671333,
        "max": 0.002588547672946044,
        "top5": [
          0.002588547672946044,
          0.0025503154388723174,
          0.0024106517696877,
          0.00240707988855306,
          0.0021931910158787113
        ]
      },
      "note": "Computed on training set only to prevent data leakage",
      "fisher_score_X_diffused": 0.04704368518474622,
      "between_class_variance_X": 0.025143092932797553,
      "within_class_variance_X": 0.5344626560197739,
      "per_feature_X_stats": {
        "mean": 0.00210616002561869,
        "std": 0.0068175115157643705,
        "max": 0.12235678360712726,
        "top5": [
          0.12235678360712726,
          0.054128864480228314,
          0.032623362640050245,
          0.027387775090233622,
          0.027126120491541093
        ],
        "n_cols_sampled": 500
      }
    },
    {
      "split": 4,
      "fisher_score": 0.0025142127319773672,
      "fisher_score_U": 0.0025142127319773672,
      "between_class_variance": 0.00024818625623560073,
      "within_class_variance": 0.09871330817754959,
      "per_feature_U_stats": {
        "mean": 0.00037815264630620303,
        "std": 0.00036051782969035194,
        "max": 0.003024641968358389,
        "top5": [
          0.003024641968358389,
          0.003018798779843117,
          0.002927989466884687,
          0.002712843179021427,
          0.00270717918584379
        ]
      },
      "note": "Computed on training set only to prevent data leakage",
      "fisher_score_X_diffused": 0.045726009271368356,
      "between_class_variance_X": 0.024368032854848717,
      "within_class_variance_X": 0.5329140513932171,
      "per_feature_X_stats": {
        "mean": 0.0019731606227655274,
        "std": 0.006125048704238418,
        "max": 0.10772667936260967,
        "top5": [
          0.10772667936260967,
          0.049391468492343264,
          0.027676689929798222,
          0.026103312120470727,
          0.02539506162283086
        ],
        "n_cols_sampled": 500
      }
    }
  ],
  "note": "Fisher score computed on training set only (no leakage)"
}