{
  "dataset": "wikics",
  "k": 2,
  "num_splits": 5,
  "num_seeds": 5,
  "total_runs": 25,
  "precompute_time": 0.0505213737487793,
  "sgc_baseline": {
    "test_acc_mean": 0.7660145044326783,
    "test_acc_std": 0.002636791428107796,
    "val_acc_mean": 0.760017101764679,
    "val_acc_std": 0.006617265432759403,
    "train_time_mean": 0.03939173698425293,
    "train_time_std": 0.024700250855126556
  },
  "rownorm_variant": {
    "test_acc_mean": 0.7465356397628784,
    "test_acc_std": 0.011491297182733874,
    "val_acc_mean": 0.7466324853897095,
    "val_acc_std": 0.007861691266528548,
    "train_time_mean": 0.047019243240356445,
    "train_time_std": 0.014809440929286476
  },
  "improvement": {
    "absolute_pp": -1.9478864669799867,
    "relative_percent": -2.5428845742583195
  }
}