{
  "dataset": "pubmed",
  "k_diffusion": 4,
  "num_splits": 5,
  "num_seeds": 5,
  "total_runs": 25,
  "precompute_time": 0.7529749870300293,
  "metadata": {
    "k_full": 500,
    "k_nclasses": 3,
    "k_2nclasses": 6
  },
  "results": {
    "sgc_baseline": {
      "test_acc_mean": 0.7694218897819519,
      "test_acc_std": 0.00701412703437571,
      "val_acc_mean": 0.77533860206604,
      "val_acc_std": 0.008829169298506452,
      "train_time_mean": 0.25307306289672854,
      "train_time_std": 0.18209558280684152
    },
    "full_logistic": {
      "test_acc_mean": 0.8316227006912231,
      "test_acc_std": 0.005982019594018585,
      "val_acc_mean": 0.8340451693534852,
      "val_acc_std": 0.008502352684333307,
      "train_time_mean": 0.1948804187774658,
      "train_time_std": 0.13864799075634807
    },
    "full_mlp": {
      "test_acc_mean": 0.8278397369384766,
      "test_acc_std": 0.0063165993418132374,
      "val_acc_mean": 0.8488866686820984,
      "val_acc_std": 0.0049804849002029325,
      "train_time_mean": 0.38024779319763186,
      "train_time_std": 0.029503080800393995
    },
    "nclasses_logistic": {
      "test_acc_mean": 0.3533569896221161,
      "test_acc_std": 0.015224787115636363,
      "val_acc_mean": 0.37928482294082644,
      "val_acc_std": 0.016328192155615765,
      "train_time_mean": 0.13152950286865234,
      "train_time_std": 0.026421935999635132
    },
    "nclasses_mlp": {
      "test_acc_mean": 0.4660750377178192,
      "test_acc_std": 0.00989636573724143,
      "val_acc_mean": 0.4756987237930298,
      "val_acc_std": 0.004003387168800609,
      "train_time_mean": 0.4365737628936768,
      "train_time_std": 0.15980463589334415
    },
    "2nclasses_logistic": {
      "test_acc_mean": 0.3718559741973877,
      "test_acc_std": 0.010007729276301192,
      "val_acc_mean": 0.3835049593448639,
      "val_acc_std": 0.007547879812872976,
      "train_time_mean": 0.1217469596862793,
      "train_time_std": 0.024083085069058104
    },
    "2nclasses_mlp": {
      "test_acc_mean": 0.48497970461845397,
      "test_acc_std": 0.00663517148006603,
      "val_acc_mean": 0.4984529721736908,
      "val_acc_std": 0.00388948708110999,
      "train_time_mean": 0.4053062343597412,
      "train_time_std": 0.1545631463474767
    }
  },
  "improvements": {
    "full_logistic": 6.2200810909271205,
    "full_mlp": 5.841784715652465,
    "nclasses_logistic": -41.60649001598358,
    "nclasses_mlp": -30.33468520641327,
    "2nclasses_logistic": -39.75659155845642,
    "2nclasses_mlp": -28.444218516349796
  }
}