{
  "dataset": "cora",
  "split_type": "random",
  "component_type": "lcc",
  "num_components": 1,
  "k_diffusion": 6,
  "num_splits": 5,
  "num_seeds": 5,
  "total_runs": 25,
  "precompute_time": 0.11153364181518555,
  "metadata": {
    "k_full": 1426,
    "k_nclasses": 7,
    "k_2nclasses": 14
  },
  "results": {
    "sgc_baseline": {
      "test_acc_mean": 0.8713078069686889,
      "test_acc_std": 0.01121691099507242,
      "test_acc_min": 0.8531186580657959,
      "test_acc_max": 0.8893359899520874
    },
    "full_logistic": {
      "test_acc_mean": 0.7659557104110718,
      "test_acc_std": 0.018226479942488598,
      "test_acc_min": 0.7344064116477966,
      "test_acc_max": 0.7947685718536377
    },
    "full_mlp": {
      "test_acc_mean": 0.8206036019325257,
      "test_acc_std": 0.013233023807622393,
      "test_acc_min": 0.7987927198410034,
      "test_acc_max": 0.8430583477020264
    },
    "nclasses_logistic": {
      "test_acc_mean": 0.2319517034292221,
      "test_acc_std": 0.04047225474184389,
      "test_acc_min": 0.1428571343421936,
      "test_acc_max": 0.27766597270965576
    },
    "nclasses_mlp": {
      "test_acc_mean": 0.34865189671516417,
      "test_acc_std": 0.018436732229126188,
      "test_acc_min": 0.2917504906654358,
      "test_acc_max": 0.37826961278915405
    },
    "2nclasses_logistic": {
      "test_acc_mean": 0.2474849021434784,
      "test_acc_std": 0.02186410826475302,
      "test_acc_min": 0.20523138344287872,
      "test_acc_max": 0.28370219469070435
    },
    "2nclasses_mlp": {
      "test_acc_mean": 0.4248691987991333,
      "test_acc_std": 0.019161691654383337,
      "test_acc_min": 0.38832995295524597,
      "test_acc_max": 0.46881285309791565
    }
  },
  "improvements": {
    "full_logistic": -10.535209655761712,
    "full_mlp": -5.070420503616324,
    "nclasses_logistic": -63.93561035394668,
    "nclasses_mlp": -52.26559102535248,
    "2nclasses_logistic": -62.38229048252105,
    "2nclasses_mlp": -44.64386081695556
  }
}