{
  "dataset": "pubmed",
  "diffusion_type": "cmg",
  "k": 8,
  "num_seeds": 3,
  "num_splits": 3,
  "avg_diffusion_time": NaN,
  "results": {
    "a_raw_std": {
      "mean": 0.8334178328514099,
      "std": 0.0050878548135972305
    },
    "b_restricted_std": {
      "mean": 0.8187119430965848,
      "std": 0.0037689652759389704
    },
    "c_restricted_rownorm": {
      "mean": 0.8135846124755012,
      "std": 0.0037849484359623736
    }
  }
}