{
  "dataset": "cora",
  "diffusion_type": "standard",
  "k": 2,
  "num_seeds": 3,
  "num_splits": 3,
  "avg_diffusion_time": 0.03842663764953613,
  "results": {
    "a_raw_std": {
      "mean": 0.8547166056103177,
      "std": 0.009632583764557926
    },
    "b_restricted_std": {
      "mean": 0.6181706587473551,
      "std": 0.016433778380159615
    },
    "c_restricted_rownorm": {
      "mean": 0.8152240779664782,
      "std": 0.01479252066788885
    }
  }
}